4.85635 , 51.31037 , "BE Radar fixe BE 70"
5.50659 , 50.99912 , "BE Radar fixe BE 70"
3.26167 , 51.34061 , "BE Radar fixe BE 70"
4.21892 , 50.90043 , "BE Radar fixe BE 70"
4.14167 , 51.0825 , "BE Radar fixe BE 70"
4.76425 , 51.03508 , "BE Radar fixe BE 70"
4.83091 , 51.00023 , "BE Radar fixe BE 70"
4.46619 , 51.04949 , "BE Radar fixe BE 70"
4.0313 , 50.84479 , "BE Radar fixe BE 70"
5.26089 , 50.66104 , "BE Radar fixe BE 70"
4.67656 , 50.90976 , "BE Radar fixe BE 70"
3.21948 , 51.19867 , "BE Radar fixe BE 70"
4.43177 , 50.91316 , "BE Radar fixe BE 70"
4.57823 , 51.12341 , "BE Radar fixe BE 70"
3.21369 , 51.20945 , "BE Radar fixe BE 70"
5.44143 , 50.65368 , "BE Radar fixe BE 70"
3.00486 , 51.01959 , "BE Radar fixe BE 70"
3.49364 , 50.95502 , "BE Radar fixe BE 70"
5.09384 , 51.15387 , "BE Radar fixe BE 70"
4.98628 , 50.7979 , "BE Radar fixe BE 70"
4.18775 , 50.81202 , "BE Radar fixe BE 70"
4.94861 , 51.31 , "BE Radar fixe BE 70"
4.44699 , 50.82201 , "BE Radar fixe BE 70"
5.31378 , 51.22246 , "BE Radar fixe BE 70"
4.49747 , 51.25738 , "BE Radar fixe BE 70"
5.15106 , 51.15068 , "BE Radar fixe BE 70"
4.4483 , 50.9252 , "BE Radar fixe BE 70"
5.19369 , 50.81236 , "BE Radar fixe BE 70"
5.56483 , 51.19848 , "BE Radar fixe BE 70"
4.50753 , 51.30817 , "BE Radar fixe BE 70"
4.44591 , 51.21324 , "BE Radar fixe BE 70"
4.38479 , 50.75919 , "BE Radar fixe BE 70"
5.12306 , 51.20891 , "BE Radar fixe BE 70"
4.46313 , 50.87059 , "BE Radar fixe BE 70"
4.54997 , 51.14251 , "BE Radar fixe BE 70"
4.12609 , 50.91173 , "BE Radar fixe BE 70"
3.27493 , 51.2071 , "BE Radar fixe BE 70"
5.20531 , 51.1816 , "BE Radar fixe BE 70"
5.19755 , 50.81613 , "BE Radar fixe BE 70"
4.19323 , 50.83796 , "BE Radar fixe BE 70"
5.44833 , 50.92267 , "BE Radar fixe BE 70"
4.46313 , 50.87062 , "BE Radar fixe BE 70"
3.61911 , 51.10699 , "BE Radar fixe BE 70"
5.42496 , 51.21483 , "BE Radar fixe BE 70"
3.21968 , 51.19867 , "BE Radar fixe BE 70"
5.41022 , 51.12909 , "BE Radar fixe BE 70"
3.67047 , 51.01787 , "BE Radar fixe BE 70"
4.99985 , 51.11311 , "BE Radar fixe BE 70"
3.80634 , 50.89533 , "BE Radar fixe BE 70"
4.43075 , 51.18343 , "BE Radar fixe BE 70"
4.86896 , 51.11036 , "BE Radar fixe BE 70"
6.07925 , 50.68677 , "BE Radar fixe BE 70"
3.83349 , 50.8865 , "BE Radar fixe BE 70"
5.56583 , 51.19737 , "BE Radar fixe BE 70"
4.47561 , 51.0124 , "BE Radar fixe BE 70"
5.12691 , 51.23853 , "BE Radar fixe BE 70"
4.25764 , 50.89091 , "BE Radar fixe BE 70"
5.46805 , 50.93215 , "BE Radar fixe BE 70"
5.31381 , 51.22241 , "BE Radar fixe BE 70"
5.50859 , 51.00289 , "BE Radar fixe BE 70"
5.51014 , 51.13602 , "BE Radar fixe BE 70"
5.06311 , 51.09157 , "BE Radar fixe BE 70"
4.43273 , 50.8966 , "BE Radar fixe BE 70"
4.96052 , 50.76776 , "BE Radar fixe BE 70"
4.47409 , 51.02199 , "BE Radar fixe BE 70"
5.45053 , 49.69131 , "BE Radar fixe BE 70"
5.50647 , 50.99915 , "BE Radar fixe BE 70"
4.09902 , 50.83226 , "BE Radar fixe BE 70"
3.85382 , 50.97992 , "BE Radar fixe BE 70"
3.15449 , 51.32135 , "BE Radar fixe BE 70"
4.251 , 50.89243 , "BE Radar fixe BE 70"
4.4765 , 50.81965 , "BE Radar fixe BE 70"
4.42025 , 51.2413 , "BE Radar fixe BE 70"
5.01104 , 51.13226 , "BE Radar fixe BE 70"
4.67911 , 50.90087 , "BE Radar fixe BE 70"
5.36482 , 51.15634 , "BE Radar fixe BE 70"
4.90968 , 51.14084 , "BE Radar fixe BE 70"
3.97315 , 51.09875 , "BE Radar fixe BE 70"
4.94188 , 51.14041 , "BE Radar fixe BE 70"
5.36303 , 50.97507 , "BE Radar fixe BE 70"
4.48307 , 51.02065 , "BE Radar fixe BE 70"
5.34189 , 50.93972 , "BE Radar fixe BE 70"
4.98448 , 51.18217 , "BE Radar fixe BE 70"
4.48322 , 51.03316 , "BE Radar fixe BE 70"
4.96486 , 51.16464 , "BE Radar fixe BE 70"
4.88223 , 51.06162 , "BE Radar fixe BE 70"
4.8303 , 51.00028 , "BE Radar fixe BE 70"
3.26171 , 51.34062 , "BE Radar fixe BE 70"
3.56778 , 50.81528 , "BE Radar fixe BE 70"
3.70111 , 51.00877 , "BE Radar fixe BE 70"
4.84765 , 51.158 , "BE Radar fixe BE 70"
3.37039 , 50.79546 , "BE Radar fixe BE 70"
5.44847 , 50.92264 , "BE Radar fixe BE 70"
4.45506 , 50.91436 , "BE Radar fixe BE 70"
4.26639 , 50.77306 , "BE Radar fixe BE 70"
5.19145 , 50.81015 , "BE Radar fixe BE 70"
3.30331 , 50.77895 , "BE Radar fixe BE 70"
4.16234 , 50.95221 , "BE Radar fixe BE 70"
3.97167 , 51.10973 , "BE Radar fixe BE 70"
3.03948 , 51.02203 , "BE Radar fixe BE 70"
4.43001 , 50.91024 , "BE Radar fixe BE 70"
4.67846 , 50.86766 , "BE Radar fixe BE 70"
4.42024 , 51.24432 , "BE Radar fixe BE 70"
4.95864 , 51.16433 , "BE Radar fixe BE 70"
5.54004 , 50.98615 , "BE Radar fixe BE 70"
3.5979 , 51.15481 , "BE Radar fixe BE 70"
5.26373 , 50.57261 , "BE Radar fixe BE 70"
4.41947 , 51.26098 , "BE Radar fixe BE 70"
4.18354 , 51.17216 , "BE Radar fixe BE 70"
4.46974 , 50.872 , "BE Radar fixe BE 70"
4.41927 , 51.261 , "BE Radar fixe BE 70"
4.14509 , 50.83499 , "BE Radar fixe BE 70"
5.44144 , 50.65368 , "BE Radar fixe BE 70"
5.34709 , 50.91639 , "BE Radar fixe BE 70"
3.71442 , 51.10096 , "BE Radar fixe BE 70"
4.48731 , 51.2409 , "BE Radar fixe BE 70"
3.81508 , 50.95285 , "BE Radar fixe BE 70"
4.03307 , 50.95577 , "BE Radar fixe BE 70"
4.95222 , 51.31278 , "BE Radar fixe BE 70"
4.86965 , 51.10496 , "BE Radar fixe BE 70"
4.14552 , 51.0873 , "BE Radar fixe BE 70"
3.23819 , 51.21686 , "BE Radar fixe BE 70"
3.79434 , 51.08366 , "BE Radar fixe BE 70"
4.96205 , 51.14775 , "BE Radar fixe BE 70"
5.02058 , 51.42901 , "BE Radar fixe BE 70"
4.94746 , 50.80297 , "BE Radar fixe BE 70"
3.59908 , 51.15409 , "BE Radar fixe BE 70"
5.31645 , 50.93654 , "BE Radar fixe BE 70"
5.69571 , 50.96377 , "BE Radar fixe BE 70"
4.12873 , 51.03166 , "BE Radar fixe BE 70"
4.96055 , 51.31663 , "BE Radar fixe BE 70"
4.43367 , 50.89658 , "BE Radar fixe BE 70"
4.46275 , 50.87035 , "BE Radar fixe BE 70"
2.71398 , 51.13393 , "BE Radar fixe BE 70"
5.14737 , 50.54336 , "BE Radar fixe BE 70"
5.062 , 50.5819 , "BE Radar fixe BE 70"
4.94881 , 51.31008 , "BE Radar fixe BE 70"
3.23378 , 51.22207 , "BE Radar fixe BE 70"
3.19818 , 51.24189 , "BE Radar fixe BE 70"
4.43715 , 50.89567 , "BE Radar fixe BE 70"
4.14144 , 51.08202 , "BE Radar fixe BE 70"
4.46316 , 51.04798 , "BE Radar fixe BE 70"
4.83866 , 51.00978 , "BE Radar fixe BE 70"
4.84227 , 50.98691 , "BE Radar fixe BE 70"
3.67897 , 51.07752 , "BE Radar fixe BE 70"
3.32564 , 50.86402 , "BE Radar fixe BE 70"
4.42751 , 51.19468 , "BE Radar fixe BE 70"
4.93786 , 50.81297 , "BE Radar fixe BE 70"
4.33507 , 50.92989 , "BE Radar fixe BE 70"
4.4204 , 51.25438 , "BE Radar fixe BE 70"
4.50594 , 51.23757 , "BE Radar fixe BE 70"
5.19178 , 50.81046 , "BE Radar fixe BE 70"
3.8335 , 50.88647 , "BE Radar fixe BE 70"
4.44327 , 51.22973 , "BE Radar fixe BE 70"
4.27493 , 50.78331 , "BE Radar fixe BE 70"
5.36488 , 51.15634 , "BE Radar fixe BE 70"
3.31055 , 51.31468 , "BE Radar fixe BE 70"
4.52686 , 50.75487 , "BE Radar fixe BE 70"
4.44024 , 51.20796 , "BE Radar fixe BE 70"
4.08395 , 50.83125 , "BE Radar fixe BE 70"
5.64257 , 50.89807 , "BE Radar fixe BE 70"
3.24152 , 51.21141 , "BE Radar fixe BE 70"
2.96825 , 50.92059 , "BE Radar fixe BE 70"
5.02058 , 51.42898 , "BE Radar fixe BE 70"
3.97088 , 51.10964 , "BE Radar fixe BE 70"
5.35291 , 50.61354 , "BE Radar fixe BE 70"
4.40086 , 51.26484 , "BE Radar fixe BE 70"
5.02895 , 51.16439 , "BE Radar fixe BE 70"
3.97075 , 51.10962 , "BE Radar fixe BE 70"
4.87391 , 51.20139 , "BE Radar fixe BE 70"
4.87475 , 50.32553 , "BE Radar fixe BE 70"
3.78114 , 50.88569 , "BE Radar fixe BE 70"
4.4809 , 51.05387 , "BE Radar fixe BE 70"
5.19348 , 50.81242 , "BE Radar fixe BE 70"
3.80594 , 50.89505 , "BE Radar fixe BE 70"
4.87899 , 50.9762 , "BE Radar fixe BE 70"
4.42713 , 51.19474 , "BE Radar fixe BE 70"
4.12829 , 51.03197 , "BE Radar fixe BE 70"
4.97909 , 50.82656 , "BE Radar fixe BE 70"
4.91832 , 51.30508 , "BE Radar fixe BE 70"
4.61856 , 50.96946 , "BE Radar fixe BE 70"
4.2478 , 50.84267 , "BE Radar fixe BE 70"
5.68069 , 50.9091 , "BE Radar fixe BE 70"
4.43257 , 51.18012 , "BE Radar fixe BE 70"
3.26223 , 51.34091 , "BE Radar fixe BE 70"
3.69972 , 51.02306 , "BE Radar fixe BE 70"
4.3745 , 51.2028 , "BE Radar fixe BE 70"
4.4873 , 51.24087 , "BE Radar fixe BE 70"
4.53729 , 51.0773 , "BE Radar fixe BE 70"
4.08386 , 50.8313 , "BE Radar fixe BE 70"
4.92744 , 51.13643 , "BE Radar fixe BE 70"
4.27528 , 50.78356 , "BE Radar fixe BE 70"
4.45732 , 51.23229 , "BE Radar fixe BE 70"
3.65528 , 51.0511 , "BE Radar fixe BE 70"
2.90421 , 50.96759 , "BE Radar fixe BE 70"
4.46272 , 50.8704 , "BE Radar fixe BE 70"
4.42045 , 51.23476 , "BE Radar fixe BE 70"
4.44734 , 50.9186 , "BE Radar fixe BE 70"
3.32462 , 50.86344 , "BE Radar fixe BE 70"
4.24885 , 50.7557 , "BE Radar fixe BE 70"
5.34369 , 50.94383 , "BE Radar fixe BE 70"
4.52731 , 50.7547 , "BE Radar fixe BE 70"
4.94007 , 50.80199 , "BE Radar fixe BE 70"
5.265 , 50.61111 , "BE Radar fixe BE 70"
4.19303 , 50.83812 , "BE Radar fixe BE 70"
5.18247 , 51.21244 , "BE Radar fixe BE 70"
5.08035 , 51.0849 , "BE Radar fixe BE 70"
5.34799 , 50.91601 , "BE Radar fixe BE 70"
5.35063 , 50.91326 , "BE Radar fixe BE 70"
5.45107 , 50.6878 , "BE Radar fixe BE 70"
4.23299 , 50.89748 , "BE Radar fixe BE 70"
3.96442 , 51.00819 , "BE Radar fixe BE 70"
5.34723 , 50.91632 , "BE Radar fixe BE 70"
3.00065 , 51.1206 , "BE Radar fixe BE 70"
4.50638 , 50.97855 , "BE Radar fixe BE 70"
4.95417 , 51.31389 , "BE Radar fixe BE 70"
4.43482 , 50.91603 , "BE Radar fixe BE 70"
4.67936 , 50.90067 , "BE Radar fixe BE 70"
4.59149 , 51.1121 , "BE Radar fixe BE 70"
2.92637 , 50.96047 , "BE Radar fixe BE 70"
4.22594 , 50.21153 , "BE Radar fixe BE 70"
5.19842 , 50.81678 , "BE Radar fixe BE 70"
5.03124 , 51.08393 , "BE Radar fixe BE 70"
4.42345 , 51.19103 , "BE Radar fixe BE 70"
5.35077 , 50.91311 , "BE Radar fixe BE 70"
2.91783 , 51.22156 , "BE Radar fixe BE 70"
4.50809 , 50.82581 , "BE Radar fixe BE 70"
4.60441 , 50.66283 , "BE Radar fixe BE 70"
4.19314 , 50.83789 , "BE Radar fixe BE 70"
4.17438 , 51.16699 , "BE Radar fixe BE 70"
3.52388 , 50.98202 , "BE Radar fixe BE 70"
4.42129 , 50.9151 , "BE Radar fixe BE 70"
3.00427 , 51.01929 , "BE Radar fixe BE 70"
4.09138 , 50.83171 , "BE Radar fixe BE 70"
5.29118 , 50.57217 , "BE Radar fixe BE 70"
3.21965 , 51.19875 , "BE Radar fixe BE 70"
4.02546 , 50.75509 , "BE Radar fixe BE 70"
4.41568 , 50.83557 , "BE Radar fixe BE 70"
3.8749 , 51.09849 , "BE Radar fixe BE 70"
3.97325 , 51.09868 , "BE Radar fixe BE 70"
4.55218 , 51.03683 , "BE Radar fixe BE 70"
3.09855 , 50.95159 , "BE Radar fixe BE 70"
4.42726 , 51.19467 , "BE Radar fixe BE 70"
3.83897 , 50.87472 , "BE Radar fixe BE 70"
3.41234 , 50.60462 , "BE Radar fixe BE 70"
4.94807 , 51.31233 , "BE Radar fixe BE 70"
5.17808 , 51.1911 , "BE Radar fixe BE 70"
4.07006 , 51.13883 , "BE Radar fixe BE 70"
5.32644 , 50.91759 , "BE Radar fixe BE 70"
4.98528 , 50.79794 , "BE Radar fixe BE 70"
4.18783 , 50.81193 , "BE Radar fixe BE 70"
4.95862 , 51.16428 , "BE Radar fixe BE 70"
5.85982 , 49.658 , "BE Radar fixe BE 70"
5.51286 , 51.01125 , "BE Radar fixe BE 70"
3.59131 , 50.79524 , "BE Radar fixe BE 70"
5.19451 , 50.65021 , "BE Radar fixe BE 70"
4.86899 , 51.11036 , "BE Radar fixe BE 70"
3.29622 , 51.32485 , "BE Radar fixe BE 70"
4.44841 , 50.92465 , "BE Radar fixe BE 70"
4.50775 , 50.82541 , "BE Radar fixe BE 70"
4.83867 , 50.95127 , "BE Radar fixe BE 70"
3.52353 , 50.98236 , "BE Radar fixe BE 70"
5.31375 , 50.56822 , "BE Radar fixe BE 70"
4.92346 , 50.79884 , "BE Radar fixe BE 70"
4.32549 , 50.94492 , "BE Radar fixe BE 70"
5.09375 , 51.15392 , "BE Radar fixe BE 70"
4.77361 , 50.73442 , "BE Radar fixe BE 70"
4.44696 , 50.8219 , "BE Radar fixe BE 70"
5.53999 , 50.98625 , "BE Radar fixe BE 70"
5.03944 , 51.06715 , "BE Radar fixe BE 70"
4.19294 , 51.17845 , "BE Radar fixe BE 70"
5.25734 , 50.95709 , "BE Radar fixe BE 70"
5.68184 , 50.96091 , "BE Radar fixe BE 70"
5.38004 , 51.04407 , "BE Radar fixe BE 70"
5.48722 , 50.65272 , "BE Radar fixe BE 70"
4.77379 , 51.32059 , "BE Radar fixe BE 70"
3.23484 , 51.22084 , "BE Radar fixe BE 70"
3.83957 , 50.87425 , "BE Radar fixe BE 70"
5.6955 , 50.96434 , "BE Radar fixe BE 70"
5.38826 , 51.12713 , "BE Radar fixe BE 70"
4.48087 , 51.05396 , "BE Radar fixe BE 70"
3.79365 , 51.08344 , "BE Radar fixe BE 70"
5.34172 , 50.94055 , "BE Radar fixe BE 70"
4.08287 , 51.14281 , "BE Radar fixe BE 70"
5.35813 , 49.68819 , "BE Radar fixe BE 70"
4.45389 , 50.91466 , "BE Radar fixe BE 70"
3.24055 , 51.21281 , "BE Radar fixe BE 70"
4.44326 , 50.81035 , "BE Radar fixe BE 70"
3.52341 , 50.98253 , "BE Radar fixe BE 70"
4.40086 , 51.26494 , "BE Radar fixe BE 70"
4.36776 , 51.20898 , "BE Radar fixe BE 70"
3.68612 , 50.99706 , "BE Radar fixe BE 70"
4.94807 , 51.31242 , "BE Radar fixe BE 70"
4.17861 , 50.92028 , "BE Radar fixe BE 70"
4.44814 , 50.91842 , "BE Radar fixe BE 70"
3.20701 , 51.17142 , "BE Radar fixe BE 70"
4.97975 , 51.13404 , "BE Radar fixe BE 70"
4.02512 , 50.75477 , "BE Radar fixe BE 70"
4.6815 , 50.89881 , "BE Radar fixe BE 70"
5.30667 , 50.92361 , "BE Radar fixe BE 70"
4.1229 , 51.05998 , "BE Radar fixe BE 70"
5.29819 , 50.9395 , "BE Radar fixe BE 70"
4.42335 , 51.19101 , "BE Radar fixe BE 70"
5.19378 , 50.81236 , "BE Radar fixe BE 70"
4.68405 , 50.99467 , "BE Radar fixe BE 70"
4.45308 , 51.2318 , "BE Radar fixe BE 70"
4.84233 , 50.98677 , "BE Radar fixe BE 70"
4.24791 , 50.84237 , "BE Radar fixe BE 70"
5.31381 , 51.22237 , "BE Radar fixe BE 70"
4.76369 , 51.03519 , "BE Radar fixe BE 70"
5.69466 , 50.9575 , "BE Radar fixe BE 70"
4.95694 , 51.14611 , "BE Radar fixe BE 70"
5.21924 , 51.04527 , "BE Radar fixe BE 70"
3.75507 , 51.03468 , "BE Radar fixe BE 70"
5.3528 , 50.61349 , "BE Radar fixe BE 70"
3.31097 , 51.31512 , "BE Radar fixe BE 70"
4.47086 , 50.87216 , "BE Radar fixe BE 70"
5.20592 , 51.18165 , "BE Radar fixe BE 70"
3.19865 , 51.24168 , "BE Radar fixe BE 70"
5.50654 , 50.99915 , "BE Radar fixe BE 70"
5.3455 , 50.94822 , "BE Radar fixe BE 70"
4.18376 , 51.17267 , "BE Radar fixe BE 70"
4.19295 , 51.17848 , "BE Radar fixe BE 70"
4.96043 , 50.76772 , "BE Radar fixe BE 70"
5.34789 , 50.91606 , "BE Radar fixe BE 70"
4.17912 , 50.92016 , "BE Radar fixe BE 70"
3.8394 , 50.87434 , "BE Radar fixe BE 70"
4.94897 , 51.31259 , "BE Radar fixe BE 70"
4.24814 , 50.84249 , "BE Radar fixe BE 70"
5.32611 , 50.9168 , "BE Radar fixe BE 70"
4.1245 , 50.83379 , "BE Radar fixe BE 70"
5.21915 , 51.07897 , "BE Radar fixe BE 70"
4.43135 , 51.18314 , "BE Radar fixe BE 70"
5.5085 , 51.00241 , "BE Radar fixe BE 70"
3.21886 , 51.19909 , "BE Radar fixe BE 70"
4.21873 , 50.84015 , "BE Radar fixe BE 70"
3.71446 , 51.10095 , "BE Radar fixe BE 70"
3.09872 , 50.95154 , "BE Radar fixe BE 70"
5.69472 , 50.95758 , "BE Radar fixe BE 70"
4.39479 , 50.74299 , "BE Radar fixe BE 70"
5.38248 , 51.05608 , "BE Radar fixe BE 70"
4.48082 , 51.05401 , "BE Radar fixe BE 70"
4.5073 , 51.3077 , "BE Radar fixe BE 70"
4.25069 , 50.89242 , "BE Radar fixe BE 70"
5.45114 , 50.68775 , "BE Radar fixe BE 70"
3.83284 , 50.8869 , "BE Radar fixe BE 70"
5.68087 , 50.90859 , "BE Radar fixe BE 70"
4.61852 , 50.96944 , "BE Radar fixe BE 70"
4.44383 , 51.21101 , "BE Radar fixe BE 70"
4.87885 , 50.97629 , "BE Radar fixe BE 70"
4.47562 , 51.01172 , "BE Radar fixe BE 70"
4.66283 , 51.06251 , "BE Radar fixe BE 70"
3.40333 , 50.90007 , "BE Radar fixe BE 70"
5.06815 , 51.26424 , "BE Radar fixe BE 70"
4.94381 , 51.39414 , "BE Radar fixe BE 70"
3.20291 , 50.88082 , "BE Radar fixe BE 70"
4.92352 , 50.7988 , "BE Radar fixe BE 70"
4.90781 , 51.12487 , "BE Radar fixe BE 70"
4.42252 , 51.19272 , "BE Radar fixe BE 70"
4.8748 , 50.32557 , "BE Radar fixe BE 70"
5.72954 , 51.03576 , "BE Radar fixe BE 70"
3.56793 , 50.81548 , "BE Radar fixe BE 70"
4.67804 , 50.86763 , "BE Radar fixe BE 70"
4.0921 , 50.83186 , "BE Radar fixe BE 70"
4.87389 , 51.20145 , "BE Radar fixe BE 70"
4.94873 , 51.31007 , "BE Radar fixe BE 70"
5.38827 , 51.12712 , "BE Radar fixe BE 70"
4.90295 , 50.46399 , "BE Radar fixe BE 70"
4.47608 , 50.81932 , "BE Radar fixe BE 70"
4.85575 , 51.31019 , "BE Radar fixe BE 70"
4.97969 , 51.134 , "BE Radar fixe BE 70"
4.47724 , 50.81975 , "BE Radar fixe BE 70"
5.2186 , 51.04577 , "BE Radar fixe BE 70"
4.58265 , 51.18557 , "BE Radar fixe BE 70"
4.42937 , 51.18632 , "BE Radar fixe BE 70"
4.43337 , 51.17972 , "BE Radar fixe BE 70"
4.96727 , 51.32154 , "BE Radar fixe BE 70"
3.79419 , 51.08358 , "BE Radar fixe BE 70"
4.13336 , 51.15086 , "BE Radar fixe BE 70"
4.23494 , 50.89685 , "BE Radar fixe BE 70"
4.95445 , 51.29198 , "BE Radar fixe BE 70"
3.83315 , 50.88686 , "BE Radar fixe BE 70"
3.31053 , 51.31459 , "BE Radar fixe BE 70"
4.2008 , 50.81199 , "BE Radar fixe BE 70"
4.9758 , 51.3448 , "BE Radar fixe BE 70"
4.68153 , 50.8988 , "BE Radar fixe BE 70"
5.03389 , 51.44164 , "BE Radar fixe BE 70"
5.34199 , 50.94043 , "BE Radar fixe BE 70"
4.88586 , 51.20485 , "BE Radar fixe BE 70"
4.17881 , 50.9204 , "BE Radar fixe BE 70"
4.96746 , 51.32113 , "BE Radar fixe BE 70"
4.68206 , 50.89868 , "BE Radar fixe BE 70"
4.52402 , 51.27558 , "BE Radar fixe BE 70"
3.15389 , 51.32121 , "BE Radar fixe BE 70"
4.6036 , 51.04496 , "BE Radar fixe BE 70"
5.31361 , 50.56806 , "BE Radar fixe BE 70"
4.4552 , 50.41253 , "BE Radar fixe BE 70"
5.37833 , 51.03855 , "BE Radar fixe BE 70"
5.21782 , 51.05068 , "BE Radar fixe BE 70"
4.94395 , 51.39427 , "BE Radar fixe BE 70"
4.47032 , 51.02783 , "BE Radar fixe BE 70"
4.45443 , 51.23223 , "BE Radar fixe BE 70"
4.93857 , 51.20155 , "BE Radar fixe BE 70"
3.75393 , 51.03496 , "BE Radar fixe BE 70"
4.9033 , 51.31682 , "BE Radar fixe BE 70"
4.4746 , 51.02174 , "BE Radar fixe BE 70"
5.53945 , 50.98587 , "BE Radar fixe BE 70"
4.96056 , 51.31667 , "BE Radar fixe BE 70"
5.17812 , 51.19113 , "BE Radar fixe BE 70"
4.36768 , 51.20895 , "BE Radar fixe BE 70"
4.50765 , 51.30814 , "BE Radar fixe BE 70"
4.50567 , 51.16195 , "BE Radar fixe BE 70"
3.83885 , 50.87464 , "BE Radar fixe BE 70"
5.34185 , 50.93969 , "BE Radar fixe BE 70"
4.1837 , 51.1727 , "BE Radar fixe BE 70"
4.42155 , 50.91506 , "BE Radar fixe BE 70"
3.96455 , 51.00821 , "BE Radar fixe BE 70"
3.01375 , 51.02104 , "BE Radar fixe BE 70"
3.60288 , 51.13969 , "BE Radar fixe BE 70"
4.94897 , 51.31257 , "BE Radar fixe BE 70"
4.50206 , 50.91939 , "BE Radar fixe BE 70"
4.44039 , 51.20795 , "BE Radar fixe BE 70"
4.16959 , 50.75645 , "BE Radar fixe BE 70"
4.50197 , 51.16355 , "BE Radar fixe BE 70"
4.12291 , 51.06002 , "BE Radar fixe BE 70"
5.02757 , 51.00476 , "BE Radar fixe BE 70"
5.68172 , 50.96087 , "BE Radar fixe BE 70"
4.94078 , 51.31246 , "BE Radar fixe BE 70"
5.19749 , 50.81614 , "BE Radar fixe BE 70"
4.47545 , 51.01242 , "BE Radar fixe BE 70"
4.60171 , 51.01999 , "BE Radar fixe BE 70"
4.96551 , 51.32744 , "BE Radar fixe BE 70"
4.42244 , 51.19276 , "BE Radar fixe BE 70"
4.49736 , 51.25728 , "BE Radar fixe BE 70"
4.24972 , 50.89255 , "BE Radar fixe BE 70"
4.83876 , 50.95131 , "BE Radar fixe BE 70"
4.95459 , 51.31399 , "BE Radar fixe BE 70"
4.47994 , 51.0538 , "BE Radar fixe BE 70"
4.03044 , 50.84509 , "BE Radar fixe BE 70"
5.69668 , 50.96658 , "BE Radar fixe BE 70"
5.31634 , 50.93657 , "BE Radar fixe BE 70"
5.1916 , 50.81006 , "BE Radar fixe BE 70"
5.37638 , 51.03144 , "BE Radar fixe BE 70"
5.21827 , 51.05014 , "BE Radar fixe BE 70"
2.87569 , 50.78416 , "BE Radar fixe BE 70"
4.36762 , 51.20893 , "BE Radar fixe BE 70"
4.14982 , 51.09697 , "BE Radar fixe BE 70"
5.07358 , 51.24902 , "BE Radar fixe BE 70"
5.34808 , 50.91597 , "BE Radar fixe BE 70"
4.93546 , 50.80137 , "BE Radar fixe BE 70"
4.14398 , 50.83476 , "BE Radar fixe BE 70"
3.28565 , 50.83907 , "BE Radar fixe BE 70"
4.46677 , 51.05006 , "BE Radar fixe BE 70"
4.47014 , 51.0283 , "BE Radar fixe BE 70"
4.48168 , 51.02036 , "BE Radar fixe BE 70"
4.44044 , 51.2086 , "BE Radar fixe BE 70"
3.23066 , 51.19942 , "BE Radar fixe BE 70"
4.58779 , 51.12806 , "BE Radar fixe BE 70"
5.37467 , 51.02384 , "BE Radar fixe BE 70"
3.61987 , 51.10693 , "BE Radar fixe BE 70"
4.45727 , 51.23281 , "BE Radar fixe BE 70"
5.38008 , 51.04407 , "BE Radar fixe BE 70"
5.09414 , 51.30183 , "BE Radar fixe BE 70"
5.68239 , 50.96053 , "BE Radar fixe BE 70"
4.42924 , 51.18627 , "BE Radar fixe BE 70"
4.66022 , 50.97251 , "BE Radar fixe BE 70"
5.32156 , 50.95129 , "BE Radar fixe BE 70"
4.45746 , 51.2328 , "BE Radar fixe BE 70"
4.19232 , 51.17768 , "BE Radar fixe BE 70"
3.55113 , 50.74982 , "BE Radar fixe BE 70"
3.67886 , 51.07755 , "BE Radar fixe BE 70"
4.44533 , 50.85524 , "BE Radar fixe BE 70"
3.59124 , 50.79629 , "BE Radar fixe BE 70"
4.09778 , 50.83222 , "BE Radar fixe BE 70"
4.38476 , 50.75921 , "BE Radar fixe BE 70"
4.72222 , 50.85066 , "BE Radar fixe BE 70"
4.92333 , 51.31491 , "BE Radar fixe BE 70"
4.43933 , 51.2057 , "BE Radar fixe BE 70"
5.859765 , 49.65803 , "BE Radar fixe BE 70"
4.44706 , 50.82192 , "BE Radar fixe BE 70"
4.45494 , 50.9143 , "BE Radar fixe BE 70"
4.48015 , 51.05366 , "BE Radar fixe BE 70"
4.02538 , 50.75506 , "BE Radar fixe BE 70"
5.7005 , 50.97694 , "BE Radar fixe BE 70"
5.4494244 , 49.6914587 , "BE Radar fixe BE 70"
4.44856 , 50.92491 , "BE Radar fixe BE 70"
4.08378 , 51.14298 , "BE Radar fixe BE 70"
4.43375 , 50.89665 , "BE Radar fixe BE 70"
4.14909 , 51.09189 , "BE Radar fixe BE 70"
3.55112 , 50.74977 , "BE Radar fixe BE 70"
4.48381 , 51.03314 , "BE Radar fixe BE 70"
5.32 , 50.95195 , "BE Radar fixe BE 70"
4.42039 , 51.25445 , "BE Radar fixe BE 70"
4.43732 , 50.81259 , "BE Radar fixe BE 70"
4.96048 , 50.76766 , "BE Radar fixe BE 70"
5.3418 , 50.94047 , "BE Radar fixe BE 70"
4.96512 , 51.16418 , "BE Radar fixe BE 70"
4.45622 , 51.25116 , "BE Radar fixe BE 70"
5.36451 , 51.15873 , "BE Radar fixe BE 70"
5.37491 , 51.02382 , "BE Radar fixe BE 70"
4.16004 , 51.17055 , "BE Radar fixe BE 70"
5.09422 , 51.30187 , "BE Radar fixe BE 70"
4.42863 , 51.18648 , "BE Radar fixe BE 70"
4.96528 , 51.32778 , "BE Radar fixe BE 70"
4.10569 , 50.83273 , "BE Radar fixe BE 70"
5.69674 , 50.96653 , "BE Radar fixe BE 70"
3.8587 , 50.97766 , "BE Radar fixe BE 70"
5.07339 , 51.24843 , "BE Radar fixe BE 70"
4.23294 , 50.89741 , "BE Radar fixe BE 70"
3.23483 , 51.20215 , "BE Radar fixe BE 70"
4.09129 , 50.83174 , "BE Radar fixe BE 70"
4.02494 , 50.75529 , "BE Radar fixe BE 70"
4.51128 , 50.86848 , "BE Radar fixe BE 70"
4.97583 , 51.34479 , "BE Radar fixe BE 70"
5.35507 , 50.9625 , "BE Radar fixe BE 70"
4.94773 , 50.80239 , "BE Radar fixe BE 70"
5.37453 , 51.0244 , "BE Radar fixe BE 70"
4.4157 , 50.83555 , "BE Radar fixe BE 70"
3.35906 , 50.87981 , "BE Radar fixe BE 70"
4.32458 , 50.94499 , "BE Radar fixe BE 70"
4.08373 , 51.14291 , "BE Radar fixe BE 70"
5.23379 , 51.08842 , "BE Radar fixe BE 70"
4.43181 , 50.91322 , "BE Radar fixe BE 70"
3.9383 , 51.113 , "BE Radar fixe BE 70"
4.07 , 50.83064 , "BE Radar fixe BE 70"
5.3139 , 50.56817 , "BE Radar fixe BE 70"
4.44299 , 50.81033 , "BE Radar fixe BE 70"
4.94784 , 50.80809 , "BE Radar fixe BE 70"
4.09899 , 50.83217 , "BE Radar fixe BE 70"
5.3437 , 50.94385 , "BE Radar fixe BE 70"
4.43285 , 50.89674 , "BE Radar fixe BE 70"
3.5239 , 50.98209 , "BE Radar fixe BE 70"
4.14058 , 50.98251 , "BE Radar fixe BE 70"
4.43169 , 51.1981 , "BE Radar fixe BE 70"
2.91565 , 51.21456 , "BE Radar fixe BE 70"
4.99789 , 51.31159 , "BE Radar fixe BE 70"
4.44325 , 50.8103 , "BE Radar fixe BE 70"
2.79351 , 51.06848 , "BE Radar fixe BE 70"
4.94068 , 50.80232 , "BE Radar fixe BE 70"
2.85926 , 50.86431 , "BE Radar fixe BE 70"
4.05673 , 50.82981 , "BE Radar fixe BE 70"
4.31681 , 50.94783 , "BE Radar fixe BE 70"
5.21816 , 51.05022 , "BE Radar fixe BE 70"
5.08036 , 51.08493 , "BE Radar fixe BE 70"
3.31033 , 51.31468 , "BE Radar fixe BE 70"
4.93589 , 50.80179 , "BE Radar fixe BE 70"
3.83877 , 50.87464 , "BE Radar fixe BE 70"
4.92312 , 50.79837 , "BE Radar fixe BE 70"
4.43071 , 51.18343 , "BE Radar fixe BE 70"
4.14402 , 50.83475 , "BE Radar fixe BE 70"
4.47019 , 51.02785 , "BE Radar fixe BE 70"
3.04462 , 51.02252 , "BE Radar fixe BE 70"
5.12309 , 51.20891 , "BE Radar fixe BE 70"
4.52732 , 50.75471 , "BE Radar fixe BE 70"
4.48183 , 51.02037 , "BE Radar fixe BE 70"
4.92226 , 51.31537 , "BE Radar fixe BE 70"
4.40661 , 50.85026 , "BE Radar fixe BE 70"
3.61661 , 50.90935 , "BE Radar fixe BE 70"
4.09216 , 50.83196 , "BE Radar fixe BE 70"
4.94796 , 50.80835 , "BE Radar fixe BE 70"
4.95779 , 51.14642 , "BE Radar fixe BE 70"
3.2969 , 51.32449 , "BE Radar fixe BE 70"
4.47314 , 51.02196 , "BE Radar fixe BE 70"
5.51248 , 51.01127 , "BE Radar fixe BE 70"
4.94078 , 51.31239 , "BE Radar fixe BE 70"
4.13224 , 51.15044 , "BE Radar fixe BE 70"
4.95416 , 51.28249 , "BE Radar fixe BE 70"
3.56237 , 50.81303 , "BE Radar fixe BE 70"
5.34169 , 50.93972 , "BE Radar fixe BE 70"
4.09889 , 50.83222 , "BE Radar fixe BE 70"
4.3479 , 51.31695 , "BE Radar fixe BE 70"
4.8805 , 50.97619 , "BE Radar fixe BE 70"
4.48085 , 51.05392 , "BE Radar fixe BE 70"
4.46402 , 51.05425 , "BE Radar fixe BE 70"
5.733122 , 49.765009 , "BE Radar fixe BE 70"
4.16083 , 50.83583 , "BE Radar fixe BE 70"
3.4098 , 50.90328 , "BE Radar fixe BE 70"
4.25866 , 50.89093 , "BE Radar fixe BE 70"
4.43614 , 50.83985 , "BE Radar fixe BE 70"
5.37843 , 51.03804 , "BE Radar fixe BE 70"
4.42657 , 50.90333 , "BE Radar fixe BE 70"
4.18167 , 50.92639 , "BE Radar fixe BE 70"
4.03312 , 50.95576 , "BE Radar fixe BE 70"
4.93789 , 50.81291 , "BE Radar fixe BE 70"
4.4318 , 50.91324 , "BE Radar fixe BE 70"
4.54961 , 51.13087 , "BE Radar fixe BE 70"
4.27492 , 50.78282 , "BE Radar fixe BE 70"
5.33103 , 50.55474 , "BE Radar fixe BE 70"
5.19764 , 50.81603 , "BE Radar fixe BE 70"
3.59125 , 50.79669 , "BE Radar fixe BE 70"
4.92743 , 51.13644 , "BE Radar fixe BE 70"
5.50841 , 51.00286 , "BE Radar fixe BE 70"
5.11179 , 51.34367 , "BE Radar fixe BE 70"
4.45659 , 51.2518 , "BE Radar fixe BE 70"
3.6862 , 50.99717 , "BE Radar fixe BE 70"
4.21871 , 50.84009 , "BE Radar fixe BE 70"
4.54366 , 51.083 , "BE Radar fixe BE 70"
4.43427 , 50.91547 , "BE Radar fixe BE 70"
4.43182 , 50.91275 , "BE Radar fixe BE 70"
4.97028 , 51.15083 , "BE Radar fixe BE 70"
3.40298 , 50.90009 , "BE Radar fixe BE 70"
4.83035 , 51.00038 , "BE Radar fixe BE 70"
4.94147 , 51.31267 , "BE Radar fixe BE 70"
4.45489 , 50.91426 , "BE Radar fixe BE 70"
4.58785 , 51.12811 , "BE Radar fixe BE 70"
4.44552 , 50.85579 , "BE Radar fixe BE 70"
5.35834 , 50.65896 , "BE Radar fixe BE 70"
4.48297 , 51.0208 , "BE Radar fixe BE 70"
4.2896 , 50.66419 , "BE Radar fixe BE 70"
4.83565 , 50.96779 , "BE Radar fixe BE 70"
4.42625 , 51.18908 , "BE Radar fixe BE 70"
5.31384 , 51.22178 , "BE Radar fixe BE 70"
3.28622 , 50.8389 , "BE Radar fixe BE 70"
4.70242 , 50.82584 , "BE Radar fixe BE 70"
4.13233 , 51.15049 , "BE Radar fixe BE 70"
3.16264 , 51.07142 , "BE Radar fixe BE 70"
4.68212 , 50.89863 , "BE Radar fixe BE 70"
4.4335 , 51.17977 , "BE Radar fixe BE 70"
3.00136 , 51.12041 , "BE Radar fixe BE 70"
4.66285 , 51.06246 , "BE Radar fixe BE 70"
4.42879 , 51.18653 , "BE Radar fixe BE 70"
4.47029 , 51.02831 , "BE Radar fixe BE 70"
5.26021 , 50.54592 , "BE Radar fixe BE 70"
4.44724 , 50.91861 , "BE Radar fixe BE 70"
4.42876 , 51.18652 , "BE Radar fixe BE 70"
4.43612 , 50.8398 , "BE Radar fixe BE 70"
5.6805 , 50.90909 , "BE Radar fixe BE 70"
3.58715 , 50.76507 , "BE Radar fixe BE 70"
2.68451 , 51.00516 , "BE Radar fixe BE 70"
4.42743 , 51.19481 , "BE Radar fixe BE 70"
4.51118 , 50.86995 , "BE Radar fixe BE 70"
3.00135 , 51.12042 , "BE Radar fixe BE 70"
5.35076 , 50.91308 , "BE Radar fixe BE 70"
4.41636 , 50.83567 , "BE Radar fixe BE 70"
5.69562 , 50.96379 , "BE Radar fixe BE 70"
5.1035 , 51.10725 , "BE Radar fixe BE 70"
4.43939 , 51.20589 , "BE Radar fixe BE 70"
4.14544 , 51.08739 , "BE Radar fixe BE 70"
4.71469 , 51.05991 , "BE Radar fixe BE 70"
5.00383 , 51.07876 , "BE Radar fixe BE 70"
3.5981 , 51.15466 , "BE Radar fixe BE 70"
4.45745 , 51.23228 , "BE Radar fixe BE 70"
4.07585 , 50.83105 , "BE Radar fixe BE 70"
4.21852 , 50.84012 , "BE Radar fixe BE 70"
4.43132 , 51.18314 , "BE Radar fixe BE 70"
5.41252 , 51.12941 , "BE Radar fixe BE 70"
5.35257 , 50.88364 , "BE Radar fixe BE 70"
4.46669 , 51.04999 , "BE Radar fixe BE 70"
5.50845 , 51.00235 , "BE Radar fixe BE 70"
4.43439 , 50.91539 , "BE Radar fixe BE 70"
4.37491 , 51.20241 , "BE Radar fixe BE 70"
4.43474 , 50.91598 , "BE Radar fixe BE 70"
4.94899 , 51.31267 , "BE Radar fixe BE 70"
4.47557 , 51.01173 , "BE Radar fixe BE 70"
5.19366 , 50.81198 , "BE Radar fixe BE 70"
5.69644 , 50.9671 , "BE Radar fixe BE 70"
4.66099 , 50.97259 , "BE Radar fixe BE 70"
4.52595 , 50.7537 , "BE Radar fixe BE 70"
4.48015 , 51.05356 , "BE Radar fixe BE 70"
4.47572 , 51.0117 , "BE Radar fixe BE 70"
4.88478 , 51.10383 , "BE Radar fixe BE 70"
4.07267 , 50.79304 , "BE Radar fixe BE 70"
4.47309 , 51.27627 , "BE Radar fixe BE 70"
4.07547 , 50.83096 , "BE Radar fixe BE 70"
4.15917 , 51.17077 , "BE Radar fixe BE 70"
4.11223 , 50.91262 , "BE Radar fixe BE 70"
5.22923 , 50.94768 , "BE Radar fixe BE 70"
4.55011 , 51.14158 , "BE Radar fixe BE 70"
4.39457 , 50.74173 , "BE Radar fixe BE 70"
3.86891 , 50.77225 , "BE Radar fixe BE 70"
3.18991 , 51.2132 , "BE Radar fixe BE 70"
4.19287 , 50.83801 , "BE Radar fixe BE 70"
4.74012 , 50.93676 , "BE Radar fixe BE 70"
5.51284 , 51.0108 , "BE Radar fixe BE 70"
4.96554 , 51.32745 , "BE Radar fixe BE 70"
4.67706 , 50.90963 , "BE Radar fixe BE 70"
3.23076 , 51.19937 , "BE Radar fixe BE 70"
4.3349076 , 50.9300145 , "BE Radar fixe BE 70"
4.16252 , 50.95212 , "BE Radar fixe BE 70"
4.41932 , 51.26095 , "BE Radar fixe BE 70"
5.56575 , 51.19732 , "BE Radar fixe BE 70"
4.96177 , 51.10231 , "BE Radar fixe BE 70"
5.18232 , 51.21274 , "BE Radar fixe BE 70"
4.91838 , 51.30505 , "BE Radar fixe BE 70"
5.34778 , 50.94361 , "BE Radar fixe BE 70"
5.21838 , 51.04534 , "BE Radar fixe BE 70"
5.19851 , 50.81667 , "BE Radar fixe BE 70"
4.98541 , 50.79789 , "BE Radar fixe BE 70"
3.60256 , 51.14016 , "BE Radar fixe BE 70"
4.12302 , 51.05968 , "BE Radar fixe BE 70"
4.47002 , 51.23449 , "BE Radar fixe BE 70"
5.50637 , 50.9992 , "BE Radar fixe BE 70"
4.38239 , 50.76641 , "BE Radar fixe BE 70"
4.89158 , 51.08498 , "BE Radar fixe BE 70"
4.84222 , 50.98725 , "BE Radar fixe BE 70"
3.37986 , 50.78828 , "BE Radar fixe BE 70"
4.97111 , 51.15167 , "BE Radar fixe BE 70"
3.29692 , 51.3245 , "BE Radar fixe BE 70"
4.17014 , 50.75638 , "BE Radar fixe BE 70"
5.07499 , 51.19803 , "BE Radar fixe BE 70"
5.19149 , 50.81013 , "BE Radar fixe BE 70"
2.92388 , 51.2173 , "BE Radar fixe BE 70"
3.78046 , 50.88558 , "BE Radar fixe BE 70"
4.83563 , 50.96778 , "BE Radar fixe BE 70"
4.88056 , 50.97616 , "BE Radar fixe BE 70"
4.33545 , 50.92964 , "BE Radar fixe BE 70"
4.5783 , 51.12332 , "BE Radar fixe BE 70"
4.95072 , 51.30239 , "BE Radar fixe BE 70"
4.07325 , 50.79285 , "BE Radar fixe BE 70"
5.53929 , 50.98593 , "BE Radar fixe BE 70"
5.21025 , 50.79931 , "BE Radar fixe BE 70"
4.98489 , 51.18214 , "BE Radar fixe BE 70"
5.36464 , 51.15874 , "BE Radar fixe BE 70"
5.31746 , 50.93643 , "BE Radar fixe BE 70"
5.34315 , 50.94403 , "BE Radar fixe BE 70"
5.70038 , 50.97691 , "BE Radar fixe BE 70"
4.98626 , 50.79802 , "BE Radar fixe BE 70"
4.07003 , 51.13884 , "BE Radar fixe BE 70"
4.47016 , 51.02834 , "BE Radar fixe BE 70"
4.39933 , 50.84829 , "BE Radar fixe BE 70"
4.27507 , 50.7833 , "BE Radar fixe BE 70"
4.24988 , 50.89256 , "BE Radar fixe BE 70"
3.2856 , 50.83906 , "BE Radar fixe BE 70"
4.71948 , 50.84818 , "BE Radar fixe BE 70"
4.42865 , 51.18648 , "BE Radar fixe BE 70"
3.04509 , 51.02274 , "BE Radar fixe BE 70"
4.42015 , 51.23539 , "BE Radar fixe BE 70"
2.92088 , 51.2146 , "BE Radar fixe BE 70"
4.44797 , 50.91841 , "BE Radar fixe BE 70"
5.38247 , 51.05603 , "BE Radar fixe BE 70"
3.95272 , 51.11465 , "BE Radar fixe BE 70"
4.57827 , 51.12343 , "BE Radar fixe BE 70"
4.43631 , 50.89557 , "BE Radar fixe BE 70"
3.85384 , 50.97993 , "BE Radar fixe BE 70"
5.19162 , 50.81007 , "BE Radar fixe BE 70"
5.039 , 51.06751 , "BE Radar fixe BE 70"
3.09944 , 50.9515 , "BE Radar fixe BE 70"
4.58753 , 51.1287 , "BE Radar fixe BE 70"
5.34557 , 50.94769 , "BE Radar fixe BE 70"
4.83747 , 50.96238 , "BE Radar fixe BE 70"
5.13297 , 51.20455 , "BE Radar fixe BE 70"
4.85465 , 50.97949 , "BE Radar fixe BE 70"
4.42699 , 50.90287 , "BE Radar fixe BE 70"
5.03894 , 51.06757 , "BE Radar fixe BE 70"
4.48396 , 51.03313 , "BE Radar fixe BE 70"
4.77052 , 51.17668 , "BE Radar fixe BE 70"
4.03315 , 50.95629 , "BE Radar fixe BE 70"
2.68407 , 51.00552 , "BE Radar fixe BE 70"
4.12368 , 50.83358 , "BE Radar fixe BE 70"
5.85954 , 49.6581 , "BE Radar fixe BE 70"
5.38124 , 51.04943 , "BE Radar fixe BE 70"
3.7803 , 50.88549 , "BE Radar fixe BE 70"
4.4347 , 51.20102 , "BE Radar fixe BE 70"
4.41938 , 51.26103 , "BE Radar fixe BE 70"
5.00375 , 51.07875 , "BE Radar fixe BE 70"
4.44587 , 51.21311 , "BE Radar fixe BE 70"
4.97101 , 51.15131 , "BE Radar fixe BE 70"
4.65971 , 50.86475 , "BE Radar fixe BE 70"
4.42175 , 51.19215 , "BE Radar fixe BE 70"
3.04456 , 51.02254 , "BE Radar fixe BE 70"
4.47997 , 51.05371 , "BE Radar fixe BE 70"
4.96742 , 51.32153 , "BE Radar fixe BE 70"
4.12417 , 50.83389 , "BE Radar fixe BE 70"
4.4347 , 50.91611 , "BE Radar fixe BE 70"
4.83038 , 50.99989 , "BE Radar fixe BE 70"
4.45743 , 51.23281 , "BE Radar fixe BE 70"
4.71394 , 51.06018 , "BE Radar fixe BE 70"
4.14926 , 51.09233 , "BE Radar fixe BE 70"
4.21847 , 50.84 , "BE Radar fixe BE 70"
4.84806 , 51.15769 , "BE Radar fixe BE 70"
4.17408 , 51.1666 , "BE Radar fixe BE 70"
4.971 , 51.15133 , "BE Radar fixe BE 70"
4.32606 , 50.04597 , "BE Radar fixe BE 70"
5.72944 , 51.03629 , "BE Radar fixe BE 70"
3.23065 , 51.19941 , "BE Radar fixe BE 70"
4.45514 , 50.41236 , "BE Radar fixe BE 70"
4.42164 , 51.19222 , "BE Radar fixe BE 70"
3.27495 , 51.20715 , "BE Radar fixe BE 70"
5.31315 , 51.21418 , "BE Radar fixe BE 70"
4.43466 , 51.20103 , "BE Radar fixe BE 70"
4.43281 , 50.89667 , "BE Radar fixe BE 70"
5.3527 , 50.6134 , "BE Radar fixe BE 70"
4.92225 , 51.31537 , "BE Radar fixe BE 70"
4.09902 , 50.83213 , "BE Radar fixe BE 70"
4.751 , 50.97036 , "BE Radar fixe BE 70"
3.30326 , 50.77891 , "BE Radar fixe BE 70"
4.88038 , 51.10455 , "BE Radar fixe BE 70"
4.47102 , 51.23486 , "BE Radar fixe BE 70"
3.86931 , 51.10572 , "BE Radar fixe BE 70"
4.83095 , 51.00018 , "BE Radar fixe BE 70"
4.74751 , 51.39631 , "BE Radar fixe BE 70"
5.34337 , 50.94363 , "BE Radar fixe BE 70"
4.02496 , 50.75515 , "BE Radar fixe BE 70"
4.99944 , 51.11278 , "BE Radar fixe BE 70"
5.34833 , 50.94357 , "BE Radar fixe BE 70"
3.83334 , 50.88643 , "BE Radar fixe BE 70"
5.37456 , 51.02427 , "BE Radar fixe BE 70"
5.0359 , 50.71294 , "BE Radar fixe BE 70"
3.93838 , 51.11309 , "BE Radar fixe BE 70"
4.661 , 50.97254 , "BE Radar fixe BE 70"
3.6716 , 51.01816 , "BE Radar fixe BE 70"
4.22681 , 50.89859 , "BE Radar fixe BE 70"
4.94898 , 51.3125 , "BE Radar fixe BE 70"
4.96501 , 51.16461 , "BE Radar fixe BE 70"
4.94201 , 51.14038 , "BE Radar fixe BE 70"
5.34187 , 50.94052 , "BE Radar fixe BE 70"
4.18158 , 50.92624 , "BE Radar fixe BE 70"
4.10464 , 50.83249 , "BE Radar fixe BE 70"
4.83635 , 50.96765 , "BE Radar fixe BE 70"
4.12589 , 51.03778 , "BE Radar fixe BE 70"
4.96891 , 51.15894 , "BE Radar fixe BE 70"
4.93858 , 51.20152 , "BE Radar fixe BE 70"
4.67704 , 50.90958 , "BE Radar fixe BE 70"
4.76363 , 51.03528 , "BE Radar fixe BE 70"
4.46231 , 51.05693 , "BE Radar fixe BE 70"
4.41998 , 51.25482 , "BE Radar fixe BE 70"
4.85793 , 51.08777 , "BE Radar fixe BE 70"
5.69524 , 51.03779 , "BE Radar fixe BE 70"
4.5905 , 50.66791 , "BE Radar fixe BE 70"
5.03588 , 50.71296 , "BE Radar fixe BE 70"
3.65565 , 51.0518 , "BE Radar fixe BE 70"
3.18994 , 51.21325 , "BE Radar fixe BE 70"
4.54941 , 51.14214 , "BE Radar fixe BE 70"
5.58029 , 51.01386 , "BE Radar fixe BE 70"
2.91745 , 51.22206 , "BE Radar fixe BE 70"
3.21433 , 51.20939 , "BE Radar fixe BE 70"
5.37467 , 51.02383 , "BE Radar fixe BE 70"
3.60296 , 51.13974 , "BE Radar fixe BE 70"
4.82775 , 51.0022 , "BE Radar fixe BE 70"
4.47006 , 51.0279 , "BE Radar fixe BE 70"
4.91089 , 51.11651 , "BE Radar fixe BE 70"
4.12613 , 50.91166 , "BE Radar fixe BE 70"
4.07471 , 50.83076 , "BE Radar fixe BE 70"
3.81542 , 50.95262 , "BE Radar fixe BE 70"
4.84231 , 50.98724 , "BE Radar fixe BE 70"
5.01098 , 51.13226 , "BE Radar fixe BE 70"
5.50273 , 51.13551 , "BE Radar fixe BE 70"
4.96856 , 51.15929 , "BE Radar fixe BE 70"
3.24057 , 51.21282 , "BE Radar fixe BE 70"
5.21939 , 51.0457 , "BE Radar fixe BE 70"
2.92633 , 50.9605 , "BE Radar fixe BE 70"
5.21939 , 51.04569 , "BE Radar fixe BE 70"
3.7811 , 50.88565 , "BE Radar fixe BE 70"
5.34157 , 50.94049 , "BE Radar fixe BE 70"
3.24149 , 51.21138 , "BE Radar fixe BE 70"
2.9362 , 51.16053 , "BE Radar fixe BE 70"
3.35949 , 50.88012 , "BE Radar fixe BE 70"
3.03715 , 51.02221 , "BE Radar fixe BE 70"
4.48301 , 51.02071 , "BE Radar fixe BE 70"
4.1601 , 51.17055 , "BE Radar fixe BE 70"
4.16271 , 50.95191 , "BE Radar fixe BE 70"
4.02474 , 50.75491 , "BE Radar fixe BE 70"
3.87597 , 51.09647 , "BE Radar fixe BE 70"
2.86658 , 50.95847 , "BE Radar fixe BE 70"
4.08465 , 50.83148 , "BE Radar fixe BE 70"
4.95812 , 51.15499 , "BE Radar fixe BE 70"
4.93542 , 50.80138 , "BE Radar fixe BE 70"
5.34552 , 50.9477 , "BE Radar fixe BE 70"
4.27614 , 50.67258 , "BE Radar fixe BE 70"
4.12678 , 50.9116 , "BE Radar fixe BE 70"
3.67149 , 51.01817 , "BE Radar fixe BE 70"
4.4164 , 50.83566 , "BE Radar fixe BE 70"
3.86944 , 51.10573 , "BE Radar fixe BE 70"
4.44397 , 51.21103 , "BE Radar fixe BE 70"
5.08586 , 51.20011 , "BE Radar fixe BE 70"
4.2475 , 50.8425 , "BE Radar fixe BE 70"
4.26254 , 50.84382 , "BE Radar fixe BE 70"
3.01377 , 51.02107 , "BE Radar fixe BE 70"
4.95071 , 51.3024 , "BE Radar fixe BE 70"
4.32548 , 50.94491 , "BE Radar fixe BE 70"
4.88478 , 51.10385 , "BE Radar fixe BE 70"
4.43715 , 50.89566 , "BE Radar fixe BE 70"
4.59059 , 50.66759 , "BE Radar fixe BE 70"
3.35901 , 50.87972 , "BE Radar fixe BE 70"
4.43366 , 50.8965 , "BE Radar fixe BE 70"
5.70062 , 50.97651 , "BE Radar fixe BE 70"
3.70111 , 51.00882 , "BE Radar fixe BE 70"
4.19221 , 51.17767 , "BE Radar fixe BE 70"
5.35274 , 50.61344 , "BE Radar fixe BE 70"
4.07467 , 50.83065 , "BE Radar fixe BE 70"
2.8663 , 50.95851 , "BE Radar fixe BE 70"
2.85931 , 50.86432 , "BE Radar fixe BE 70"
3.2338 , 51.22208 , "BE Radar fixe BE 70"
4.98018 , 51.34841 , "BE Radar fixe BE 70"
4.66056 , 50.9725 , "BE Radar fixe BE 70"
3.61911 , 51.10694 , "BE Radar fixe BE 70"
3.23024 , 51.19865 , "BE Radar fixe BE 70"
5.3764 , 51.03139 , "BE Radar fixe BE 70"
4.9673 , 51.32151 , "BE Radar fixe BE 70"
5.44812 , 50.92224 , "BE Radar fixe BE 70"
5.26417 , 50.95611 , "BE Radar fixe BE 70"
5.50826 , 51.00288 , "BE Radar fixe BE 70"
4.4662 , 51.04941 , "BE Radar fixe BE 70"
5.37471 , 51.02426 , "BE Radar fixe BE 70"
5.56486 , 51.19849 , "BE Radar fixe BE 70"
5.21924 , 51.04529 , "BE Radar fixe BE 70"
4.44619 , 51.21395 , "BE Radar fixe BE 70"
5.51296 , 51.0108 , "BE Radar fixe BE 70"
5.37477 , 51.02441 , "BE Radar fixe BE 70"
5.06311 , 51.09158 , "BE Radar fixe BE 70"
2.93728 , 51.06649 , "BE Radar fixe BE 70"
4.3826 , 50.76646 , "BE Radar fixe BE 70"
4.42022 , 51.25445 , "BE Radar fixe BE 70"
4.60356 , 51.04497 , "BE Radar fixe BE 70"
2.71437 , 51.13368 , "BE Radar fixe BE 70"
4.70221 , 50.8263 , "BE Radar fixe BE 70"
4.03407 , 50.95721 , "BE Radar fixe BE 70"
5.19307 , 50.60384 , "BE Radar fixe BE 70"
4.42025 , 51.24433 , "BE Radar fixe BE 70"
4.89157 , 51.08494 , "BE Radar fixe BE 70"
4.39932 , 50.84831 , "BE Radar fixe BE 70"
3.56239 , 50.81298 , "BE Radar fixe BE 70"
4.12621 , 51.03729 , "BE Radar fixe BE 70"
4.98061 , 50.91556 , "BE Radar fixe BE 70"
4.07327 , 50.79287 , "BE Radar fixe BE 70"
3.23478 , 51.20212 , "BE Radar fixe BE 70"
3.86859 , 51.10533 , "BE Radar fixe BE 70"
5.59535 , 50.81199 , "BE Radar fixe BE 70"
2.70602 , 51.14219 , "BE Radar fixe BE 70"
5.20349 , 51.19216 , "BE Radar fixe BE 70"
4.1453 , 51.08688 , "BE Radar fixe BE 70"
4.11986 , 50.69561 , "BE Radar fixe BE 70"
4.82778 , 51.00221 , "BE Radar fixe BE 70"
4.03396 , 50.95706 , "BE Radar fixe BE 70"
4.03132 , 50.84489 , "BE Radar fixe BE 70"
3.04511 , 51.02279 , "BE Radar fixe BE 70"
2.92387 , 51.21735 , "BE Radar fixe BE 70"
4.90972 , 51.14087 , "BE Radar fixe BE 70"
5.21042 , 50.79928 , "BE Radar fixe BE 70"
5.19369 , 50.81196 , "BE Radar fixe BE 70"
4.12625 , 51.03729 , "BE Radar fixe BE 70"
5.31748 , 50.9365 , "BE Radar fixe BE 70"
5.17803 , 51.19075 , "BE Radar fixe BE 70"
4.59025 , 50.66706 , "BE Radar fixe BE 70"
4.96743 , 51.3215 , "BE Radar fixe BE 70"
5.31939 , 50.9524 , "BE Radar fixe BE 70"
3.40978 , 50.90331 , "BE Radar fixe BE 70"
2.71435 , 51.13367 , "BE Radar fixe BE 70"
4.50604 , 50.97812 , "BE Radar fixe BE 70"
4.47285 , 51.27561 , "BE Radar fixe BE 70"
3.79437 , 51.08371 , "BE Radar fixe BE 70"
3.23485 , 51.22088 , "BE Radar fixe BE 70"
5.3482 , 50.94354 , "BE Radar fixe BE 70"
5.00486 , 51.30921 , "BE Radar fixe BE 70"
4.43018 , 50.91032 , "BE Radar fixe BE 70"
4.50641 , 50.9786 , "BE Radar fixe BE 70"
4.95448 , 51.29198 , "BE Radar fixe BE 70"
4.98461 , 51.18263 , "BE Radar fixe BE 70"
3.20698 , 51.17143 , "BE Radar fixe BE 70"
5.31393 , 51.22178 , "BE Radar fixe BE 70"
2.90389 , 51.21417 , "BE Radar fixe BE 70"
3.67066 , 51.0179 , "BE Radar fixe BE 70"
5.44808 , 50.92223 , "BE Radar fixe BE 70"
4.47311 , 51.02201 , "BE Radar fixe BE 70"
4.47286 , 51.2757 , "BE Radar fixe BE 70"
3.59133 , 50.79559 , "BE Radar fixe BE 70"
4.13278 , 51.15055 , "BE Radar fixe BE 70"
4.2749 , 50.78285 , "BE Radar fixe BE 70"
4.51138 , 50.86848 , "BE Radar fixe BE 70"
3.65568 , 51.05177 , "BE Radar fixe BE 70"
4.47549 , 51.01173 , "BE Radar fixe BE 70"
4.40015 , 51.2645 , "BE Radar fixe BE 70"
4.42252 , 51.1927 , "BE Radar fixe BE 70"
4.24909 , 50.89292 , "BE Radar fixe BE 70"
5.29936 , 50.93957 , "BE Radar fixe BE 70"
5.03389 , 51.4416 , "BE Radar fixe BE 70"
5.10351 , 51.10725 , "BE Radar fixe BE 70"
5.21916 , 51.07893 , "BE Radar fixe BE 70"
5.06238 , 51.17086 , "BE Radar fixe BE 70"
4.60429 , 50.66281 , "BE Radar fixe BE 70"
5.69995 , 51.03835 , "BE Radar fixe BE 70"
4.42648 , 50.90338 , "BE Radar fixe BE 70"
4.65989 , 50.86478 , "BE Radar fixe BE 70"
4.19307 , 50.83804 , "BE Radar fixe BE 70"
4.40094 , 51.26487 , "BE Radar fixe BE 70"
5.35855 , 50.65886 , "BE Radar fixe BE 70"
4.24882 , 50.7552 , "BE Radar fixe BE 70"
5.37846 , 51.03806 , "BE Radar fixe BE 70"
5.06825 , 51.26432 , "BE Radar fixe BE 70"
4.58202 , 50.95013 , "BE Radar fixe BE 70"
3.4034 , 50.90042 , "BE Radar fixe BE 70"
4.86917 , 51.10889 , "BE Radar fixe BE 70"
4.03252 , 50.88582 , "BE Radar fixe BE 70"
4.03312 , 50.95622 , "BE Radar fixe BE 70"
4.42026 , 51.25438 , "BE Radar fixe BE 70"
5.38239 , 51.0565 , "BE Radar fixe BE 70"
4.4216 , 51.19227 , "BE Radar fixe BE 70"
5.38167 , 51.12639 , "BE Radar fixe BE 70"
4.03046 , 50.84499 , "BE Radar fixe BE 70"
4.85457 , 50.97952 , "BE Radar fixe BE 70"
4.11924 , 50.69533 , "BE Radar fixe BE 70"
4.98442 , 51.18224 , "BE Radar fixe BE 70"
4.12442 , 50.83382 , "BE Radar fixe BE 70"
5.64201 , 50.89821 , "BE Radar fixe BE 70"
4.89553 , 50.49849 , "BE Radar fixe BE 70"
4.42484 , 51.18983 , "BE Radar fixe BE 70"
4.18341 , 51.17221 , "BE Radar fixe BE 70"
4.83699 , 50.96275 , "BE Radar fixe BE 70"
4.44029 , 51.20796 , "BE Radar fixe BE 70"
4.41992 , 51.25485 , "BE Radar fixe BE 70"
3.61986 , 51.10702 , "BE Radar fixe BE 70"
4.85573 , 51.31028 , "BE Radar fixe BE 70"
4.83855 , 50.95171 , "BE Radar fixe BE 70"
3.24173 , 50.79718 , "BE Radar fixe BE 70"
5.19356 , 50.81199 , "BE Radar fixe BE 70"
5.29807 , 50.93957 , "BE Radar fixe BE 70"
4.31606 , 50.94798 , "BE Radar fixe BE 70"
4.41999 , 51.26061 , "BE Radar fixe BE 70"
5.32591 , 50.91669 , "BE Radar fixe BE 70"
4.43614 , 50.8404 , "BE Radar fixe BE 70"
4.96746 , 51.3211 , "BE Radar fixe BE 70"
4.24803 , 50.84267 , "BE Radar fixe BE 70"
5.03942 , 51.06714 , "BE Radar fixe BE 70"
4.32468 , 50.94498 , "BE Radar fixe BE 70"
3.41012 , 50.90364 , "BE Radar fixe BE 70"
2.94066 , 51.1577 , "BE Radar fixe BE 70"
5.358453 , 50.659065 , "BE Radar fixe BE 70"
5.68238 , 50.96062 , "BE Radar fixe BE 70"
4.07281 , 50.79306 , "BE Radar fixe BE 70"
3.68606 , 50.99662 , "BE Radar fixe BE 70"
5.26027 , 50.54599 , "BE Radar fixe BE 70"
3.00064 , 51.12063 , "BE Radar fixe BE 70"
4.94799 , 51.14261 , "BE Radar fixe BE 70"
3.61758 , 50.90944 , "BE Radar fixe BE 70"
4.42169 , 51.19222 , "BE Radar fixe BE 70"
4.44038 , 51.2086 , "BE Radar fixe BE 70"
3.79331 , 51.08319 , "BE Radar fixe BE 70"
4.12598 , 51.03773 , "BE Radar fixe BE 70"
4.94169 , 51.13983 , "BE Radar fixe BE 70"
4.42242 , 51.19279 , "BE Radar fixe BE 70"
5.35878 , 50.72526 , "BE Radar fixe BE 70"
4.41987 , 51.26058 , "BE Radar fixe BE 70"
4.14168 , 51.08248 , "BE Radar fixe BE 70"
3.83304 , 50.88683 , "BE Radar fixe BE 70"
3.24164 , 50.79665 , "BE Radar fixe BE 70"
3.23556 , 51.20286 , "BE Radar fixe BE 70"
4.95777 , 51.14645 , "BE Radar fixe BE 70"
5.14751 , 50.5433 , "BE Radar fixe BE 70"
5.46814 , 50.93225 , "BE Radar fixe BE 70"
4.10482 , 50.83251 , "BE Radar fixe BE 70"
4.98008 , 51.34838 , "BE Radar fixe BE 70"
4.42045 , 51.24432 , "BE Radar fixe BE 70"
4.5112 , 50.87006 , "BE Radar fixe BE 70"
4.83856 , 51.00987 , "BE Radar fixe BE 70"
4.455 , 50.91432 , "BE Radar fixe BE 70"
5.29108 , 50.5722 , "BE Radar fixe BE 70"
4.40006 , 51.2646 , "BE Radar fixe BE 70"
2.91917 , 51.21861 , "BE Radar fixe BE 70"
4.12312 , 51.05959 , "BE Radar fixe BE 70"
4.4363 , 50.89557 , "BE Radar fixe BE 70"
5.35849 , 50.65892 , "BE Radar fixe BE 70"
5.35258 , 50.88363 , "BE Radar fixe BE 70"
3.83899 , 50.87467 , "BE Radar fixe BE 70"
4.15788 , 50.91858 , "BE Radar fixe BE 70"
4.06944 , 51.13844 , "BE Radar fixe BE 70"
5.5085 , 51.0029 , "BE Radar fixe BE 70"
3.58716 , 50.76504 , "BE Radar fixe BE 70"
5.127 , 51.23847 , "BE Radar fixe BE 70"
3.83337 , 50.88645 , "BE Radar fixe BE 70"
5.35865 , 50.72525 , "BE Radar fixe BE 70"
4.23778 , 50.89611 , "BE Radar fixe BE 70"
4.71465 , 51.05992 , "BE Radar fixe BE 70"
4.42145 , 50.9156 , "BE Radar fixe BE 70"
4.39469 , 50.74277 , "BE Radar fixe BE 70"
4.61829 , 50.6822 , "BE Radar fixe BE 70"
4.41117 , 50.87615 , "BE Radar fixe BE 70"
4.71889 , 50.84722 , "BE Radar fixe BE 70"
4.42705 , 50.90284 , "BE Radar fixe BE 70"
4.83875 , 51.00947 , "BE Radar fixe BE 70"
4.66105 , 50.86493 , "BE Radar fixe BE 70"
5.38137 , 51.04982 , "BE Radar fixe BE 70"
3.714 , 51.10038 , "BE Radar fixe BE 70"
5.3587 , 50.72527 , "BE Radar fixe BE 70"
4.58259 , 51.18558 , "BE Radar fixe BE 70"
4.44709 , 50.9187 , "BE Radar fixe BE 70"
4.94059 , 50.80225 , "BE Radar fixe BE 70"
5.4511 , 50.68778 , "BE Radar fixe BE 70"
3.63711 , 51.09839 , "BE Radar fixe BE 70"
4.86944 , 51.10667 , "BE Radar fixe BE 70"
4.98495 , 51.18205 , "BE Radar fixe BE 70"
3.63699 , 51.09836 , "BE Radar fixe BE 70"
4.41983 , 51.25481 , "BE Radar fixe BE 70"
4.18157 , 50.92627 , "BE Radar fixe BE 70"
4.90295 , 50.46394 , "BE Radar fixe BE 70"
5.38806 , 51.12695 , "BE Radar fixe BE 70"
4.44409 , 51.21102 , "BE Radar fixe BE 70"
4.95429 , 51.2825 , "BE Radar fixe BE 70"
5.32646 , 50.91751 , "BE Radar fixe BE 70"
4.94167 , 51.13984 , "BE Radar fixe BE 70"
4.43496 , 51.20173 , "BE Radar fixe BE 70"
4.21854 , 50.84003 , "BE Radar fixe BE 70"
4.12371 , 50.83364 , "BE Radar fixe BE 70"
5.34539 , 50.94824 , "BE Radar fixe BE 70"
4.16049 , 51.15017 , "BE Radar fixe BE 70"
4.83615 , 50.96731 , "BE Radar fixe BE 70"
5.21101 , 50.79908 , "BE Radar fixe BE 70"
5.36301 , 50.97512 , "BE Radar fixe BE 70"
2.93718 , 51.06647 , "BE Radar fixe BE 70"
2.9157 , 51.21465 , "BE Radar fixe BE 70"
4.93593 , 50.80172 , "BE Radar fixe BE 70"
3.26219 , 51.3409 , "BE Radar fixe BE 70"
5.38228 , 51.12644 , "BE Radar fixe BE 70"
4.43438 , 50.9154 , "BE Radar fixe BE 70"
4.85793 , 51.0878 , "BE Radar fixe BE 70"
4.02466 , 50.75496 , "BE Radar fixe BE 70"
3.03963 , 51.02202 , "BE Radar fixe BE 70"
4.59044 , 50.66708 , "BE Radar fixe BE 70"
5.34174 , 50.94044 , "BE Radar fixe BE 70"
4.82421 , 51.19857 , "BE Radar fixe BE 70"
4.6791 , 50.86795 , "BE Radar fixe BE 70"
4.98792 , 50.93164 , "BE Radar fixe BE 70"
4.09914 , 50.83238 , "BE Radar fixe BE 70"
4.46381 , 51.25998 , "BE Radar fixe BE 70"
4.46975 , 50.87199 , "BE Radar fixe BE 70"
4.43733 , 50.8126 , "BE Radar fixe BE 70"
3.20638 , 51.17185 , "BE Radar fixe BE 70"
4.50603 , 50.97819 , "BE Radar fixe BE 70"
4.52875 , 51.28103 , "BE Radar fixe BE 70"
4.83621 , 50.96735 , "BE Radar fixe BE 70"
3.65549 , 51.05122 , "BE Radar fixe BE 70"
5.07487 , 51.19811 , "BE Radar fixe BE 70"
4.56153 , 50.97588 , "BE Radar fixe BE 70"
4.70585 , 51.16422 , "BE Radar fixe BE 70"
3.95275 , 51.11462 , "BE Radar fixe BE 70"
4.03387 , 50.95649 , "BE Radar fixe BE 70"
3.63787 , 51.09813 , "BE Radar fixe BE 70"
4.5073 , 51.30781 , "BE Radar fixe BE 70"
3.16267 , 51.07143 , "BE Radar fixe BE 70"
4.53235 , 50.69052 , "BE Radar fixe BE 70"
4.43375 , 50.89666 , "BE Radar fixe BE 70"
3.41017 , 50.90359 , "BE Radar fixe BE 70"
4.52593 , 50.75373 , "BE Radar fixe BE 70"
4.70202 , 50.82644 , "BE Radar fixe BE 70"
5.23014 , 50.94791 , "BE Radar fixe BE 70"
3.83301 , 50.88693 , "BE Radar fixe BE 70"
4.47712 , 50.81966 , "BE Radar fixe BE 70"
4.06949 , 51.13847 , "BE Radar fixe BE 70"
5.58024 , 51.01386 , "BE Radar fixe BE 70"
4.92332 , 51.3149 , "BE Radar fixe BE 70"
4.94003 , 50.80189 , "BE Radar fixe BE 70"
5.21939 , 51.07848 , "BE Radar fixe BE 70"
2.94114 , 51.22701 , "BE Radar fixe BE 70"
4.83867 , 51.00946 , "BE Radar fixe BE 70"
4.43493 , 51.20169 , "BE Radar fixe BE 70"
2.92111 , 51.21778 , "BE Radar fixe BE 70"
3.31099 , 51.31522 , "BE Radar fixe BE 70"
3.82932 , 50.89834 , "BE Radar fixe BE 70"
3.32458 , 50.86342 , "BE Radar fixe BE 70"
4.85593 , 50.9794 , "BE Radar fixe BE 70"
4.94801 , 51.31248 , "BE Radar fixe BE 70"
4.39456 , 50.74174 , "BE Radar fixe BE 70"
4.41117 , 50.87618 , "BE Radar fixe BE 70"
4.0251 , 50.75482 , "BE Radar fixe BE 70"
4.42141 , 50.91547 , "BE Radar fixe BE 70"
5.35321 , 50.88314 , "BE Radar fixe BE 70"
5.69443 , 50.95811 , "BE Radar fixe BE 70"
5.72951 , 51.03577 , "BE Radar fixe BE 70"
4.23511 , 50.89692 , "BE Radar fixe BE 70"
4.43185 , 50.9127 , "BE Radar fixe BE 70"
4.11919 , 50.69532 , "BE Radar fixe BE 70"
4.88527 , 51.08559 , "BE Radar fixe BE 70"
3.90977 , 50.82569 , "BE Radar fixe BE 70"
4.43168 , 50.91275 , "BE Radar fixe BE 70"
4.94806 , 50.80806 , "BE Radar fixe BE 70"
4.96507 , 51.16411 , "BE Radar fixe BE 70"
4.41989 , 51.24516 , "BE Radar fixe BE 70"
4.94759 , 50.80242 , "BE Radar fixe BE 70"
5.69655 , 50.96703 , "BE Radar fixe BE 70"
4.17019 , 50.75631 , "BE Radar fixe BE 70"
5.35972 , 50.94333 , "BE Radar fixe BE 70"
5.06204 , 50.58195 , "BE Radar fixe BE 70"
4.16946 , 50.75646 , "BE Radar fixe BE 70"
4.44019 , 51.20796 , "BE Radar fixe BE 70"
5.53986 , 50.98569 , "BE Radar fixe BE 70"
2.94056 , 51.15785 , "BE Radar fixe BE 70"
4.91806 , 51.305 , "BE Radar fixe BE 70"
4.4262 , 51.18919 , "BE Radar fixe BE 70"
4.66026 , 50.9725 , "BE Radar fixe BE 70"
4.98804 , 50.93163 , "BE Radar fixe BE 70"
3.75412 , 51.03487 , "BE Radar fixe BE 70"
5.19365 , 50.81239 , "BE Radar fixe BE 70"
5.47917 , 51.22194 , "BE Radar fixe BE 70"
4.14949 , 51.0922 , "BE Radar fixe BE 70"
4.46399 , 51.05424 , "BE Radar fixe BE 70"
3.58902 , 50.73126 , "BE Radar fixe BE 70"
5.32619 , 50.91684 , "BE Radar fixe BE 70"
4.82867 , 51.08963 , "BE Radar fixe BE 70"
4.92883 , 51.11507 , "BE Radar fixe BE 70"
4.19826 , 50.81141 , "BE Radar fixe BE 70"
5.3783 , 51.03862 , "BE Radar fixe BE 70"
3.31045 , 51.31474 , "BE Radar fixe BE 70"
4.34794 , 51.31704 , "BE Radar fixe BE 70"
4.43462 , 50.91602 , "BE Radar fixe BE 70"
4.17906 , 50.92021 , "BE Radar fixe BE 70"
4.40006 , 51.2645 , "BE Radar fixe BE 70"
3.23823 , 51.21683 , "BE Radar fixe BE 70"
4.36784 , 51.20901 , "BE Radar fixe BE 70"
4.38437 , 50.75966 , "BE Radar fixe BE 70"
4.4009 , 51.26497 , "BE Radar fixe BE 70"
3.80609 , 50.89513 , "BE Radar fixe BE 70"
4.08455 , 50.83143 , "BE Radar fixe BE 70"
5.23378 , 51.08849 , "BE Radar fixe BE 70"
3.83935 , 50.8742 , "BE Radar fixe BE 70"
4.50574 , 50.97888 , "BE Radar fixe BE 70"
5.35529 , 50.96342 , "BE Radar fixe BE 70"
3.22755 , 51.2228 , "BE Radar fixe BE 70"
4.4765 , 50.81956 , "BE Radar fixe BE 70"
4.50581 , 50.97877 , "BE Radar fixe BE 70"
4.99794 , 51.31165 , "BE Radar fixe BE 70"
4.94157 , 51.31273 , "BE Radar fixe BE 70"
4.47583 , 50.81944 , "BE Radar fixe BE 70"
4.57821 , 51.12351 , "BE Radar fixe BE 70"
4.37222 , 50.88931 , "BE Radar fixe BE 70"
5.22045 , 50.1446 , "BE Radar fixe BE 70"
4.96551 , 51.12092 , "BE Radar fixe BE 70"
4.14147 , 51.08197 , "BE Radar fixe BE 70"
4.85596 , 50.97943 , "BE Radar fixe BE 70"
2.9208 , 51.21463 , "BE Radar fixe BE 70"
4.58885 , 51.18461 , "BE Radar fixe BE 70"
4.43705 , 51.20312 , "BE Radar fixe BE 70"
4.40431 , 50.8498 , "BE Radar fixe BE 70"
4.41976 , 51.24517 , "BE Radar fixe BE 70"
4.16048 , 51.15016 , "BE Radar fixe BE 70"
3.23085 , 51.19936 , "BE Radar fixe BE 70"
4.3842 , 50.75969 , "BE Radar fixe BE 70"
4.45387 , 50.91463 , "BE Radar fixe BE 70"
4.91228 , 50.79033 , "BE Radar fixe BE 70"
4.17404 , 51.16655 , "BE Radar fixe BE 70"
5.21941 , 51.07842 , "BE Radar fixe BE 70"
4.52687 , 50.7549 , "BE Radar fixe BE 70"
4.94801 , 51.31238 , "BE Radar fixe BE 70"
3.81504 , 50.95289 , "BE Radar fixe BE 70"
4.66088 , 50.86495 , "BE Radar fixe BE 70"
3.32568 , 50.86408 , "BE Radar fixe BE 70"
5.50272 , 51.13552 , "BE Radar fixe BE 70"
4.14944 , 51.09731 , "BE Radar fixe BE 70"
4.5018 , 50.91887 , "BE Radar fixe BE 70"
4.94723 , 51.14211 , "BE Radar fixe BE 70"
4.42009 , 51.25486 , "BE Radar fixe BE 70"
4.67655 , 50.90979 , "BE Radar fixe BE 70"
4.82831 , 51.00195 , "BE Radar fixe BE 70"
3.28625 , 50.8389 , "BE Radar fixe BE 70"
2.92417 , 51.2175 , "BE Radar fixe BE 70"
3.6025 , 51.14013 , "BE Radar fixe BE 70"
5.05158 , 51.28522 , "BE Radar fixe BE 70"
4.94758 , 50.80291 , "BE Radar fixe BE 70"
4.50208 , 50.9193 , "BE Radar fixe BE 70"
4.16154 , 51.14957 , "BE Radar fixe BE 70"
4.39477 , 50.74274 , "BE Radar fixe BE 70"
4.68416 , 50.9946 , "BE Radar fixe BE 70"
4.43169 , 50.91277 , "BE Radar fixe BE 70"
3.23026 , 51.19867 , "BE Radar fixe BE 70"
4.08288 , 51.14282 , "BE Radar fixe BE 70"
5.21846 , 51.0454 , "BE Radar fixe BE 70"
4.23454 , 50.89706 , "BE Radar fixe BE 70"
2.91463 , 51.21432 , "BE Radar fixe BE 70"
4.16276 , 50.95192 , "BE Radar fixe BE 70"
4.55153 , 51.0367 , "BE Radar fixe BE 70"
5.06334 , 51.1711 , "BE Radar fixe BE 70"
5.19178 , 50.81053 , "BE Radar fixe BE 70"
5.14722 , 50.54333 , "BE Radar fixe BE 70"
5.31979 , 50.95226 , "BE Radar fixe BE 70"
3.68605 , 50.99655 , "BE Radar fixe BE 70"
4.7023 , 50.82579 , "BE Radar fixe BE 70"
5.01845 , 51.16385 , "BE Radar fixe BE 70"
2.7061 , 51.1422 , "BE Radar fixe BE 70"
5.39128 , 50.68226 , "BE Radar fixe BE 70"
5.35065 , 50.91315 , "BE Radar fixe BE 70"
5.08581 , 51.20022 , "BE Radar fixe BE 70"
5.18243 , 51.21241 , "BE Radar fixe BE 70"
4.41192 , 50.87674 , "BE Radar fixe BE 70"
5.34172 , 50.93974 , "BE Radar fixe BE 70"
4.92194 , 51.31556 , "BE Radar fixe BE 70"
4.47729 , 50.82037 , "BE Radar fixe BE 70"
4.14515 , 50.83514 , "BE Radar fixe BE 70"
5.21865 , 51.04569 , "BE Radar fixe BE 70"
4.17428 , 51.16694 , "BE Radar fixe BE 70"
4.7706 , 51.17672 , "BE Radar fixe BE 70"
5.50278 , 51.13556 , "BE Radar fixe BE 70"
4.90331 , 51.31681 , "BE Radar fixe BE 70"
5.72943 , 51.03643 , "BE Radar fixe BE 70"
5.19833 , 50.81673 , "BE Radar fixe BE 70"
3.15318 , 51.32074 , "BE Radar fixe BE 70"
4.48301 , 51.02073 , "BE Radar fixe BE 70"
2.93617 , 51.16057 , "BE Radar fixe BE 70"
5.11182 , 51.34366 , "BE Radar fixe BE 70"
4.36547 , 50.92061 , "BE Radar fixe BE 70"
4.94799 , 51.14258 , "BE Radar fixe BE 70"
4.48726 , 51.2408 , "BE Radar fixe BE 70"
3.23565 , 51.20294 , "BE Radar fixe BE 70"
3.59907 , 51.15401 , "BE Radar fixe BE 70"
4.77362 , 50.73432 , "BE Radar fixe BE 70"
4.12877 , 51.03172 , "BE Radar fixe BE 70"
4.48329 , 51.03306 , "BE Radar fixe BE 70"
4.41991 , 51.24517 , "BE Radar fixe BE 70"
5.19456 , 50.6502 , "BE Radar fixe BE 70"
3.80648 , 50.89539 , "BE Radar fixe BE 70"
4.10578 , 50.83264 , "BE Radar fixe BE 70"
4.82427 , 51.19864 , "BE Radar fixe BE 70"
3.58713 , 50.7646 , "BE Radar fixe BE 70"
4.45731 , 51.2328 , "BE Radar fixe BE 70"
4.47025 , 51.02827 , "BE Radar fixe BE 70"
4.42036 , 51.2385 , "BE Radar fixe BE 70"
4.58895 , 51.18464 , "BE Radar fixe BE 70"
5.48727 , 50.65276 , "BE Radar fixe BE 70"
3.49397 , 50.95543 , "BE Radar fixe BE 70"
4.16238 , 50.95224 , "BE Radar fixe BE 70"
3.20624 , 51.17188 , "BE Radar fixe BE 70"
4.96207 , 51.14772 , "BE Radar fixe BE 70"
4.51099 , 50.8685 , "BE Radar fixe BE 70"
4.84755 , 51.15805 , "BE Radar fixe BE 70"
4.83745 , 50.96239 , "BE Radar fixe BE 70"
5.21771 , 51.05065 , "BE Radar fixe BE 70"
2.91791 , 51.22158 , "BE Radar fixe BE 70"
3.71416 , 51.10039 , "BE Radar fixe BE 70"
4.36511 , 50.92095 , "BE Radar fixe BE 70"
4.43734 , 51.20367 , "BE Radar fixe BE 70"
4.2585 , 50.89094 , "BE Radar fixe BE 70"
4.71958 , 50.84821 , "BE Radar fixe BE 70"
4.16146 , 51.14976 , "BE Radar fixe BE 70"
4.67892 , 50.86808 , "BE Radar fixe BE 70"
5.69541 , 50.96443 , "BE Radar fixe BE 70"
4.71404 , 51.06009 , "BE Radar fixe BE 70"
3.05887 , 50.94358 , "BE Radar fixe BE 70"
5.37666 , 51.03108 , "BE Radar fixe BE 70"
4.14947 , 51.09732 , "BE Radar fixe BE 70"
4.43208 , 51.19879 , "BE Radar fixe BE 70"
4.48733 , 51.241 , "BE Radar fixe BE 70"
3.49358 , 50.95503 , "BE Radar fixe BE 70"
4.16034 , 50.83575 , "BE Radar fixe BE 70"
4.42457 , 51.19056 , "BE Radar fixe BE 70"
4.92879 , 51.1151 , "BE Radar fixe BE 70"
4.88588 , 51.20483 , "BE Radar fixe BE 70"
3.85873 , 50.97769 , "BE Radar fixe BE 70"
4.16097 , 50.8358 , "BE Radar fixe BE 70"
4.95813 , 50.82145 , "BE Radar fixe BE 70"
4.50175 , 50.9189 , "BE Radar fixe BE 70"
4.56085 , 50.97616 , "BE Radar fixe BE 70"
5.52582 , 50.61691 , "BE Radar fixe BE 70"
3.30331 , 50.77892 , "BE Radar fixe BE 70"
4.14044 , 50.98264 , "BE Radar fixe BE 70"
4.44827 , 50.92534 , "BE Radar fixe BE 70"
4.93795 , 50.81289 , "BE Radar fixe BE 70"
4.50667 , 51.2374 , "BE Radar fixe BE 70"
4.96886 , 51.15891 , "BE Radar fixe BE 70"
4.16979 , 50.75643 , "BE Radar fixe BE 70"
4.77368 , 51.32068 , "BE Radar fixe BE 70"
4.67979 , 50.90034 , "BE Radar fixe BE 70"
5.00949 , 51.18026 , "BE Radar fixe BE 70"
4.83041 , 50.99985 , "BE Radar fixe BE 70"
5.69995 , 51.03828 , "BE Radar fixe BE 70"
4.2263 , 50.89888 , "BE Radar fixe BE 70"
5.19191 , 50.81048 , "BE Radar fixe BE 70"
2.91741 , 51.22212 , "BE Radar fixe BE 70"
4.45514 , 50.41259 , "BE Radar fixe BE 70"
4.25763 , 50.89086 , "BE Radar fixe BE 70"
3.58699 , 50.76454 , "BE Radar fixe BE 70"
5.14723 , 50.54326 , "BE Radar fixe BE 70"
5.68084 , 50.90863 , "BE Radar fixe BE 70"
4.50642 , 51.23753 , "BE Radar fixe BE 70"
4.4215 , 50.91543 , "BE Radar fixe BE 70"
4.91492 , 50.84036 , "BE Radar fixe BE 70"
4.44836 , 50.92464 , "BE Radar fixe BE 70"
5.39495 , 50.62918 , "BE Radar fixe BE 70"
2.90427 , 50.96756 , "BE Radar fixe BE 70"
5.151 , 51.15066 , "BE Radar fixe BE 70"
4.03413 , 50.95674 , "BE Radar fixe BE 70"
4.58254 , 50.95052 , "BE Radar fixe BE 70"
4.72246 , 50.85131 , "BE Radar fixe BE 70"
4.92361 , 51.315 , "BE Radar fixe BE 70"
3.79348 , 51.08326 , "BE Radar fixe BE 70"
4.47016 , 51.02848 , "BE Radar fixe BE 70"
3.22682 , 51.22255 , "BE Radar fixe BE 70"
3.82852 , 50.89892 , "BE Radar fixe BE 70"
3.63803 , 51.09807 , "BE Radar fixe BE 70"
5.51 , 51.13583 , "BE Radar fixe BE 70"
4.42009 , 51.24517 , "BE Radar fixe BE 70"
4.032 , 50.88632 , "BE Radar fixe BE 70"
5.73084 , 49.76083 , "BE Radar fixe BE 70"
4.43016 , 50.91027 , "BE Radar fixe BE 70"
3.81543 , 50.9526 , "BE Radar fixe BE 70"
4.44531 , 50.85521 , "BE Radar fixe BE 70"
5.32598 , 50.91679 , "BE Radar fixe BE 70"
5.69532 , 51.0378 , "BE Radar fixe BE 70"
5.19766 , 50.81608 , "BE Radar fixe BE 70"
4.99988 , 51.11311 , "BE Radar fixe BE 70"
4.15928 , 51.1708 , "BE Radar fixe BE 70"
3.18911 , 51.21455 , "BE Radar fixe BE 70"
5.19159 , 50.81054 , "BE Radar fixe BE 70"
4.9846 , 51.18268 , "BE Radar fixe BE 70"
4.43612 , 50.84041 , "BE Radar fixe BE 70"
2.91469 , 51.21425 , "BE Radar fixe BE 70"
4.44566 , 50.85584 , "BE Radar fixe BE 70"
3.82936 , 50.89831 , "BE Radar fixe BE 70"
4.67978 , 50.90036 , "BE Radar fixe BE 70"
3.21957 , 51.19862 , "BE Radar fixe BE 70"
4.12811 , 51.03204 , "BE Radar fixe BE 70"
4.7225 , 50.85163 , "BE Radar fixe BE 70"
3.59041 , 50.7704 , "BE Radar fixe BE 70"
4.67612 , 50.95249 , "BE Radar fixe BE 70"
2.86653 , 50.9585 , "BE Radar fixe BE 70"
4.44621 , 51.21394 , "BE Radar fixe BE 70"
5.21098 , 50.79912 , "BE Radar fixe BE 70"
3.40309 , 50.90014 , "BE Radar fixe BE 70"
4.41985 , 51.26059 , "BE Radar fixe BE 70"
3.37981 , 50.78823 , "BE Radar fixe BE 70"
4.95812 , 51.15504 , "BE Radar fixe BE 70"
2.94155 , 51.22654 , "BE Radar fixe BE 70"
5.22915 , 50.94767 , "BE Radar fixe BE 70"
4.1454 , 51.0869 , "BE Radar fixe BE 70"
5.34312 , 50.94404 , "BE Radar fixe BE 70"
5.00949 , 51.18032 , "BE Radar fixe BE 70"
5.19348 , 50.81204 , "BE Radar fixe BE 70"
4.46385 , 51.26004 , "BE Radar fixe BE 70"
4.46234 , 51.05694 , "BE Radar fixe BE 70"
4.50548 , 50.97839 , "BE Radar fixe BE 70"
4.85645 , 51.31048 , "BE Radar fixe BE 70"
2.71387 , 51.13392 , "BE Radar fixe BE 70"
4.7222 , 50.85065 , "BE Radar fixe BE 70"
3.18909 , 51.2145 , "BE Radar fixe BE 70"
4.42001 , 51.26059 , "BE Radar fixe BE 70"
5.19842 , 50.81666 , "BE Radar fixe BE 70"
4.16122 , 50.83589 , "BE Radar fixe BE 70"
4.43173 , 51.19809 , "BE Radar fixe BE 70"
4.43426 , 50.91548 , "BE Radar fixe BE 70"
4.83707 , 50.96284 , "BE Radar fixe BE 70"
3.86883 , 50.77222 , "BE Radar fixe BE 70"
4.4248 , 51.18978 , "BE Radar fixe BE 70"
4.88245 , 51.0615 , "BE Radar fixe BE 70"
4.54949 , 51.14221 , "BE Radar fixe BE 70"
5.18233 , 51.21277 , "BE Radar fixe BE 70"
5.1931 , 50.60389 , "BE Radar fixe BE 70"
4.39442 , 50.74165 , "BE Radar fixe BE 70"
3.19868 , 51.24155 , "BE Radar fixe BE 70"
4.37462 , 51.20282 , "BE Radar fixe BE 70"
4.14982 , 51.097 , "BE Radar fixe BE 70"
3.42361 , 50.87833 , "BE Radar fixe BE 70"
5.38221 , 51.05647 , "BE Radar fixe BE 70"
4.43928 , 51.20592 , "BE Radar fixe BE 70"
4.4329 , 50.89674 , "BE Radar fixe BE 70"
4.47718 , 50.82038 , "BE Radar fixe BE 70"
4.96833 , 51.1593 , "BE Radar fixe BE 70"
4.38444 , 50.75945 , "BE Radar fixe BE 70"
4.93802 , 50.81292 , "BE Radar fixe BE 70"
4.92306 , 50.79845 , "BE Radar fixe BE 70"
5.29944 , 50.93939 , "BE Radar fixe BE 70"
5.37479 , 51.02383 , "BE Radar fixe BE 70"
3.86856 , 51.10533 , "BE Radar fixe BE 70"
4.21944 , 50.90028 , "BE Radar fixe BE 70"
3.4033 , 50.90041 , "BE Radar fixe BE 70"
3.35951 , 50.88009 , "BE Radar fixe BE 70"
4.42039 , 51.24433 , "BE Radar fixe BE 70"
5.02896 , 51.16436 , "BE Radar fixe BE 70"
4.40015 , 51.26459 , "BE Radar fixe BE 70"
5.19475 , 50.65011 , "BE Radar fixe BE 70"
3.58902 , 50.73125 , "BE Radar fixe BE 70"
5.37675 , 51.03106 , "BE Radar fixe BE 70"
4.53842 , 51.28935 , "BE Radar fixe BE 70"
3.19822 , 51.24206 , "BE Radar fixe BE 70"
3.00488 , 51.0195 , "BE Radar fixe BE 70"
5.43067 , 50.65467 , "BE Radar fixe BE 70"
5.59483 , 50.81163 , "BE Radar fixe BE 70"
3.00422 , 51.0193 , "BE Radar fixe BE 70"
5.03121 , 51.08405 , "BE Radar fixe BE 70"
5.23023 , 50.94776 , "BE Radar fixe BE 70"
4.74022 , 50.93661 , "BE Radar fixe BE 70"
4.94667 , 51.14194 , "BE Radar fixe BE 70"
3.40333 , 50.90008 , "BE Radar fixe BE 70"
4.6017 , 51.02003 , "BE Radar fixe BE 70"
4.4214 , 50.91505 , "BE Radar fixe BE 70"
3.56791 , 50.81548 , "BE Radar fixe BE 70"
4.43198 , 51.19867 , "BE Radar fixe BE 70"
5.51278 , 51.01111 , "BE Radar fixe BE 70"
4.14092 , 50.9824 , "BE Radar fixe BE 70"
4.28935 , 50.66428 , "BE Radar fixe BE 70"
3.49397 , 50.95537 , "BE Radar fixe BE 70"
5.31393 , 51.22181 , "BE Radar fixe BE 70"
3.29631 , 51.32485 , "BE Radar fixe BE 70"
2.68402 , 51.00559 , "BE Radar fixe BE 70"
2.68442 , 51.00521 , "BE Radar fixe BE 70"
3.21899 , 51.19884 , "BE Radar fixe BE 70"
4.84814 , 51.15762 , "BE Radar fixe BE 70"
5.05159 , 51.28524 , "BE Radar fixe BE 70"
4.44327 , 51.22976 , "BE Radar fixe BE 70"
4.44699 , 50.822 , "BE Radar fixe BE 70"
4.97876 , 50.82655 , "BE Radar fixe BE 70"
5.69438 , 50.95818 , "BE Radar fixe BE 70"
4.76425 , 51.03505 , "BE Radar fixe BE 70"
4.14094 , 50.98226 , "BE Radar fixe BE 70"
5.00478 , 51.30918 , "BE Radar fixe BE 70"
4.94719 , 51.14213 , "BE Radar fixe BE 70"
4.51099 , 50.86848 , "BE Radar fixe BE 70"
4.96553 , 51.12095 , "BE Radar fixe BE 70"
3.21436 , 51.20938 , "BE Radar fixe BE 70"
4.98063 , 50.91567 , "BE Radar fixe BE 70"
4.58763 , 51.12856 , "BE Radar fixe BE 70"
4.42721 , 50.83479 , "BE Radar fixe BE 70"
4.52873 , 51.28104 , "BE Radar fixe BE 70"
4.13328 , 51.15081 , "BE Radar fixe BE 70"
5.3131 , 51.21418 , "BE Radar fixe BE 70"
4.47018 , 51.02786 , "BE Radar fixe BE 70"
4.83845 , 50.9518 , "BE Radar fixe BE 70"
4.37466 , 51.20284 , "BE Radar fixe BE 70"
3.03711 , 51.02221 , "BE Radar fixe BE 70"
2.79346 , 51.06806 , "BE Radar fixe BE 70"
4.19796 , 50.81136 , "BE Radar fixe BE 70"
4.75103 , 50.97037 , "BE Radar fixe BE 70"
4.95458 , 51.31402 , "BE Radar fixe BE 70"
3.21368 , 51.20942 , "BE Radar fixe BE 70"
4.27611 , 50.67261 , "BE Radar fixe BE 70"
4.5104 , 50.87008 , "BE Radar fixe BE 70"
4.54965 , 51.13056 , "BE Radar fixe BE 70"
3.75489 , 51.03475 , "BE Radar fixe BE 70"
4.53838 , 51.28939 , "BE Radar fixe BE 70"
3.15307 , 51.32069 , "BE Radar fixe BE 70"
5.70051 , 50.97648 , "BE Radar fixe BE 70"
4.47027 , 51.02845 , "BE Radar fixe BE 70"
5.52593 , 50.6168 , "BE Radar fixe BE 70"
4.95818 , 50.82146 , "BE Radar fixe BE 70"
3.83926 , 50.87432 , "BE Radar fixe BE 70"
4.51045 , 50.87013 , "BE Radar fixe BE 70"
4.43181 , 50.91326 , "BE Radar fixe BE 70"
4.9676 , 51.32109 , "BE Radar fixe BE 70"
5.53985 , 50.98572 , "BE Radar fixe BE 70"
4.6044 , 50.66239 , "BE Radar fixe BE 70"
5.34814 , 50.91593 , "BE Radar fixe BE 70"
4.44389 , 51.211 , "BE Radar fixe BE 70"
4.50536 , 50.97841 , "BE Radar fixe BE 70"
5.01846 , 51.16387 , "BE Radar fixe BE 70"
4.16122 , 50.83603 , "BE Radar fixe BE 70"
4.37448 , 51.20278 , "BE Radar fixe BE 70"
3.86884 , 50.77263 , "BE Radar fixe BE 70"
4.14937 , 51.09184 , "BE Radar fixe BE 70"
3.56306 , 50.81333 , "BE Radar fixe BE 70"
4.42137 , 50.91513 , "BE Radar fixe BE 70"
3.37035 , 50.79543 , "BE Radar fixe BE 70"
5.45566 , 50.54674 , "BE Radar fixe BE 70"
4.86955 , 51.10495 , "BE Radar fixe BE 70"
4.96761 , 51.32111 , "BE Radar fixe BE 70"
4.38258 , 50.76615 , "BE Radar fixe BE 70"
3.09947 , 50.95154 , "BE Radar fixe BE 70"
4.42161 , 50.91551 , "BE Radar fixe BE 70"
