8.73833 , 53.46883 , "DE Radar fixe DE 50"
11.93342 , 51.48081 , "DE Radar fixe DE 50"
8.41311 , 49.98 , "DE Radar fixe DE 50"
8.71806 , 48.81414 , "DE Radar fixe DE 50"
9.58578 , 51.30939 , "DE Radar fixe DE 50"
8.50992 , 48.87047 , "DE Radar fixe DE 50"
7.05986 , 51.4385 , "DE Radar fixe DE 50"
9.38928 , 48.74881 , "DE Radar fixe DE 50"
7.32367 , 52.50353 , "DE Radar fixe DE 50"
9.13792 , 49.04322 , "DE Radar fixe DE 50"
12.39156 , 50.48617 , "DE Radar fixe DE 50"
9.31758 , 48.86869 , "DE Radar fixe DE 50"
9.53208 , 48.64803 , "DE Radar fixe DE 50"
6.43581 , 51.43222 , "DE Radar fixe DE 50"
6.76122 , 50.93492 , "DE Radar fixe DE 50"
8.0695 , 51.37683 , "DE Radar fixe DE 50"
14.46786 , 51.57025 , "DE Radar fixe DE 50"
9.06267 , 48.56083 , "DE Radar fixe DE 50"
9.82622 , 51.25125 , "DE Radar fixe DE 50"
6.83242 , 50.73578 , "DE Radar fixe DE 50"
13.83442 , 51.19467 , "DE Radar fixe DE 50"
9.41361 , 48.64408 , "DE Radar fixe DE 50"
9.60167 , 47.8525 , "DE Radar fixe DE 50"
8.68553 , 50.22742 , "DE Radar fixe DE 50"
9.29997 , 53.27503 , "DE Radar fixe DE 50"
9.77783 , 51.24775 , "DE Radar fixe DE 50"
8.57356 , 49.70764 , "DE Radar fixe DE 50"
6.94078 , 50.832 , "DE Radar fixe DE 50"
9.42933 , 48.71719 , "DE Radar fixe DE 50"
13.91042 , 51.2705 , "DE Radar fixe DE 50"
9.91072 , 48.637 , "DE Radar fixe DE 50"
8.8775 , 48.24739 , "DE Radar fixe DE 50"
9.47389 , 48.06478 , "DE Radar fixe DE 50"
9.32992 , 48.54447 , "DE Radar fixe DE 50"
8.66689 , 49.98667 , "DE Radar fixe DE 50"
8.48172 , 51.24878 , "DE Radar fixe DE 50"
6.83369 , 51.31264 , "DE Radar fixe DE 50"
7.88367 , 48.34969 , "DE Radar fixe DE 50"
10.23803 , 48.62692 , "DE Radar fixe DE 50"
7.13256 , 50.9885 , "DE Radar fixe DE 50"
9.53483 , 52.46144 , "DE Radar fixe DE 50"
9.84808 , 51.29519 , "DE Radar fixe DE 50"
9.81864 , 50.69969 , "DE Radar fixe DE 50"
9.00461 , 47.86208 , "DE Radar fixe DE 50"
9.18556 , 48.5415 , "DE Radar fixe DE 50"
10.12406 , 48.50419 , "DE Radar fixe DE 50"
8.75889 , 48.21164 , "DE Radar fixe DE 50"
8.62381 , 52.05547 , "DE Radar fixe DE 50"
8.80228 , 50.27767 , "DE Radar fixe DE 50"
9.18814 , 48.58742 , "DE Radar fixe DE 50"
9.06175 , 47.85658 , "DE Radar fixe DE 50"
8.7125 , 48.46292 , "DE Radar fixe DE 50"
9.22328 , 48.51394 , "DE Radar fixe DE 50"
8.06142 , 51.15061 , "DE Radar fixe DE 50"
8.97044 , 50.08375 , "DE Radar fixe DE 50"
9.62289 , 48.63897 , "DE Radar fixe DE 50"
12.77708 , 52.48164 , "DE Radar fixe DE 50"
9.19006 , 51.29492 , "DE Radar fixe DE 50"
8.56822 , 49.64281 , "DE Radar fixe DE 50"
8.71569 , 48.46747 , "DE Radar fixe DE 50"
8.85575 , 50.00058 , "DE Radar fixe DE 50"
13.43344 , 52.39478 , "DE Radar fixe DE 50"
8.93958 , 50.08614 , "DE Radar fixe DE 50"
14.40397 , 51.85156 , "DE Radar fixe DE 50"
8.24661 , 50.32375 , "DE Radar fixe DE 50"
8.75208 , 48.47897 , "DE Radar fixe DE 50"
8.60936 , 49.68122 , "DE Radar fixe DE 50"
8.12367 , 50.39264 , "DE Radar fixe DE 50"
8.96586 , 48.50622 , "DE Radar fixe DE 50"
14.40694 , 51.38461 , "DE Radar fixe DE 50"
9.98075 , 53.4235 , "DE Radar fixe DE 50"
8.59011 , 49.07886 , "DE Radar fixe DE 50"
11.07842 , 53.08325 , "DE Radar fixe DE 50"
7.84042 , 51.71564 , "DE Radar fixe DE 50"
13.24419 , 54.08136 , "DE Radar fixe DE 50"
8.41897 , 47.97239 , "DE Radar fixe DE 50"
7.58528 , 51.25497 , "DE Radar fixe DE 50"
10.67533 , 52.47058 , "DE Radar fixe DE 50"
7.17694 , 51.41028 , "DE Radar fixe DE 50"
13.86158 , 51.64131 , "DE Radar fixe DE 50"
8.46128 , 50.91256 , "DE Radar fixe DE 50"
11.30303 , 50.95203 , "DE Radar fixe DE 50"
9.07853 , 48.51211 , "DE Radar fixe DE 50"
8.7125 , 50.05219 , "DE Radar fixe DE 50"
8.05836 , 50.47461 , "DE Radar fixe DE 50"
9.43122 , 48.67028 , "DE Radar fixe DE 50"
6.95042 , 51.30861 , "DE Radar fixe DE 50"
8.30997 , 50.72325 , "DE Radar fixe DE 50"
9.68856 , 50.56506 , "DE Radar fixe DE 50"
8.57358 , 52.05319 , "DE Radar fixe DE 50"
6.67844 , 51.60814 , "DE Radar fixe DE 50"
9.13864 , 48.69689 , "DE Radar fixe DE 50"
8.02811 , 50.85211 , "DE Radar fixe DE 50"
9.13664 , 48.88803 , "DE Radar fixe DE 50"
8.87631 , 48.59244 , "DE Radar fixe DE 50"
7.3235 , 51.51683 , "DE Radar fixe DE 50"
10.04969 , 53.69708 , "DE Radar fixe DE 50"
10.68578 , 53.85108 , "DE Radar fixe DE 50"
9.791 , 52.01086 , "DE Radar fixe DE 50"
8.10819 , 48.79631 , "DE Radar fixe DE 50"
11.95414 , 51.46486 , "DE Radar fixe DE 50"
9.10917 , 48.37989 , "DE Radar fixe DE 50"
9.93908 , 48.79453 , "DE Radar fixe DE 50"
9.7915 , 48.85539 , "DE Radar fixe DE 50"
9.75233 , 49.51103 , "DE Radar fixe DE 50"
9.23458 , 51.27556 , "DE Radar fixe DE 50"
9.29906 , 49.00372 , "DE Radar fixe DE 50"
7.03361 , 50.96725 , "DE Radar fixe DE 50"
9.15361 , 48.79181 , "DE Radar fixe DE 50"
9.24428 , 48.58708 , "DE Radar fixe DE 50"
12.69419 , 50.80583 , "DE Radar fixe DE 50"
14.65342 , 52.14169 , "DE Radar fixe DE 50"
8.09386 , 50.03767 , "DE Radar fixe DE 50"
9.75708 , 53.44731 , "DE Radar fixe DE 50"
8.65944 , 49.69558 , "DE Radar fixe DE 50"
8.26019 , 48.13139 , "DE Radar fixe DE 50"
13.09186 , 53.34483 , "DE Radar fixe DE 50"
10.02036 , 48.32111 , "DE Radar fixe DE 50"
10.29644 , 52.39831 , "DE Radar fixe DE 50"
10.11097 , 48.83933 , "DE Radar fixe DE 50"
8.91931 , 49.21922 , "DE Radar fixe DE 50"
11.93342 , 51.48058 , "DE Radar fixe DE 50"
9.9155 , 48.58117 , "DE Radar fixe DE 50"
10.367 , 48.94206 , "DE Radar fixe DE 50"
9.55867 , 51.32247 , "DE Radar fixe DE 50"
8.51294 , 48.91614 , "DE Radar fixe DE 50"
10.02825 , 48.815 , "DE Radar fixe DE 50"
9.37244 , 48.76122 , "DE Radar fixe DE 50"
9.45281 , 48.022 , "DE Radar fixe DE 50"
9.28139 , 51.28644 , "DE Radar fixe DE 50"
12.42042 , 50.60878 , "DE Radar fixe DE 50"
9.31397 , 48.839 , "DE Radar fixe DE 50"
7.85856 , 51.05167 , "DE Radar fixe DE 50"
6.69964 , 50.87244 , "DE Radar fixe DE 50"
9.19844 , 48.92581 , "DE Radar fixe DE 50"
7.90094 , 51.46561 , "DE Radar fixe DE 50"
10.06489 , 53.55031 , "DE Radar fixe DE 50"
8.84142 , 47.97433 , "DE Radar fixe DE 50"
8.56886 , 49.64069 , "DE Radar fixe DE 50"
9.53153 , 48.61375 , "DE Radar fixe DE 50"
7.27892 , 50.93419 , "DE Radar fixe DE 50"
9.48197 , 48.61561 , "DE Radar fixe DE 50"
9.6625 , 50.56589 , "DE Radar fixe DE 50"
7.21589 , 50.65522 , "DE Radar fixe DE 50"
9.00978 , 48.48983 , "DE Radar fixe DE 50"
7.15142 , 50.96878 , "DE Radar fixe DE 50"
8.45786 , 49.48208 , "DE Radar fixe DE 50"
8.50592 , 50.55097 , "DE Radar fixe DE 50"
13.08272 , 52.41119 , "DE Radar fixe DE 50"
7.25886 , 50.67922 , "DE Radar fixe DE 50"
7.10678 , 51.51619 , "DE Radar fixe DE 50"
8.84464 , 48.30019 , "DE Radar fixe DE 50"
9.71594 , 48.28 , "DE Radar fixe DE 50"
9.28622 , 47.96153 , "DE Radar fixe DE 50"
9.67936 , 53.26922 , "DE Radar fixe DE 50"
8.55964 , 51.15522 , "DE Radar fixe DE 50"
9.62214 , 47.76492 , "DE Radar fixe DE 50"
7.91303 , 48.33681 , "DE Radar fixe DE 50"
10.27925 , 48.62833 , "DE Radar fixe DE 50"
7.64344 , 51.02678 , "DE Radar fixe DE 50"
8.82436 , 49.29519 , "DE Radar fixe DE 50"
9.87981 , 51.32339 , "DE Radar fixe DE 50"
8.1965 , 48.90447 , "DE Radar fixe DE 50"
7.13142 , 51.19939 , "DE Radar fixe DE 50"
9.17189 , 48.50189 , "DE Radar fixe DE 50"
8.32039 , 51.78792 , "DE Radar fixe DE 50"
8.75969 , 48.21206 , "DE Radar fixe DE 50"
8.46294 , 51.96939 , "DE Radar fixe DE 50"
8.59244 , 49.15481 , "DE Radar fixe DE 50"
9.85833 , 51.90719 , "DE Radar fixe DE 50"
12.53192 , 52.42272 , "DE Radar fixe DE 50"
9.64528 , 50.47167 , "DE Radar fixe DE 50"
9.22219 , 48.51336 , "DE Radar fixe DE 50"
8.01197 , 51.13742 , "DE Radar fixe DE 50"
8.94103 , 49.8725 , "DE Radar fixe DE 50"
9.61292 , 48.63358 , "DE Radar fixe DE 50"
9.33078 , 48.64069 , "DE Radar fixe DE 50"
9.78072 , 53.53814 , "DE Radar fixe DE 50"
7.49339 , 53.45989 , "DE Radar fixe DE 50"
9.19736 , 47.75286 , "DE Radar fixe DE 50"
8.84564 , 49.98819 , "DE Radar fixe DE 50"
8.69833 , 48.72503 , "DE Radar fixe DE 50"
8.94817 , 50.07867 , "DE Radar fixe DE 50"
6.93003 , 50.77569 , "DE Radar fixe DE 50"
7.76364 , 53.34283 , "DE Radar fixe DE 50"
13.61322 , 54.51481 , "DE Radar fixe DE 50"
8.44819 , 49.85819 , "DE Radar fixe DE 50"
8.48269 , 49.93111 , "DE Radar fixe DE 50"
8.69772 , 48.19636 , "DE Radar fixe DE 50"
9.89136 , 48.55267 , "DE Radar fixe DE 50"
9.99658 , 53.60208 , "DE Radar fixe DE 50"
6.88617 , 50.81228 , "DE Radar fixe DE 50"
10.92986 , 53.18375 , "DE Radar fixe DE 50"
10.04203 , 50.95189 , "DE Radar fixe DE 50"
14.28614 , 51.71158 , "DE Radar fixe DE 50"
8.41928 , 47.97236 , "DE Radar fixe DE 50"
7.55186 , 51.24836 , "DE Radar fixe DE 50"
8.49594 , 49.47631 , "DE Radar fixe DE 50"
9.733 , 50.81531 , "DE Radar fixe DE 50"
14.31886 , 51.72172 , "DE Radar fixe DE 50"
9.55408 , 50.85186 , "DE Radar fixe DE 50"
13.50608 , 51.19672 , "DE Radar fixe DE 50"
6.31189 , 50.62722 , "DE Radar fixe DE 50"
10.07008 , 48.86419 , "DE Radar fixe DE 50"
14.34225 , 51.53844 , "DE Radar fixe DE 50"
9.60144 , 47.71136 , "DE Radar fixe DE 50"
9.64956 , 48.65678 , "DE Radar fixe DE 50"
9.07275 , 48.83256 , "DE Radar fixe DE 50"
9.68853 , 50.56525 , "DE Radar fixe DE 50"
14.51067 , 52.32294 , "DE Radar fixe DE 50"
9.11375 , 48.70472 , "DE Radar fixe DE 50"
10.33372 , 51.65903 , "DE Radar fixe DE 50"
7.97842 , 50.83872 , "DE Radar fixe DE 50"
8.43194 , 47.96778 , "DE Radar fixe DE 50"
8.886 , 48.59783 , "DE Radar fixe DE 50"
7.32328 , 51.50889 , "DE Radar fixe DE 50"
9.00342 , 49.80811 , "DE Radar fixe DE 50"
10.68456 , 53.85108 , "DE Radar fixe DE 50"
9.27172 , 48.70947 , "DE Radar fixe DE 50"
7.03336 , 50.73686 , "DE Radar fixe DE 50"
6.19986 , 50.78103 , "DE Radar fixe DE 50"
7.43636 , 50.92211 , "DE Radar fixe DE 50"
9.93811 , 48.79747 , "DE Radar fixe DE 50"
9.64264 , 48.64281 , "DE Radar fixe DE 50"
8.77339 , 48.02333 , "DE Radar fixe DE 50"
10.01544 , 50.97344 , "DE Radar fixe DE 50"
10.03931 , 48.26817 , "DE Radar fixe DE 50"
8.62383 , 48.36111 , "DE Radar fixe DE 50"
9.06761 , 48.42567 , "DE Radar fixe DE 50"
14.1405 , 51.43258 , "DE Radar fixe DE 50"
14.63867 , 52.14436 , "DE Radar fixe DE 50"
7.09917 , 51.07858 , "DE Radar fixe DE 50"
9.69281 , 53.43694 , "DE Radar fixe DE 50"
8.98267 , 50.17425 , "DE Radar fixe DE 50"
7.16608 , 50.82203 , "DE Radar fixe DE 50"
8.9775 , 50.43156 , "DE Radar fixe DE 50"
10.00053 , 48.33253 , "DE Radar fixe DE 50"
8.33767 , 50.81553 , "DE Radar fixe DE 50"
10.08044 , 48.83856 , "DE Radar fixe DE 50"
8.73281 , 50.98189 , "DE Radar fixe DE 50"
12.01744 , 51.49783 , "DE Radar fixe DE 50"
6.83347 , 51.28806 , "DE Radar fixe DE 50"
10.31986 , 48.92908 , "DE Radar fixe DE 50"
9.55508 , 51.32611 , "DE Radar fixe DE 50"
8.49967 , 48.90592 , "DE Radar fixe DE 50"
9.34033 , 48.73328 , "DE Radar fixe DE 50"
9.38356 , 48.76017 , "DE Radar fixe DE 50"
8.09711 , 50.42333 , "DE Radar fixe DE 50"
8.75619 , 49.61622 , "DE Radar fixe DE 50"
12.33422 , 50.39581 , "DE Radar fixe DE 50"
9.309 , 48.83519 , "DE Radar fixe DE 50"
8.49047 , 51.34833 , "DE Radar fixe DE 50"
6.69653 , 50.86728 , "DE Radar fixe DE 50"
7.85775 , 47.99583 , "DE Radar fixe DE 50"
9.15242 , 48.90483 , "DE Radar fixe DE 50"
8.7895 , 53.05736 , "DE Radar fixe DE 50"
12.37125 , 51.32964 , "DE Radar fixe DE 50"
8.50628 , 49.81689 , "DE Radar fixe DE 50"
14.648 , 51.50997 , "DE Radar fixe DE 50"
7.25931 , 50.96992 , "DE Radar fixe DE 50"
9.41114 , 48.66144 , "DE Radar fixe DE 50"
9.70839 , 50.55297 , "DE Radar fixe DE 50"
8.42875 , 50.931 , "DE Radar fixe DE 50"
9.87692 , 52.27983 , "DE Radar fixe DE 50"
8.40147 , 51.99639 , "DE Radar fixe DE 50"
9.49589 , 51.22531 , "DE Radar fixe DE 50"
8.5 , 50.56781 , "DE Radar fixe DE 50"
13.09492 , 52.37042 , "DE Radar fixe DE 50"
7.20017 , 50.67958 , "DE Radar fixe DE 50"
7.05458 , 51.58642 , "DE Radar fixe DE 50"
8.83317 , 48.23539 , "DE Radar fixe DE 50"
8.50639 , 50.29786 , "DE Radar fixe DE 50"
9.20183 , 47.90683 , "DE Radar fixe DE 50"
9.95022 , 50.85489 , "DE Radar fixe DE 50"
9.14808 , 48.76742 , "DE Radar fixe DE 50"
9.59097 , 47.73175 , "DE Radar fixe DE 50"
8.46217 , 49.60533 , "DE Radar fixe DE 50"
9.02353 , 50.92186 , "DE Radar fixe DE 50"
13.30972 , 52.56797 , "DE Radar fixe DE 50"
8.8325 , 50.88203 , "DE Radar fixe DE 50"
10.58375 , 52.43536 , "DE Radar fixe DE 50"
9.13906 , 52.36072 , "DE Radar fixe DE 50"
8.57881 , 48.372 , "DE Radar fixe DE 50"
9.1405 , 48.44383 , "DE Radar fixe DE 50"
6.97753 , 51.13983 , "DE Radar fixe DE 50"
6.37194 , 51.33531 , "DE Radar fixe DE 50"
9.0965 , 48.963 , "DE Radar fixe DE 50"
8.45292 , 49.987 , "DE Radar fixe DE 50"
8.47508 , 50.17736 , "DE Radar fixe DE 50"
12.52031 , 50.69967 , "DE Radar fixe DE 50"
6.94686 , 51.22703 , "DE Radar fixe DE 50"
6.94536 , 50.61731 , "DE Radar fixe DE 50"
9.47644 , 48.54583 , "DE Radar fixe DE 50"
13.45492 , 52.40006 , "DE Radar fixe DE 50"
9.61117 , 48.64747 , "DE Radar fixe DE 50"
11.16908 , 52.96933 , "DE Radar fixe DE 50"
9.43614 , 49.60572 , "DE Radar fixe DE 50"
10.32525 , 48.92847 , "DE Radar fixe DE 50"
9.15147 , 47.78222 , "DE Radar fixe DE 50"
6.20878 , 50.63528 , "DE Radar fixe DE 50"
13.50678 , 54.48294 , "DE Radar fixe DE 50"
8.93017 , 50.0735 , "DE Radar fixe DE 50"
11.55922 , 53.69828 , "DE Radar fixe DE 50"
11.35039 , 50.97964 , "DE Radar fixe DE 50"
9.61544 , 51.37372 , "DE Radar fixe DE 50"
14.215 , 51.42389 , "DE Radar fixe DE 50"
13.39394 , 53.57214 , "DE Radar fixe DE 50"
8.69992 , 48.19739 , "DE Radar fixe DE 50"
9.63919 , 48.78911 , "DE Radar fixe DE 50"
10.01189 , 53.59972 , "DE Radar fixe DE 50"
8.44939 , 49.66411 , "DE Radar fixe DE 50"
10.88914 , 53.06522 , "DE Radar fixe DE 50"
14.28197 , 51.63794 , "DE Radar fixe DE 50"
9.73131 , 50.41033 , "DE Radar fixe DE 50"
8.77872 , 50.01417 , "DE Radar fixe DE 50"
9.91319 , 48.87472 , "DE Radar fixe DE 50"
8.48658 , 49.52969 , "DE Radar fixe DE 50"
7.44278 , 51.93989 , "DE Radar fixe DE 50"
12.72108 , 52.90181 , "DE Radar fixe DE 50"
8.54617 , 50.88289 , "DE Radar fixe DE 50"
14.77114 , 51.21722 , "DE Radar fixe DE 50"
9.70975 , 52.38739 , "DE Radar fixe DE 50"
9.56197 , 52.44094 , "DE Radar fixe DE 50"
8.76522 , 49.58769 , "DE Radar fixe DE 50"
10.30853 , 52.45333 , "DE Radar fixe DE 50"
9.63961 , 48.6605 , "DE Radar fixe DE 50"
8.98008 , 48.85036 , "DE Radar fixe DE 50"
9.02153 , 50.29289 , "DE Radar fixe DE 50"
8.78869 , 49.544 , "DE Radar fixe DE 50"
8.82172 , 49.29786 , "DE Radar fixe DE 50"
8.72894 , 48.96714 , "DE Radar fixe DE 50"
6.38319 , 50.57667 , "DE Radar fixe DE 50"
6.44211 , 51.20658 , "DE Radar fixe DE 50"
8.85683 , 48.6075 , "DE Radar fixe DE 50"
7.3255 , 51.49139 , "DE Radar fixe DE 50"
9.40181 , 48.49811 , "DE Radar fixe DE 50"
10.70764 , 53.85667 , "DE Radar fixe DE 50"
9.06744 , 50.95233 , "DE Radar fixe DE 50"
9.30056 , 48.7175 , "DE Radar fixe DE 50"
6.21294 , 50.72611 , "DE Radar fixe DE 50"
8.81831 , 50.11997 , "DE Radar fixe DE 50"
9.97581 , 48.79719 , "DE Radar fixe DE 50"
6.79042 , 51.20733 , "DE Radar fixe DE 50"
8.69339 , 49.34303 , "DE Radar fixe DE 50"
8.70125 , 52.75006 , "DE Radar fixe DE 50"
7.2925 , 51.67403 , "DE Radar fixe DE 50"
8.67133 , 48.39117 , "DE Radar fixe DE 50"
11.29392 , 53.18181 , "DE Radar fixe DE 50"
14.27731 , 51.42386 , "DE Radar fixe DE 50"
14.60206 , 52.15061 , "DE Radar fixe DE 50"
12.33736 , 51.37503 , "DE Radar fixe DE 50"
9.5185 , 53.60347 , "DE Radar fixe DE 50"
9.79003 , 53.32025 , "DE Radar fixe DE 50"
9.04803 , 48.49922 , "DE Radar fixe DE 50"
9.05517 , 50.45764 , "DE Radar fixe DE 50"
9.99406 , 48.33811 , "DE Radar fixe DE 50"
8.34686 , 50.81489 , "DE Radar fixe DE 50"
10.11144 , 48.82922 , "DE Radar fixe DE 50"
12.80094 , 53.27706 , "DE Radar fixe DE 50"
8.99117 , 50.02139 , "DE Radar fixe DE 50"
11.14917 , 53.10339 , "DE Radar fixe DE 50"
7.09722 , 51.3515 , "DE Radar fixe DE 50"
9.80333 , 53.37767 , "DE Radar fixe DE 50"
8.50553 , 48.92003 , "DE Radar fixe DE 50"
9.10494 , 52.08539 , "DE Radar fixe DE 50"
9.56389 , 48.69 , "DE Radar fixe DE 50"
9.69783 , 52.37669 , "DE Radar fixe DE 50"
9.38525 , 51.27272 , "DE Radar fixe DE 50"
12.32308 , 50.63617 , "DE Radar fixe DE 50"
9.31939 , 48.84528 , "DE Radar fixe DE 50"
8.03483 , 52.30142 , "DE Radar fixe DE 50"
6.62667 , 50.85136 , "DE Radar fixe DE 50"
7.84728 , 48.02608 , "DE Radar fixe DE 50"
9.1275 , 48.906 , "DE Radar fixe DE 50"
7.86722 , 48.59933 , "DE Radar fixe DE 50"
12.45769 , 50.73978 , "DE Radar fixe DE 50"
10.55944 , 51.86933 , "DE Radar fixe DE 50"
8.70578 , 48.14981 , "DE Radar fixe DE 50"
7.26028 , 50.97019 , "DE Radar fixe DE 50"
8.10542 , 51.08892 , "DE Radar fixe DE 50"
9.68619 , 50.56303 , "DE Radar fixe DE 50"
10.41769 , 51.61575 , "DE Radar fixe DE 50"
14.22806 , 51.41783 , "DE Radar fixe DE 50"
8.55864 , 49.32728 , "DE Radar fixe DE 50"
9.91183 , 48.61194 , "DE Radar fixe DE 50"
8.51686 , 50.54119 , "DE Radar fixe DE 50"
13.07872 , 52.38053 , "DE Radar fixe DE 50"
13.65414 , 52.25572 , "DE Radar fixe DE 50"
7.07256 , 51.51206 , "DE Radar fixe DE 50"
8.90306 , 48.24711 , "DE Radar fixe DE 50"
11.6255 , 50.93381 , "DE Radar fixe DE 50"
9.22281 , 48.82378 , "DE Radar fixe DE 50"
8.6685 , 52.13219 , "DE Radar fixe DE 50"
7.35414 , 51.40581 , "DE Radar fixe DE 50"
9.64225 , 48.72614 , "DE Radar fixe DE 50"
8.46111 , 49.59306 , "DE Radar fixe DE 50"
7.0195 , 51.54339 , "DE Radar fixe DE 50"
13.60036 , 52.68833 , "DE Radar fixe DE 50"
9.82303 , 47.69931 , "DE Radar fixe DE 50"
13.20997 , 52.288 , "DE Radar fixe DE 50"
9.1425 , 48.96964 , "DE Radar fixe DE 50"
7.14333 , 51.24736 , "DE Radar fixe DE 50"
9.13458 , 48.45147 , "DE Radar fixe DE 50"
10.22339 , 48.85986 , "DE Radar fixe DE 50"
13.39847 , 54.09483 , "DE Radar fixe DE 50"
9.08633 , 48.94692 , "DE Radar fixe DE 50"
9.74261 , 52.29769 , "DE Radar fixe DE 50"
8.46022 , 50.17203 , "DE Radar fixe DE 50"
7.20897 , 53.39542 , "DE Radar fixe DE 50"
14.26686 , 51.43794 , "DE Radar fixe DE 50"
6.99239 , 50.64753 , "DE Radar fixe DE 50"
9.88864 , 53.87139 , "DE Radar fixe DE 50"
9.74311 , 48.93611 , "DE Radar fixe DE 50"
7.15161 , 50.68794 , "DE Radar fixe DE 50"
12.77989 , 52.91542 , "DE Radar fixe DE 50"
8.05747 , 50.47242 , "DE Radar fixe DE 50"
7.32553 , 51.49167 , "DE Radar fixe DE 50"
8.76736 , 49.58658 , "DE Radar fixe DE 50"
6.23497 , 50.62622 , "DE Radar fixe DE 50"
14.12875 , 51.60494 , "DE Radar fixe DE 50"
13.68533 , 52.11006 , "DE Radar fixe DE 50"
12.51044 , 52.41392 , "DE Radar fixe DE 50"
7.76336 , 53.34394 , "DE Radar fixe DE 50"
8.75733 , 49.33964 , "DE Radar fixe DE 50"
8.77544 , 50.00597 , "DE Radar fixe DE 50"
6.32081 , 50.96389 , "DE Radar fixe DE 50"
8.43153 , 49.98283 , "DE Radar fixe DE 50"
11.40308 , 53.72772 , "DE Radar fixe DE 50"
10.01525 , 53.60022 , "DE Radar fixe DE 50"
8.44942 , 49.66133 , "DE Radar fixe DE 50"
9.24275 , 47.93086 , "DE Radar fixe DE 50"
8.84186 , 49.65828 , "DE Radar fixe DE 50"
9.00528 , 48.69106 , "DE Radar fixe DE 50"
8.16283 , 50.30606 , "DE Radar fixe DE 50"
8.37714 , 48.31422 , "DE Radar fixe DE 50"
9.2675 , 48.93722 , "DE Radar fixe DE 50"
8.70106 , 49.40842 , "DE Radar fixe DE 50"
12.77806 , 52.84972 , "DE Radar fixe DE 50"
8.546 , 50.88303 , "DE Radar fixe DE 50"
14.25986 , 51.74033 , "DE Radar fixe DE 50"
8.49233 , 49.82981 , "DE Radar fixe DE 50"
9.46 , 47.98356 , "DE Radar fixe DE 50"
7.30683 , 51.29514 , "DE Radar fixe DE 50"
10.3105 , 52.45122 , "DE Radar fixe DE 50"
9.65314 , 48.65753 , "DE Radar fixe DE 50"
12.37 , 52.52153 , "DE Radar fixe DE 50"
8.61306 , 49.89467 , "DE Radar fixe DE 50"
8.78875 , 49.54397 , "DE Radar fixe DE 50"
8.82811 , 49.24344 , "DE Radar fixe DE 50"
8.61475 , 48.96011 , "DE Radar fixe DE 50"
6.33403 , 50.60594 , "DE Radar fixe DE 50"
6.43078 , 51.14786 , "DE Radar fixe DE 50"
8.85983 , 48.60519 , "DE Radar fixe DE 50"
7.44689 , 51.52392 , "DE Radar fixe DE 50"
9.08528 , 50.62089 , "DE Radar fixe DE 50"
10.69708 , 53.85153 , "DE Radar fixe DE 50"
13.37922 , 51.30411 , "DE Radar fixe DE 50"
7.12922 , 50.99017 , "DE Radar fixe DE 50"
6.23775 , 50.73689 , "DE Radar fixe DE 50"
8.854 , 50.12042 , "DE Radar fixe DE 50"
8.7835 , 50.04792 , "DE Radar fixe DE 50"
6.83128 , 51.19272 , "DE Radar fixe DE 50"
9.23461 , 51.27544 , "DE Radar fixe DE 50"
13.31286 , 52.31614 , "DE Radar fixe DE 50"
8.28236 , 50.01269 , "DE Radar fixe DE 50"
8.53142 , 50.13783 , "DE Radar fixe DE 50"
8.50472 , 50.28814 , "DE Radar fixe DE 50"
14.27928 , 51.42156 , "DE Radar fixe DE 50"
9.73372 , 48.70625 , "DE Radar fixe DE 50"
7.25483 , 51.62969 , "DE Radar fixe DE 50"
6.97464 , 50.85831 , "DE Radar fixe DE 50"
9.76114 , 53.54608 , "DE Radar fixe DE 50"
9.91692 , 48.58367 , "DE Radar fixe DE 50"
9.05081 , 48.49994 , "DE Radar fixe DE 50"
9.01308 , 50.42558 , "DE Radar fixe DE 50"
7.66833 , 51.36867 , "DE Radar fixe DE 50"
8.32322 , 50.7885 , "DE Radar fixe DE 50"
10.07308 , 48.86336 , "DE Radar fixe DE 50"
10.02464 , 48.86833 , "DE Radar fixe DE 50"
12.89844 , 50.82106 , "DE Radar fixe DE 50"
8.90319 , 50.22553 , "DE Radar fixe DE 50"
8.98247 , 50.17406 , "DE Radar fixe DE 50"
8.47233 , 48.02881 , "DE Radar fixe DE 50"
9.45414 , 48.67425 , "DE Radar fixe DE 50"
8.52992 , 48.93956 , "DE Radar fixe DE 50"
12.92575 , 52.49336 , "DE Radar fixe DE 50"
9.56881 , 48.69639 , "DE Radar fixe DE 50"
8.96683 , 50.59233 , "DE Radar fixe DE 50"
9.38544 , 51.27269 , "DE Radar fixe DE 50"
8.33644 , 51.35142 , "DE Radar fixe DE 50"
14.77111 , 51.21719 , "DE Radar fixe DE 50"
8.0355 , 52.29997 , "DE Radar fixe DE 50"
6.716 , 50.89939 , "DE Radar fixe DE 50"
7.88819 , 47.98853 , "DE Radar fixe DE 50"
7.90756 , 51.12378 , "DE Radar fixe DE 50"
7.87728 , 48.60164 , "DE Radar fixe DE 50"
11.58092 , 48.10631 , "DE Radar fixe DE 50"
8.99656 , 53.43964 , "DE Radar fixe DE 50"
7.87175 , 50.96378 , "DE Radar fixe DE 50"
9.4525 , 48.58222 , "DE Radar fixe DE 50"
7.97578 , 51.03764 , "DE Radar fixe DE 50"
9.68192 , 50.56075 , "DE Radar fixe DE 50"
10.43453 , 51.6095 , "DE Radar fixe DE 50"
6.47139 , 50.81264 , "DE Radar fixe DE 50"
10.48247 , 52.37439 , "DE Radar fixe DE 50"
8.57356 , 52.05319 , "DE Radar fixe DE 50"
7.86831 , 51.46958 , "DE Radar fixe DE 50"
13.00175 , 52.40547 , "DE Radar fixe DE 50"
9.13411 , 48.83044 , "DE Radar fixe DE 50"
7.08014 , 51.58069 , "DE Radar fixe DE 50"
8.85261 , 48.23828 , "DE Radar fixe DE 50"
11.58989 , 50.92206 , "DE Radar fixe DE 50"
9.21489 , 48.82597 , "DE Radar fixe DE 50"
8.72847 , 48.73861 , "DE Radar fixe DE 50"
14.32542 , 51.7425 , "DE Radar fixe DE 50"
7.26753 , 51.60181 , "DE Radar fixe DE 50"
8.46211 , 49.60022 , "DE Radar fixe DE 50"
6.99944 , 51.57608 , "DE Radar fixe DE 50"
9.38806 , 48.56472 , "DE Radar fixe DE 50"
9.82158 , 47.68061 , "DE Radar fixe DE 50"
8.74281 , 49.64769 , "DE Radar fixe DE 50"
9.55433 , 51.27775 , "DE Radar fixe DE 50"
12.75083 , 50.80806 , "DE Radar fixe DE 50"
9.16094 , 48.4285 , "DE Radar fixe DE 50"
10.21886 , 48.856 , "DE Radar fixe DE 50"
13.77169 , 52.55953 , "DE Radar fixe DE 50"
9.07878 , 48.94458 , "DE Radar fixe DE 50"
8.79639 , 50.28303 , "DE Radar fixe DE 50"
7.76892 , 49.44569 , "DE Radar fixe DE 50"
7.20856 , 53.39478 , "DE Radar fixe DE 50"
7.12922 , 51.60842 , "DE Radar fixe DE 50"
12.90556 , 53.08958 , "DE Radar fixe DE 50"
6.90814 , 51.06408 , "DE Radar fixe DE 50"
9.72622 , 48.92 , "DE Radar fixe DE 50"
7.15803 , 50.68542 , "DE Radar fixe DE 50"
8.56886 , 49.81625 , "DE Radar fixe DE 50"
6.95231 , 50.95625 , "DE Radar fixe DE 50"
7.28786 , 51.25017 , "DE Radar fixe DE 50"
8.42042 , 49.98797 , "DE Radar fixe DE 50"
6.2055 , 50.67819 , "DE Radar fixe DE 50"
7.43008 , 51.75397 , "DE Radar fixe DE 50"
6.94247 , 50.95389 , "DE Radar fixe DE 50"
9.70444 , 50.55222 , "DE Radar fixe DE 50"
8.61053 , 49.75194 , "DE Radar fixe DE 50"
9.07275 , 48.43656 , "DE Radar fixe DE 50"
10.58386 , 52.43533 , "DE Radar fixe DE 50"
12.50106 , 50.71772 , "DE Radar fixe DE 50"
8.43175 , 49.98225 , "DE Radar fixe DE 50"
9.74611 , 50.89892 , "DE Radar fixe DE 50"
8.90875 , 50.14936 , "DE Radar fixe DE 50"
8.43844 , 49.66236 , "DE Radar fixe DE 50"
11.14908 , 53.10339 , "DE Radar fixe DE 50"
14.42089 , 51.88289 , "DE Radar fixe DE 50"
9.34047 , 47.70114 , "DE Radar fixe DE 50"
9.67756 , 53.26817 , "DE Radar fixe DE 50"
8.30544 , 48.29247 , "DE Radar fixe DE 50"
9.26792 , 48.94306 , "DE Radar fixe DE 50"
8.68758 , 49.37542 , "DE Radar fixe DE 50"
8.67247 , 49.39719 , "DE Radar fixe DE 50"
8.50769 , 50.92175 , "DE Radar fixe DE 50"
10.75056 , 52.93658 , "DE Radar fixe DE 50"
7.70317 , 51.58431 , "DE Radar fixe DE 50"
8.46547 , 49.64442 , "DE Radar fixe DE 50"
11.43786 , 53.59819 , "DE Radar fixe DE 50"
9.52739 , 51.12997 , "DE Radar fixe DE 50"
6.08197 , 51.06903 , "DE Radar fixe DE 50"
8.48217 , 47.95675 , "DE Radar fixe DE 50"
8.06486 , 50.50303 , "DE Radar fixe DE 50"
8.75192 , 49.34781 , "DE Radar fixe DE 50"
8.74044 , 48.47739 , "DE Radar fixe DE 50"
6.20142 , 50.63769 , "DE Radar fixe DE 50"
6.32611 , 50.60711 , "DE Radar fixe DE 50"
6.44378 , 51.18719 , "DE Radar fixe DE 50"
8.83964 , 48.58058 , "DE Radar fixe DE 50"
7.53783 , 51.55592 , "DE Radar fixe DE 50"
9.09047 , 50.624 , "DE Radar fixe DE 50"
12.51625 , 50.64017 , "DE Radar fixe DE 50"
12.62478 , 50.59939 , "DE Radar fixe DE 50"
8.58706 , 48.76633 , "DE Radar fixe DE 50"
6.2845 , 50.76203 , "DE Radar fixe DE 50"
8.86136 , 50.12272 , "DE Radar fixe DE 50"
8.79336 , 50.05314 , "DE Radar fixe DE 50"
6.84006 , 51.22767 , "DE Radar fixe DE 50"
13.87511 , 52.70297 , "DE Radar fixe DE 50"
9.03181 , 48.25528 , "DE Radar fixe DE 50"
8.24086 , 50.06672 , "DE Radar fixe DE 50"
7.98744 , 51.35914 , "DE Radar fixe DE 50"
8.48867 , 50.30194 , "DE Radar fixe DE 50"
6.20394 , 51.05464 , "DE Radar fixe DE 50"
7.42361 , 50.77439 , "DE Radar fixe DE 50"
10.11053 , 48.49431 , "DE Radar fixe DE 50"
10.53808 , 53.04722 , "DE Radar fixe DE 50"
9.32608 , 53.75242 , "DE Radar fixe DE 50"
13.25675 , 51.26822 , "DE Radar fixe DE 50"
9.00375 , 48.50183 , "DE Radar fixe DE 50"
8.87289 , 50.22847 , "DE Radar fixe DE 50"
10.08589 , 47.67947 , "DE Radar fixe DE 50"
10.20944 , 52.59253 , "DE Radar fixe DE 50"
6.29667 , 50.82061 , "DE Radar fixe DE 50"
10.18603 , 48.80386 , "DE Radar fixe DE 50"
9.06094 , 51.27619 , "DE Radar fixe DE 50"
9.57331 , 48.00394 , "DE Radar fixe DE 50"
13.96503 , 51.58297 , "DE Radar fixe DE 50"
8.47775 , 48.07975 , "DE Radar fixe DE 50"
9.45831 , 48.66819 , "DE Radar fixe DE 50"
8.53458 , 48.94725 , "DE Radar fixe DE 50"
8.60069 , 48.84147 , "DE Radar fixe DE 50"
8.71283 , 52.94986 , "DE Radar fixe DE 50"
9.01825 , 48.99761 , "DE Radar fixe DE 50"
13.52675 , 52.26947 , "DE Radar fixe DE 50"
10.20578 , 48.58922 , "DE Radar fixe DE 50"
9.81333 , 48.76672 , "DE Radar fixe DE 50"
8.03642 , 52.29156 , "DE Radar fixe DE 50"
6.71833 , 50.91186 , "DE Radar fixe DE 50"
13.96425 , 51.58303 , "DE Radar fixe DE 50"
7.90525 , 51.12269 , "DE Radar fixe DE 50"
8.39936 , 49.63389 , "DE Radar fixe DE 50"
8.86517 , 48.26972 , "DE Radar fixe DE 50"
9.53694 , 47.75936 , "DE Radar fixe DE 50"
7.84253 , 50.99031 , "DE Radar fixe DE 50"
8.82925 , 52.13161 , "DE Radar fixe DE 50"
7.99994 , 51.03822 , "DE Radar fixe DE 50"
14.50614 , 51.68639 , "DE Radar fixe DE 50"
10.48017 , 51.59206 , "DE Radar fixe DE 50"
9.22256 , 49.12458 , "DE Radar fixe DE 50"
8.55103 , 49.08236 , "DE Radar fixe DE 50"
7.11653 , 50.96639 , "DE Radar fixe DE 50"
7.48861 , 50.97539 , "DE Radar fixe DE 50"
14.42072 , 51.88281 , "DE Radar fixe DE 50"
9.09886 , 48.85231 , "DE Radar fixe DE 50"
7.13672 , 51.50636 , "DE Radar fixe DE 50"
8.921 , 48.25331 , "DE Radar fixe DE 50"
11.62397 , 50.93378 , "DE Radar fixe DE 50"
9.22353 , 48.82361 , "DE Radar fixe DE 50"
9.11997 , 48.88942 , "DE Radar fixe DE 50"
8.83314 , 48.23539 , "DE Radar fixe DE 50"
9.45756 , 48.71328 , "DE Radar fixe DE 50"
8.45508 , 49.60567 , "DE Radar fixe DE 50"
9.88306 , 48.86042 , "DE Radar fixe DE 50"
13.358 , 51.57781 , "DE Radar fixe DE 50"
9.77053 , 47.66833 , "DE Radar fixe DE 50"
8.44622 , 49.66247 , "DE Radar fixe DE 50"
7.48742 , 53.4785 , "DE Radar fixe DE 50"
13.3735 , 51.21378 , "DE Radar fixe DE 50"
9.14814 , 48.44033 , "DE Radar fixe DE 50"
13.87322 , 51.24572 , "DE Radar fixe DE 50"
8.81233 , 51.03061 , "DE Radar fixe DE 50"
9.66467 , 48.74614 , "DE Radar fixe DE 50"
7.00525 , 50.94711 , "DE Radar fixe DE 50"
7.76628 , 49.44508 , "DE Radar fixe DE 50"
7.19 , 53.36689 , "DE Radar fixe DE 50"
9.07319 , 48.90203 , "DE Radar fixe DE 50"
6.48136 , 51.44219 , "DE Radar fixe DE 50"
6.99628 , 51.04944 , "DE Radar fixe DE 50"
14.70228 , 51.96275 , "DE Radar fixe DE 50"
7.15264 , 50.69561 , "DE Radar fixe DE 50"
9.00728 , 47.76708 , "DE Radar fixe DE 50"
6.96289 , 50.95922 , "DE Radar fixe DE 50"
7.26269 , 50.82019 , "DE Radar fixe DE 50"
9.80261 , 53.46511 , "DE Radar fixe DE 50"
8.71244 , 50.29844 , "DE Radar fixe DE 50"
12.98339 , 52.96356 , "DE Radar fixe DE 50"
7.5765 , 51.19403 , "DE Radar fixe DE 50"
7.44175 , 51.27617 , "DE Radar fixe DE 50"
6.88261 , 49.28239 , "DE Radar fixe DE 50"
9.72569 , 50.70192 , "DE Radar fixe DE 50"
9.38969 , 52.41944 , "DE Radar fixe DE 50"
8.46492 , 49.64428 , "DE Radar fixe DE 50"
8.42814 , 49.98678 , "DE Radar fixe DE 50"
9.75517 , 50.92203 , "DE Radar fixe DE 50"
8.86931 , 50.14722 , "DE Radar fixe DE 50"
8.54294 , 49.92572 , "DE Radar fixe DE 50"
8.66092 , 47.887 , "DE Radar fixe DE 50"
8.99156 , 50.01 , "DE Radar fixe DE 50"
9.76814 , 50.67936 , "DE Radar fixe DE 50"
8.60025 , 48.11544 , "DE Radar fixe DE 50"
14.34222 , 51.53839 , "DE Radar fixe DE 50"
14.89156 , 51.14736 , "DE Radar fixe DE 50"
8.686 , 49.39133 , "DE Radar fixe DE 50"
9.32189 , 48.69239 , "DE Radar fixe DE 50"
8.50506 , 50.92161 , "DE Radar fixe DE 50"
8.87308 , 49.21397 , "DE Radar fixe DE 50"
8.7145 , 48.39117 , "DE Radar fixe DE 50"
8.59772 , 48.24578 , "DE Radar fixe DE 50"
11.38533 , 53.64433 , "DE Radar fixe DE 50"
7.84708 , 51.38939 , "DE Radar fixe DE 50"
7.74706 , 51.34953 , "DE Radar fixe DE 50"
8.49081 , 47.94956 , "DE Radar fixe DE 50"
12.96633 , 50.85508 , "DE Radar fixe DE 50"
9.30539 , 52.39986 , "DE Radar fixe DE 50"
8.33636 , 51.60867 , "DE Radar fixe DE 50"
7.74078 , 51.05961 , "DE Radar fixe DE 50"
6.26719 , 50.63058 , "DE Radar fixe DE 50"
6.44378 , 51.18253 , "DE Radar fixe DE 50"
8.84586 , 48.60989 , "DE Radar fixe DE 50"
9.68269 , 48.55431 , "DE Radar fixe DE 50"
8.03931 , 50.00953 , "DE Radar fixe DE 50"
9.55603 , 47.66892 , "DE Radar fixe DE 50"
8.78136 , 49.24744 , "DE Radar fixe DE 50"
8.66083 , 48.43189 , "DE Radar fixe DE 50"
6.26614 , 50.74017 , "DE Radar fixe DE 50"
9.89097 , 48.84983 , "DE Radar fixe DE 50"
13.35581 , 51.09283 , "DE Radar fixe DE 50"
7.77494 , 51.0295 , "DE Radar fixe DE 50"
9.05025 , 50.32442 , "DE Radar fixe DE 50"
7.01847 , 50.94867 , "DE Radar fixe DE 50"
8.75472 , 48.20881 , "DE Radar fixe DE 50"
9.74917 , 48.67942 , "DE Radar fixe DE 50"
8.52311 , 50.31086 , "DE Radar fixe DE 50"
7.30769 , 51.16183 , "DE Radar fixe DE 50"
6.59275 , 50.92542 , "DE Radar fixe DE 50"
6.23475 , 50.62619 , "DE Radar fixe DE 50"
10.53806 , 53.04697 , "DE Radar fixe DE 50"
7.32361 , 52.50356 , "DE Radar fixe DE 50"
14.29517 , 51.39819 , "DE Radar fixe DE 50"
6.27011 , 51.67508 , "DE Radar fixe DE 50"
8.86233 , 50.24094 , "DE Radar fixe DE 50"
12.96603 , 53.70281 , "DE Radar fixe DE 50"
11.9845 , 51.48569 , "DE Radar fixe DE 50"
6.26906 , 50.82617 , "DE Radar fixe DE 50"
10.18189 , 48.80447 , "DE Radar fixe DE 50"
8.34519 , 50.61978 , "DE Radar fixe DE 50"
14.42933 , 51.06681 , "DE Radar fixe DE 50"
9.18697 , 48.78208 , "DE Radar fixe DE 50"
8.47656 , 48.07764 , "DE Radar fixe DE 50"
7.57606 , 50.92475 , "DE Radar fixe DE 50"
8.47428 , 48.89931 , "DE Radar fixe DE 50"
7.96642 , 51.17633 , "DE Radar fixe DE 50"
6.17989 , 50.87936 , "DE Radar fixe DE 50"
8.89647 , 49.83592 , "DE Radar fixe DE 50"
10.40622 , 48.843 , "DE Radar fixe DE 50"
12.79503 , 52.92944 , "DE Radar fixe DE 50"
13.56 , 52.36125 , "DE Radar fixe DE 50"
9.95625 , 50.85167 , "DE Radar fixe DE 50"
9.06436 , 48.30769 , "DE Radar fixe DE 50"
9.35278 , 48.59222 , "DE Radar fixe DE 50"
7.89203 , 51.13314 , "DE Radar fixe DE 50"
8.98128 , 50.545 , "DE Radar fixe DE 50"
9.56511 , 47.70181 , "DE Radar fixe DE 50"
10.95319 , 52.89161 , "DE Radar fixe DE 50"
7.88525 , 50.93831 , "DE Radar fixe DE 50"
9.39111 , 48.77678 , "DE Radar fixe DE 50"
9.89025 , 47.78419 , "DE Radar fixe DE 50"
9.65044 , 48.63733 , "DE Radar fixe DE 50"
9.38944 , 52.33847 , "DE Radar fixe DE 50"
12.47397 , 50.67631 , "DE Radar fixe DE 50"
7.00322 , 51.33117 , "DE Radar fixe DE 50"
9.73722 , 53.78811 , "DE Radar fixe DE 50"
14.58608 , 52.23422 , "DE Radar fixe DE 50"
6.77797 , 50.95725 , "DE Radar fixe DE 50"
6.06333 , 51.78947 , "DE Radar fixe DE 50"
9.05594 , 48.80147 , "DE Radar fixe DE 50"
10.12944 , 53.91864 , "DE Radar fixe DE 50"
9.71467 , 48.25278 , "DE Radar fixe DE 50"
13.56633 , 51.47033 , "DE Radar fixe DE 50"
8.73125 , 48.74194 , "DE Radar fixe DE 50"
12.50206 , 53.16964 , "DE Radar fixe DE 50"
9.46417 , 48.71472 , "DE Radar fixe DE 50"
8.45753 , 49.60411 , "DE Radar fixe DE 50"
13.91947 , 51.70372 , "DE Radar fixe DE 50"
9.77025 , 48.09719 , "DE Radar fixe DE 50"
11.57844 , 50.90094 , "DE Radar fixe DE 50"
13.93586 , 50.95789 , "DE Radar fixe DE 50"
8.94053 , 49.89494 , "DE Radar fixe DE 50"
13.44894 , 52.25269 , "DE Radar fixe DE 50"
9.23936 , 48.56011 , "DE Radar fixe DE 50"
9.35308 , 50.67592 , "DE Radar fixe DE 50"
7.21419 , 51.17731 , "DE Radar fixe DE 50"
12.19761 , 53.19281 , "DE Radar fixe DE 50"
8.83317 , 50.88214 , "DE Radar fixe DE 50"
7.76828 , 49.44519 , "DE Radar fixe DE 50"
8.51044 , 48.86414 , "DE Radar fixe DE 50"
10.06819 , 48.86311 , "DE Radar fixe DE 50"
6.4815 , 51.44903 , "DE Radar fixe DE 50"
7.02025 , 51.03347 , "DE Radar fixe DE 50"
14.70225 , 51.96275 , "DE Radar fixe DE 50"
7.14844 , 50.74706 , "DE Radar fixe DE 50"
11.16883 , 52.969 , "DE Radar fixe DE 50"
9.80228 , 53.465 , "DE Radar fixe DE 50"
8.62217 , 49.69131 , "DE Radar fixe DE 50"
14.04903 , 51.23172 , "DE Radar fixe DE 50"
8.71011 , 50.29722 , "DE Radar fixe DE 50"
6.31842 , 50.96628 , "DE Radar fixe DE 50"
10.19242 , 53.49553 , "DE Radar fixe DE 50"
14.32867 , 51.74972 , "DE Radar fixe DE 50"
9.01158 , 50.40656 , "DE Radar fixe DE 50"
13.25039 , 52.30644 , "DE Radar fixe DE 50"
9.66928 , 52.41558 , "DE Radar fixe DE 50"
13.46931 , 51.16886 , "DE Radar fixe DE 50"
8.42828 , 49.98664 , "DE Radar fixe DE 50"
9.20822 , 48.88936 , "DE Radar fixe DE 50"
8.89 , 50.17525 , "DE Radar fixe DE 50"
13.94175 , 51.74339 , "DE Radar fixe DE 50"
8.65836 , 47.88564 , "DE Radar fixe DE 50"
11.07064 , 53.07156 , "DE Radar fixe DE 50"
8.93842 , 52.97514 , "DE Radar fixe DE 50"
7.24025 , 51.28064 , "DE Radar fixe DE 50"
9.70392 , 48.64819 , "DE Radar fixe DE 50"
14.89025 , 51.14742 , "DE Radar fixe DE 50"
10.12364 , 48.73886 , "DE Radar fixe DE 50"
12.829 , 52.396 , "DE Radar fixe DE 50"
8.48186 , 50.92875 , "DE Radar fixe DE 50"
9.22672 , 53.35369 , "DE Radar fixe DE 50"
12.52458 , 52.83264 , "DE Radar fixe DE 50"
7.16064 , 51.73631 , "DE Radar fixe DE 50"
11.45719 , 53.59981 , "DE Radar fixe DE 50"
7.77042 , 51.46728 , "DE Radar fixe DE 50"
7.35542 , 50.74078 , "DE Radar fixe DE 50"
8.49194 , 47.96411 , "DE Radar fixe DE 50"
9.23758 , 48.948 , "DE Radar fixe DE 50"
9.66172 , 52.31469 , "DE Radar fixe DE 50"
11.95794 , 51.19583 , "DE Radar fixe DE 50"
6.35878 , 51.283 , "DE Radar fixe DE 50"
10.29422 , 48.56661 , "DE Radar fixe DE 50"
6.48903 , 51.20031 , "DE Radar fixe DE 50"
8.84211 , 48.61503 , "DE Radar fixe DE 50"
13.75819 , 51.05258 , "DE Radar fixe DE 50"
9.6945 , 51.15181 , "DE Radar fixe DE 50"
14.32258 , 51.17889 , "DE Radar fixe DE 50"
9.37542 , 53.29814 , "DE Radar fixe DE 50"
10.02117 , 52.24719 , "DE Radar fixe DE 50"
6.26311 , 50.7155 , "DE Radar fixe DE 50"
9.88878 , 48.849 , "DE Radar fixe DE 50"
13.35608 , 51.0935 , "DE Radar fixe DE 50"
6.81031 , 51.25589 , "DE Radar fixe DE 50"
9.61467 , 48.66389 , "DE Radar fixe DE 50"
9.98522 , 53.64939 , "DE Radar fixe DE 50"
8.7545 , 48.20861 , "DE Radar fixe DE 50"
9.75858 , 48.67447 , "DE Radar fixe DE 50"
12.35181 , 52.41053 , "DE Radar fixe DE 50"
8.63567 , 52.26544 , "DE Radar fixe DE 50"
6.60094 , 50.93581 , "DE Radar fixe DE 50"
9.17558 , 47.76131 , "DE Radar fixe DE 50"
9.69503 , 50.55247 , "DE Radar fixe DE 50"
8.95411 , 53.38406 , "DE Radar fixe DE 50"
8.46164 , 49.60361 , "DE Radar fixe DE 50"
6.26225 , 51.66192 , "DE Radar fixe DE 50"
8.85875 , 50.23508 , "DE Radar fixe DE 50"
8.90939 , 50.22894 , "DE Radar fixe DE 50"
7.71953 , 49.43772 , "DE Radar fixe DE 50"
7.30303 , 51.64661 , "DE Radar fixe DE 50"
10.11469 , 48.84386 , "DE Radar fixe DE 50"
8.35342 , 50.61675 , "DE Radar fixe DE 50"
13.25033 , 52.3065 , "DE Radar fixe DE 50"
8.37119 , 48.13583 , "DE Radar fixe DE 50"
8.45006 , 48.02997 , "DE Radar fixe DE 50"
6.85694 , 51.5175 , "DE Radar fixe DE 50"
8.52939 , 48.91086 , "DE Radar fixe DE 50"
7.98436 , 51.16531 , "DE Radar fixe DE 50"
12.34975 , 53.51275 , "DE Radar fixe DE 50"
8.46767 , 49.79939 , "DE Radar fixe DE 50"
8.02486 , 51.82497 , "DE Radar fixe DE 50"
6.9115 , 51.09353 , "DE Radar fixe DE 50"
7.39333 , 51.60806 , "DE Radar fixe DE 50"
9.23192 , 48.72403 , "DE Radar fixe DE 50"
12.51628 , 50.64031 , "DE Radar fixe DE 50"
9.37306 , 48.57656 , "DE Radar fixe DE 50"
7.84522 , 51.10772 , "DE Radar fixe DE 50"
10.43653 , 53.31947 , "DE Radar fixe DE 50"
8.76328 , 47.88433 , "DE Radar fixe DE 50"
8.19583 , 48.89422 , "DE Radar fixe DE 50"
7.81681 , 50.95331 , "DE Radar fixe DE 50"
14.19175 , 51.23489 , "DE Radar fixe DE 50"
6.14617 , 51.80408 , "DE Radar fixe DE 50"
13.58578 , 51.10089 , "DE Radar fixe DE 50"
8.81247 , 52.21139 , "DE Radar fixe DE 50"
8.68889 , 50.26883 , "DE Radar fixe DE 50"
9.24978 , 48.44181 , "DE Radar fixe DE 50"
9.99419 , 48.38686 , "DE Radar fixe DE 50"
8.71633 , 49.30008 , "DE Radar fixe DE 50"
6.82156 , 51.02244 , "DE Radar fixe DE 50"
14.70692 , 51.52167 , "DE Radar fixe DE 50"
9.06414 , 48.79181 , "DE Radar fixe DE 50"
9.98219 , 48.7515 , "DE Radar fixe DE 50"
11.57869 , 50.90042 , "DE Radar fixe DE 50"
8.27692 , 53.38619 , "DE Radar fixe DE 50"
8.44742 , 50.2435 , "DE Radar fixe DE 50"
12.46278 , 53.15986 , "DE Radar fixe DE 50"
7.66331 , 50.98711 , "DE Radar fixe DE 50"
8.40211 , 49.65442 , "DE Radar fixe DE 50"
13.62506 , 51.97683 , "DE Radar fixe DE 50"
9.78194 , 48.105 , "DE Radar fixe DE 50"
11.59006 , 50.92206 , "DE Radar fixe DE 50"
13.17444 , 52.27286 , "DE Radar fixe DE 50"
9.11631 , 52.21458 , "DE Radar fixe DE 50"
8.45289 , 49.98692 , "DE Radar fixe DE 50"
9.22531 , 48.56394 , "DE Radar fixe DE 50"
10.25528 , 53.87019 , "DE Radar fixe DE 50"
8.88478 , 50.12781 , "DE Radar fixe DE 50"
14.16961 , 51.14356 , "DE Radar fixe DE 50"
8.75953 , 49.62889 , "DE Radar fixe DE 50"
7.96722 , 51.25756 , "DE Radar fixe DE 50"
9.81472 , 52.15508 , "DE Radar fixe DE 50"
8.81244 , 47.98186 , "DE Radar fixe DE 50"
6.4855 , 51.43939 , "DE Radar fixe DE 50"
7.0885 , 51.05108 , "DE Radar fixe DE 50"
7.53522 , 50.97625 , "DE Radar fixe DE 50"
7.17917 , 50.74817 , "DE Radar fixe DE 50"
8.59164 , 49.80764 , "DE Radar fixe DE 50"
9.00969 , 48.692 , "DE Radar fixe DE 50"
8.6105 , 49.68111 , "DE Radar fixe DE 50"
9.89306 , 48.41747 , "DE Radar fixe DE 50"
8.70486 , 50.26972 , "DE Radar fixe DE 50"
8.1045 , 51.63789 , "DE Radar fixe DE 50"
10.08483 , 53.62461 , "DE Radar fixe DE 50"
8.77472 , 50.09044 , "DE Radar fixe DE 50"
8.52533 , 50.09097 , "DE Radar fixe DE 50"
10.40653 , 53.05847 , "DE Radar fixe DE 50"
9.41625 , 52.42208 , "DE Radar fixe DE 50"
6.95944 , 50.79889 , "DE Radar fixe DE 50"
8.43694 , 49.98158 , "DE Radar fixe DE 50"
9.20183 , 48.88942 , "DE Radar fixe DE 50"
8.89492 , 50.17917 , "DE Radar fixe DE 50"
8.73669 , 48.74028 , "DE Radar fixe DE 50"
8.43933 , 50.84031 , "DE Radar fixe DE 50"
11.18033 , 52.91444 , "DE Radar fixe DE 50"
12.59689 , 52.36414 , "DE Radar fixe DE 50"
7.22489 , 53.34239 , "DE Radar fixe DE 50"
9.52622 , 48.67131 , "DE Radar fixe DE 50"
9.08567 , 48.89928 , "DE Radar fixe DE 50"
9.22472 , 49.15661 , "DE Radar fixe DE 50"
12.17544 , 51.80158 , "DE Radar fixe DE 50"
8.48 , 49.64578 , "DE Radar fixe DE 50"
13.86836 , 52.58389 , "DE Radar fixe DE 50"
6.31083 , 50.62756 , "DE Radar fixe DE 50"
6.39139 , 50.519 , "DE Radar fixe DE 50"
7.55806 , 51.46086 , "DE Radar fixe DE 50"
9.75467 , 48.509 , "DE Radar fixe DE 50"
7.33489 , 50.76736 , "DE Radar fixe DE 50"
8.55072 , 47.94219 , "DE Radar fixe DE 50"
8.98806 , 51.06811 , "DE Radar fixe DE 50"
9.56347 , 48.00683 , "DE Radar fixe DE 50"
13.28217 , 51.54067 , "DE Radar fixe DE 50"
8.47442 , 48.03225 , "DE Radar fixe DE 50"
7.27867 , 51.31444 , "DE Radar fixe DE 50"
6.44619 , 51.17544 , "DE Radar fixe DE 50"
8.83875 , 48.61131 , "DE Radar fixe DE 50"
13.79422 , 51.00139 , "DE Radar fixe DE 50"
8.95808 , 50.54653 , "DE Radar fixe DE 50"
9.17572 , 52.98111 , "DE Radar fixe DE 50"
8.22897 , 50.07211 , "DE Radar fixe DE 50"
8.67456 , 48.58839 , "DE Radar fixe DE 50"
6.263 , 51.4085 , "DE Radar fixe DE 50"
9.79358 , 48.82025 , "DE Radar fixe DE 50"
9.82636 , 51.25139 , "DE Radar fixe DE 50"
9.54133 , 48.70831 , "DE Radar fixe DE 50"
8.95397 , 49.96697 , "DE Radar fixe DE 50"
9.61344 , 50.80392 , "DE Radar fixe DE 50"
6.43469 , 50.86578 , "DE Radar fixe DE 50"
13.48631 , 51.10783 , "DE Radar fixe DE 50"
14.36144 , 51.58928 , "DE Radar fixe DE 50"
6.75731 , 51.60125 , "DE Radar fixe DE 50"
14.23194 , 51.458 , "DE Radar fixe DE 50"
12.20539 , 53.23228 , "DE Radar fixe DE 50"
9.10289 , 48.47669 , "DE Radar fixe DE 50"
6.67769 , 51.60792 , "DE Radar fixe DE 50"
8.50864 , 48.86472 , "DE Radar fixe DE 50"
9.57594 , 48.70447 , "DE Radar fixe DE 50"
9.58 , 48.71342 , "DE Radar fixe DE 50"
8.87894 , 50.21961 , "DE Radar fixe DE 50"
7.78028 , 49.44328 , "DE Radar fixe DE 50"
13.91386 , 52.48061 , "DE Radar fixe DE 50"
10.06475 , 48.83536 , "DE Radar fixe DE 50"
8.77989 , 50.10522 , "DE Radar fixe DE 50"
9.14331 , 48.97283 , "DE Radar fixe DE 50"
9.80158 , 53.78361 , "DE Radar fixe DE 50"
8.54375 , 48.06644 , "DE Radar fixe DE 50"
12.76197 , 50.79089 , "DE Radar fixe DE 50"
8.34853 , 49.00436 , "DE Radar fixe DE 50"
9.56506 , 50.41617 , "DE Radar fixe DE 50"
9.22514 , 48.59328 , "DE Radar fixe DE 50"
7.82019 , 48.51156 , "DE Radar fixe DE 50"
7.23978 , 50.78297 , "DE Radar fixe DE 50"
9.23261 , 48.67117 , "DE Radar fixe DE 50"
7.38017 , 51.63192 , "DE Radar fixe DE 50"
9.25389 , 48.73642 , "DE Radar fixe DE 50"
9.14208 , 48.52786 , "DE Radar fixe DE 50"
9.33369 , 48.57861 , "DE Radar fixe DE 50"
6.98042 , 50.96589 , "DE Radar fixe DE 50"
8.6385 , 50.58489 , "DE Radar fixe DE 50"
9.34419 , 51.06206 , "DE Radar fixe DE 50"
9.34833 , 51.34247 , "DE Radar fixe DE 50"
9.38781 , 48.66961 , "DE Radar fixe DE 50"
11.82219 , 53.42692 , "DE Radar fixe DE 50"
6.16369 , 51.80494 , "DE Radar fixe DE 50"
13.59503 , 51.09767 , "DE Radar fixe DE 50"
8.82269 , 52.226 , "DE Radar fixe DE 50"
12.35689 , 52.32283 , "DE Radar fixe DE 50"
8.20089 , 48.83658 , "DE Radar fixe DE 50"
14.40194 , 51.0545 , "DE Radar fixe DE 50"
8.71586 , 49.29778 , "DE Radar fixe DE 50"
14.02406 , 51.18147 , "DE Radar fixe DE 50"
6.61722 , 51.34133 , "DE Radar fixe DE 50"
8.48997 , 49.73503 , "DE Radar fixe DE 50"
6.54919 , 51.00497 , "DE Radar fixe DE 50"
9.0785 , 48.51203 , "DE Radar fixe DE 50"
9.36894 , 53.46367 , "DE Radar fixe DE 50"
6.13067 , 50.83106 , "DE Radar fixe DE 50"
12.50122 , 53.20442 , "DE Radar fixe DE 50"
7.74447 , 50.94075 , "DE Radar fixe DE 50"
8.51944 , 49.60125 , "DE Radar fixe DE 50"
9.083 , 48.45144 , "DE Radar fixe DE 50"
9.77361 , 48.10003 , "DE Radar fixe DE 50"
12.87742 , 50.79047 , "DE Radar fixe DE 50"
9.10194 , 48.41517 , "DE Radar fixe DE 50"
9.08608 , 48.94678 , "DE Radar fixe DE 50"
9.18033 , 48.67244 , "DE Radar fixe DE 50"
9.20572 , 48.54722 , "DE Radar fixe DE 50"
9.87308 , 48.84797 , "DE Radar fixe DE 50"
12.73658 , 52.40717 , "DE Radar fixe DE 50"
6.73258 , 50.39022 , "DE Radar fixe DE 50"
8.49031 , 49.58775 , "DE Radar fixe DE 50"
8.72431 , 47.93556 , "DE Radar fixe DE 50"
14.13075 , 51.76592 , "DE Radar fixe DE 50"
7.00011 , 51.32972 , "DE Radar fixe DE 50"
8.81917 , 49.97981 , "DE Radar fixe DE 50"
7.00703 , 51.06983 , "DE Radar fixe DE 50"
12.16147 , 53.79253 , "DE Radar fixe DE 50"
7.11406 , 50.71089 , "DE Radar fixe DE 50"
11.03525 , 52.93558 , "DE Radar fixe DE 50"
9.29608 , 49.62256 , "DE Radar fixe DE 50"
9.55828 , 51.32247 , "DE Radar fixe DE 50"
9.38486 , 48.76019 , "DE Radar fixe DE 50"
10.02514 , 49.02086 , "DE Radar fixe DE 50"
8.34931 , 51.67575 , "DE Radar fixe DE 50"
9.86967 , 53.47169 , "DE Radar fixe DE 50"
8.06197 , 52.24719 , "DE Radar fixe DE 50"
8.98867 , 49.5925 , "DE Radar fixe DE 50"
10.43633 , 53.31914 , "DE Radar fixe DE 50"
9.42139 , 52.42839 , "DE Radar fixe DE 50"
9.03669 , 48.40406 , "DE Radar fixe DE 50"
8.43767 , 49.98178 , "DE Radar fixe DE 50"
9.20483 , 48.90306 , "DE Radar fixe DE 50"
8.89761 , 50.12364 , "DE Radar fixe DE 50"
8.72667 , 48.71567 , "DE Radar fixe DE 50"
8.91539 , 50.52108 , "DE Radar fixe DE 50"
9.06583 , 48.30503 , "DE Radar fixe DE 50"
9.769 , 50.67956 , "DE Radar fixe DE 50"
9.36717 , 48.39969 , "DE Radar fixe DE 50"
8.61108 , 51.91483 , "DE Radar fixe DE 50"
9.08675 , 48.90122 , "DE Radar fixe DE 50"
9.23 , 49.16311 , "DE Radar fixe DE 50"
12.14669 , 51.80381 , "DE Radar fixe DE 50"
11.57225 , 48.17781 , "DE Radar fixe DE 50"
8.75642 , 49.61636 , "DE Radar fixe DE 50"
9.75247 , 48.81014 , "DE Radar fixe DE 50"
9.18147 , 48.58447 , "DE Radar fixe DE 50"
9.06742 , 48.87683 , "DE Radar fixe DE 50"
8.28703 , 51.33917 , "DE Radar fixe DE 50"
7.34094 , 50.76739 , "DE Radar fixe DE 50"
9.81725 , 48.68478 , "DE Radar fixe DE 50"
9.41064 , 49.47306 , "DE Radar fixe DE 50"
7.15775 , 50.68528 , "DE Radar fixe DE 50"
9.61467 , 48.66411 , "DE Radar fixe DE 50"
8.71144 , 50.05239 , "DE Radar fixe DE 50"
7.21128 , 51.30711 , "DE Radar fixe DE 50"
6.44753 , 51.17083 , "DE Radar fixe DE 50"
8.83303 , 48.62575 , "DE Radar fixe DE 50"
13.79333 , 51.00211 , "DE Radar fixe DE 50"
7.40053 , 52.74694 , "DE Radar fixe DE 50"
13.55731 , 52.35981 , "DE Radar fixe DE 50"
8.45247 , 49.6505 , "DE Radar fixe DE 50"
8.50058 , 49.75369 , "DE Radar fixe DE 50"
14.01619 , 50.91983 , "DE Radar fixe DE 50"
9.79478 , 48.82833 , "DE Radar fixe DE 50"
6.94889 , 51.17669 , "DE Radar fixe DE 50"
9.55114 , 48.70969 , "DE Radar fixe DE 50"
7.10117 , 51.51022 , "DE Radar fixe DE 50"
9.35639 , 50.67308 , "DE Radar fixe DE 50"
8.84664 , 53.08117 , "DE Radar fixe DE 50"
8.21322 , 50.17175 , "DE Radar fixe DE 50"
9.28331 , 48.675 , "DE Radar fixe DE 50"
6.80872 , 51.61464 , "DE Radar fixe DE 50"
8.66064 , 49.69561 , "DE Radar fixe DE 50"
6.07394 , 50.77703 , "DE Radar fixe DE 50"
14.31325 , 51.73172 , "DE Radar fixe DE 50"
9.80814 , 52.37533 , "DE Radar fixe DE 50"
9.20542 , 48.88944 , "DE Radar fixe DE 50"
9.02581 , 48.86358 , "DE Radar fixe DE 50"
9.59058 , 48.72167 , "DE Radar fixe DE 50"
8.87858 , 50.22131 , "DE Radar fixe DE 50"
8.77342 , 50.24178 , "DE Radar fixe DE 50"
6.23689 , 50.79914 , "DE Radar fixe DE 50"
10.04022 , 48.84492 , "DE Radar fixe DE 50"
9.75069 , 49.44444 , "DE Radar fixe DE 50"
8.23511 , 50.07219 , "DE Radar fixe DE 50"
9.68189 , 53.70767 , "DE Radar fixe DE 50"
8.45033 , 48.05714 , "DE Radar fixe DE 50"
7.11825 , 51.03489 , "DE Radar fixe DE 50"
8.36511 , 48.99444 , "DE Radar fixe DE 50"
8.43081 , 50.04264 , "DE Radar fixe DE 50"
9.21508 , 48.59067 , "DE Radar fixe DE 50"
7.82286 , 48.52125 , "DE Radar fixe DE 50"
12.88281 , 50.79819 , "DE Radar fixe DE 50"
6.68558 , 50.86789 , "DE Radar fixe DE 50"
13.47394 , 52.76258 , "DE Radar fixe DE 50"
9.25558 , 48.72456 , "DE Radar fixe DE 50"
9.14481 , 49.03814 , "DE Radar fixe DE 50"
8.74664 , 50.32803 , "DE Radar fixe DE 50"
9.70658 , 48.58467 , "DE Radar fixe DE 50"
7.82144 , 51.66903 , "DE Radar fixe DE 50"
9.142 , 50.99428 , "DE Radar fixe DE 50"
8.47944 , 49.76739 , "DE Radar fixe DE 50"
9.37094 , 48.66808 , "DE Radar fixe DE 50"
13.97758 , 53.51867 , "DE Radar fixe DE 50"
14.89611 , 51.22917 , "DE Radar fixe DE 50"
6.15958 , 50.99411 , "DE Radar fixe DE 50"
8.72936 , 48.69408 , "DE Radar fixe DE 50"
14.60939 , 51.60586 , "DE Radar fixe DE 50"
6.88156 , 51.45086 , "DE Radar fixe DE 50"
9.80364 , 53.37625 , "DE Radar fixe DE 50"
8.69939 , 49.30011 , "DE Radar fixe DE 50"
14.02083 , 51.19781 , "DE Radar fixe DE 50"
7.97356 , 51.00153 , "DE Radar fixe DE 50"
9.91089 , 50.45175 , "DE Radar fixe DE 50"
9.26853 , 48.5705 , "DE Radar fixe DE 50"
8.66794 , 50.84539 , "DE Radar fixe DE 50"
9.17689 , 48.75667 , "DE Radar fixe DE 50"
8.61822 , 52.29447 , "DE Radar fixe DE 50"
9.28656 , 48.65972 , "DE Radar fixe DE 50"
9.28242 , 48.88819 , "DE Radar fixe DE 50"
8.51522 , 49.60092 , "DE Radar fixe DE 50"
9.66639 , 48.72519 , "DE Radar fixe DE 50"
9.79528 , 48.09444 , "DE Radar fixe DE 50"
10.70197 , 53.88578 , "DE Radar fixe DE 50"
9.10217 , 48.41517 , "DE Radar fixe DE 50"
9.45608 , 48.44553 , "DE Radar fixe DE 50"
14.39839 , 51.86225 , "DE Radar fixe DE 50"
9.20156 , 48.55003 , "DE Radar fixe DE 50"
9.88167 , 48.84869 , "DE Radar fixe DE 50"
11.62058 , 53.22633 , "DE Radar fixe DE 50"
9.87372 , 48.413 , "DE Radar fixe DE 50"
8.48792 , 49.58786 , "DE Radar fixe DE 50"
6.98128 , 50.96003 , "DE Radar fixe DE 50"
9.20264 , 48.5365 , "DE Radar fixe DE 50"
8.5745 , 49.69489 , "DE Radar fixe DE 50"
8.82561 , 49.98333 , "DE Radar fixe DE 50"
7.06069 , 51.09183 , "DE Radar fixe DE 50"
7.52917 , 51.31056 , "DE Radar fixe DE 50"
7.16853 , 50.68661 , "DE Radar fixe DE 50"
7.95575 , 49.9875 , "DE Radar fixe DE 50"
9.77269 , 51.25772 , "DE Radar fixe DE 50"
8.62219 , 49.69203 , "DE Radar fixe DE 50"
8.58319 , 48.14714 , "DE Radar fixe DE 50"
7.12694 , 52.009 , "DE Radar fixe DE 50"
13.17672 , 51.98569 , "DE Radar fixe DE 50"
9.95947 , 53.47 , "DE Radar fixe DE 50"
11.71633 , 51.135 , "DE Radar fixe DE 50"
8.96586 , 49.52711 , "DE Radar fixe DE 50"
8.89392 , 53.42367 , "DE Radar fixe DE 50"
9.42142 , 52.44189 , "DE Radar fixe DE 50"
9.94725 , 48.50314 , "DE Radar fixe DE 50"
8.42936 , 49.97947 , "DE Radar fixe DE 50"
9.21203 , 48.90397 , "DE Radar fixe DE 50"
8.90589 , 50.10406 , "DE Radar fixe DE 50"
7.35542 , 51.59783 , "DE Radar fixe DE 50"
6.96825 , 52.53681 , "DE Radar fixe DE 50"
10.13106 , 54.36022 , "DE Radar fixe DE 50"
9.24172 , 48.56078 , "DE Radar fixe DE 50"
9.28114 , 51.28644 , "DE Radar fixe DE 50"
10.00631 , 48.26581 , "DE Radar fixe DE 50"
9.09289 , 48.89886 , "DE Radar fixe DE 50"
9.2175 , 49.12417 , "DE Radar fixe DE 50"
12.28433 , 51.84706 , "DE Radar fixe DE 50"
6.88736 , 49.30211 , "DE Radar fixe DE 50"
9.14622 , 49.2915 , "DE Radar fixe DE 50"
9.94164 , 52.13775 , "DE Radar fixe DE 50"
8.45781 , 50.39111 , "DE Radar fixe DE 50"
8.98656 , 50.03783 , "DE Radar fixe DE 50"
8.16328 , 51.32058 , "DE Radar fixe DE 50"
10.17731 , 48.56708 , "DE Radar fixe DE 50"
9.81981 , 48.71456 , "DE Radar fixe DE 50"
10.02167 , 49.13864 , "DE Radar fixe DE 50"
8.9025 , 50.54317 , "DE Radar fixe DE 50"
13.17644 , 51.98569 , "DE Radar fixe DE 50"
8.58975 , 50.55536 , "DE Radar fixe DE 50"
9.64389 , 47.663 , "DE Radar fixe DE 50"
6.42169 , 51.16269 , "DE Radar fixe DE 50"
8.83583 , 48.62131 , "DE Radar fixe DE 50"
13.74219 , 51.04236 , "DE Radar fixe DE 50"
9.26772 , 48.56225 , "DE Radar fixe DE 50"
9.19825 , 48.79311 , "DE Radar fixe DE 50"
9.96075 , 51.763 , "DE Radar fixe DE 50"
8.49042 , 49.73322 , "DE Radar fixe DE 50"
14.01675 , 50.91978 , "DE Radar fixe DE 50"
9.64778 , 50.47292 , "DE Radar fixe DE 50"
8.88353 , 48.40553 , "DE Radar fixe DE 50"
9.50011 , 48.69031 , "DE Radar fixe DE 50"
8.59164 , 49.54403 , "DE Radar fixe DE 50"
6.94369 , 50.95394 , "DE Radar fixe DE 50"
8.71942 , 48.53294 , "DE Radar fixe DE 50"
7.77422 , 52.02533 , "DE Radar fixe DE 50"
8.03061 , 50.78194 , "DE Radar fixe DE 50"
6.38536 , 50.71503 , "DE Radar fixe DE 50"
7.421 , 50.98556 , "DE Radar fixe DE 50"
6.07389 , 50.77767 , "DE Radar fixe DE 50"
8.57506 , 49.15364 , "DE Radar fixe DE 50"
9.66547 , 51.11931 , "DE Radar fixe DE 50"
8.80481 , 47.98867 , "DE Radar fixe DE 50"
8.41889 , 50.02028 , "DE Radar fixe DE 50"
9.26439 , 47.74317 , "DE Radar fixe DE 50"
7.87489 , 50.87461 , "DE Radar fixe DE 50"
8.77872 , 50.21942 , "DE Radar fixe DE 50"
8.65044 , 52.34844 , "DE Radar fixe DE 50"
10.05806 , 48.87389 , "DE Radar fixe DE 50"
9.02236 , 50.02636 , "DE Radar fixe DE 50"
8.25378 , 50.06067 , "DE Radar fixe DE 50"
9.691 , 53.79153 , "DE Radar fixe DE 50"
12.69225 , 53.32508 , "DE Radar fixe DE 50"
7.25486 , 51.65611 , "DE Radar fixe DE 50"
8.35372 , 48.99817 , "DE Radar fixe DE 50"
8.43981 , 50.04344 , "DE Radar fixe DE 50"
8.93911 , 50.28483 , "DE Radar fixe DE 50"
7.82247 , 48.50214 , "DE Radar fixe DE 50"
6.98919 , 51.18889 , "DE Radar fixe DE 50"
9.27936 , 53.25911 , "DE Radar fixe DE 50"
9.68111 , 48.75764 , "DE Radar fixe DE 50"
9.24358 , 48.73281 , "DE Radar fixe DE 50"
9.14392 , 49.04694 , "DE Radar fixe DE 50"
8.78569 , 50.34803 , "DE Radar fixe DE 50"
9.68056 , 48.58075 , "DE Radar fixe DE 50"
8.61217 , 50.59194 , "DE Radar fixe DE 50"
8.92228 , 47.80353 , "DE Radar fixe DE 50"
8.65606 , 48.90397 , "DE Radar fixe DE 50"
7.75792 , 51.25114 , "DE Radar fixe DE 50"
14.01328 , 53.51575 , "DE Radar fixe DE 50"
14.25992 , 51.74033 , "DE Radar fixe DE 50"
9.82269 , 48.62747 , "DE Radar fixe DE 50"
8.78383 , 50.19283 , "DE Radar fixe DE 50"
7.45003 , 51.3815 , "DE Radar fixe DE 50"
14.58378 , 51.62561 , "DE Radar fixe DE 50"
8.45653 , 50.28153 , "DE Radar fixe DE 50"
8.70222 , 49.29031 , "DE Radar fixe DE 50"
14.23772 , 51.09897 , "DE Radar fixe DE 50"
7.18917 , 53.48506 , "DE Radar fixe DE 50"
9.92006 , 50.44756 , "DE Radar fixe DE 50"
9.26028 , 48.57469 , "DE Radar fixe DE 50"
8.74383 , 50.86286 , "DE Radar fixe DE 50"
9.18183 , 48.75939 , "DE Radar fixe DE 50"
13.38689 , 51.54639 , "DE Radar fixe DE 50"
9.29861 , 48.65036 , "DE Radar fixe DE 50"
9.27461 , 48.86942 , "DE Radar fixe DE 50"
8.39464 , 49.63489 , "DE Radar fixe DE 50"
9.61672 , 48.66961 , "DE Radar fixe DE 50"
8.41044 , 49.68542 , "DE Radar fixe DE 50"
10.67947 , 53.88264 , "DE Radar fixe DE 50"
9.71931 , 50.38122 , "DE Radar fixe DE 50"
9.45794 , 52.38825 , "DE Radar fixe DE 50"
8.4575 , 49.90694 , "DE Radar fixe DE 50"
9.21953 , 48.5015 , "DE Radar fixe DE 50"
9.87903 , 48.85083 , "DE Radar fixe DE 50"
9.29925 , 49.00403 , "DE Radar fixe DE 50"
9.89131 , 48.44411 , "DE Radar fixe DE 50"
9.63494 , 48.56711 , "DE Radar fixe DE 50"
13.17464 , 52.28583 , "DE Radar fixe DE 50"
10.27086 , 53.41792 , "DE Radar fixe DE 50"
8.06261 , 53.52644 , "DE Radar fixe DE 50"
8.78833 , 49.97442 , "DE Radar fixe DE 50"
7.06172 , 51.03967 , "DE Radar fixe DE 50"
7.51803 , 51.32725 , "DE Radar fixe DE 50"
7.06794 , 50.67483 , "DE Radar fixe DE 50"
8.61036 , 49.75094 , "DE Radar fixe DE 50"
11.61603 , 48.13681 , "DE Radar fixe DE 50"
9.86464 , 51.52183 , "DE Radar fixe DE 50"
12.78294 , 52.80711 , "DE Radar fixe DE 50"
14.96336 , 51.34644 , "DE Radar fixe DE 50"
14.95694 , 51.38172 , "DE Radar fixe DE 50"
9.83025 , 53.57522 , "DE Radar fixe DE 50"
8.63067 , 51.461 , "DE Radar fixe DE 50"
8.98964 , 49.59453 , "DE Radar fixe DE 50"
9.12069 , 53.70725 , "DE Radar fixe DE 50"
9.45933 , 52.43425 , "DE Radar fixe DE 50"
9.97758 , 48.40011 , "DE Radar fixe DE 50"
13.00192 , 52.88044 , "DE Radar fixe DE 50"
9.20278 , 48.91203 , "DE Radar fixe DE 50"
8.95806 , 50.11997 , "DE Radar fixe DE 50"
7.34808 , 51.5825 , "DE Radar fixe DE 50"
8.88256 , 50.43586 , "DE Radar fixe DE 50"
13.52936 , 52.39383 , "DE Radar fixe DE 50"
9.81231 , 52.14592 , "DE Radar fixe DE 50"
9.94158 , 52.13769 , "DE Radar fixe DE 50"
8.83742 , 50.21908 , "DE Radar fixe DE 50"
7.07728 , 51.65442 , "DE Radar fixe DE 50"
9.14861 , 49.19278 , "DE Radar fixe DE 50"
8.77278 , 50.01986 , "DE Radar fixe DE 50"
11.58622 , 48.17761 , "DE Radar fixe DE 50"
9.19061 , 49.07814 , "DE Radar fixe DE 50"
12.69175 , 51.36058 , "DE Radar fixe DE 50"
8.94967 , 50.28711 , "DE Radar fixe DE 50"
8.96278 , 50.03994 , "DE Radar fixe DE 50"
6.99903 , 51.23197 , "DE Radar fixe DE 50"
7.43414 , 51.4085 , "DE Radar fixe DE 50"
6.97628 , 51.65597 , "DE Radar fixe DE 50"
11.57447 , 51.85131 , "DE Radar fixe DE 50"
10.69125 , 53.85153 , "DE Radar fixe DE 50"
9.21369 , 48.90531 , "DE Radar fixe DE 50"
9.30236 , 48.38469 , "DE Radar fixe DE 50"
9.1835 , 52.3015 , "DE Radar fixe DE 50"
6.40997 , 51.19575 , "DE Radar fixe DE 50"
7.15136 , 51.57756 , "DE Radar fixe DE 50"
7.37264 , 51.86656 , "DE Radar fixe DE 50"
8.99269 , 50.66678 , "DE Radar fixe DE 50"
11.34131 , 51.01514 , "DE Radar fixe DE 50"
9.09108 , 48.46408 , "DE Radar fixe DE 50"
7.23667 , 51.84456 , "DE Radar fixe DE 50"
9.17008 , 48.84061 , "DE Radar fixe DE 50"
10.251 , 48.69739 , "DE Radar fixe DE 50"
8.89183 , 48.41356 , "DE Radar fixe DE 50"
9.52628 , 48.70814 , "DE Radar fixe DE 50"
8.58236 , 49.53172 , "DE Radar fixe DE 50"
9.68528 , 50.65833 , "DE Radar fixe DE 50"
8.67647 , 48.54231 , "DE Radar fixe DE 50"
12.62272 , 53.76175 , "DE Radar fixe DE 50"
7.35769 , 50.82319 , "DE Radar fixe DE 50"
7.65186 , 47.60261 , "DE Radar fixe DE 50"
7.41086 , 51.3175 , "DE Radar fixe DE 50"
6.06931 , 50.762 , "DE Radar fixe DE 50"
6.85039 , 51.43103 , "DE Radar fixe DE 50"
9.59806 , 50.80419 , "DE Radar fixe DE 50"
10.08753 , 48.83203 , "DE Radar fixe DE 50"
8.53731 , 49.67778 , "DE Radar fixe DE 50"
14.50106 , 51.36572 , "DE Radar fixe DE 50"
7.0885 , 50.82419 , "DE Radar fixe DE 50"
8.74192 , 50.23083 , "DE Radar fixe DE 50"
6.93133 , 51.46358 , "DE Radar fixe DE 50"
10.05964 , 48.84889 , "DE Radar fixe DE 50"
9.43992 , 50.63147 , "DE Radar fixe DE 50"
8.749 , 50.09197 , "DE Radar fixe DE 50"
9.87597 , 53.77272 , "DE Radar fixe DE 50"
8.86236 , 52.16714 , "DE Radar fixe DE 50"
8.79358 , 50.09606 , "DE Radar fixe DE 50"
8.44181 , 50.13975 , "DE Radar fixe DE 50"
8.71139 , 50.09917 , "DE Radar fixe DE 50"
13.00853 , 52.01003 , "DE Radar fixe DE 50"
8.68931 , 49.35708 , "DE Radar fixe DE 50"
7.23978 , 50.78292 , "DE Radar fixe DE 50"
8.22536 , 50.07272 , "DE Radar fixe DE 50"
9.68989 , 48.76311 , "DE Radar fixe DE 50"
9.26556 , 48.70553 , "DE Radar fixe DE 50"
9.46308 , 48.65458 , "DE Radar fixe DE 50"
8.71872 , 50.32917 , "DE Radar fixe DE 50"
14.019 , 52.77883 , "DE Radar fixe DE 50"
8.63661 , 50.58783 , "DE Radar fixe DE 50"
11.65239 , 53.03881 , "DE Radar fixe DE 50"
8.39353 , 51.90411 , "DE Radar fixe DE 50"
7.20694 , 51.09761 , "DE Radar fixe DE 50"
12.59689 , 52.36403 , "DE Radar fixe DE 50"
6.97317 , 50.93139 , "DE Radar fixe DE 50"
9.82281 , 48.61731 , "DE Radar fixe DE 50"
6.51461 , 50.98369 , "DE Radar fixe DE 50"
7.84481 , 51.70206 , "DE Radar fixe DE 50"
9.34483 , 52.41175 , "DE Radar fixe DE 50"
9.49578 , 51.22589 , "DE Radar fixe DE 50"
6.55486 , 51.27997 , "DE Radar fixe DE 50"
7.94522 , 52.68228 , "DE Radar fixe DE 50"
7.22311 , 51.01217 , "DE Radar fixe DE 50"
9.91147 , 50.45164 , "DE Radar fixe DE 50"
9.26972 , 48.57461 , "DE Radar fixe DE 50"
8.76825 , 50.87303 , "DE Radar fixe DE 50"
10.15358 , 48.63869 , "DE Radar fixe DE 50"
9.72761 , 49.40658 , "DE Radar fixe DE 50"
8.27714 , 49.67822 , "DE Radar fixe DE 50"
9.27433 , 48.87003 , "DE Radar fixe DE 50"
8.38425 , 49.64133 , "DE Radar fixe DE 50"
9.61767 , 48.70503 , "DE Radar fixe DE 50"
13.98197 , 51.98725 , "DE Radar fixe DE 50"
8.94092 , 49.717 , "DE Radar fixe DE 50"
8.59694 , 53.57467 , "DE Radar fixe DE 50"
9.80478 , 48.79783 , "DE Radar fixe DE 50"
9.84133 , 48.84706 , "DE Radar fixe DE 50"
9.23133 , 48.541 , "DE Radar fixe DE 50"
12.39267 , 51.37281 , "DE Radar fixe DE 50"
13.55672 , 51.29586 , "DE Radar fixe DE 50"
9.86164 , 48.42942 , "DE Radar fixe DE 50"
14.38828 , 51.22242 , "DE Radar fixe DE 50"
14.50586 , 51.68664 , "DE Radar fixe DE 50"
9.49275 , 48.0095 , "DE Radar fixe DE 50"
8.46119 , 49.59333 , "DE Radar fixe DE 50"
8.80078 , 49.96914 , "DE Radar fixe DE 50"
7.05497 , 51.02525 , "DE Radar fixe DE 50"
7.41472 , 51.34486 , "DE Radar fixe DE 50"
7.05778 , 50.74806 , "DE Radar fixe DE 50"
8.61981 , 49.75644 , "DE Radar fixe DE 50"
11.61575 , 48.13667 , "DE Radar fixe DE 50"
8.47267 , 47.98408 , "DE Radar fixe DE 50"
8.61017 , 47.81583 , "DE Radar fixe DE 50"
8.92019 , 48.41803 , "DE Radar fixe DE 50"
7.22742 , 50.84514 , "DE Radar fixe DE 50"
10.00183 , 53.66183 , "DE Radar fixe DE 50"
8.92214 , 50.18286 , "DE Radar fixe DE 50"
7.97969 , 49.99697 , "DE Radar fixe DE 50"
8.52303 , 50.31064 , "DE Radar fixe DE 50"
9.46781 , 52.42403 , "DE Radar fixe DE 50"
8.87719 , 48.24753 , "DE Radar fixe DE 50"
9.73181 , 48.69192 , "DE Radar fixe DE 50"
9.19953 , 48.90558 , "DE Radar fixe DE 50"
13.94364 , 52.39119 , "DE Radar fixe DE 50"
7.31844 , 51.53733 , "DE Radar fixe DE 50"
8.88411 , 50.43772 , "DE Radar fixe DE 50"
8.96664 , 48.53128 , "DE Radar fixe DE 50"
9.84153 , 48.78711 , "DE Radar fixe DE 50"
13.47186 , 51.42242 , "DE Radar fixe DE 50"
8.82644 , 50.21147 , "DE Radar fixe DE 50"
7.19486 , 51.66708 , "DE Radar fixe DE 50"
9.18256 , 49.14069 , "DE Radar fixe DE 50"
8.78822 , 50.03228 , "DE Radar fixe DE 50"
7.77686 , 51.67033 , "DE Radar fixe DE 50"
8.99978 , 49.0685 , "DE Radar fixe DE 50"
12.42944 , 50.53211 , "DE Radar fixe DE 50"
13.66053 , 50.99119 , "DE Radar fixe DE 50"
8.92919 , 50.055 , "DE Radar fixe DE 50"
8.84789 , 48.49142 , "DE Radar fixe DE 50"
8.64533 , 52.0645 , "DE Radar fixe DE 50"
6.98219 , 51.65772 , "DE Radar fixe DE 50"
8.82578 , 49.80483 , "DE Radar fixe DE 50"
9.20822 , 48.88933 , "DE Radar fixe DE 50"
7.23167 , 53.33986 , "DE Radar fixe DE 50"
9.37172 , 48.39981 , "DE Radar fixe DE 50"
9.18233 , 52.30056 , "DE Radar fixe DE 50"
6.41292 , 51.11608 , "DE Radar fixe DE 50"
13.25303 , 51.69858 , "DE Radar fixe DE 50"
7.20131 , 51.84978 , "DE Radar fixe DE 50"
7.39883 , 52.74303 , "DE Radar fixe DE 50"
12.23919 , 51.85333 , "DE Radar fixe DE 50"
8.91161 , 49.23631 , "DE Radar fixe DE 50"
10.33347 , 51.65958 , "DE Radar fixe DE 50"
9.18514 , 48.80661 , "DE Radar fixe DE 50"
10.26492 , 48.73725 , "DE Radar fixe DE 50"
9.47011 , 48.69306 , "DE Radar fixe DE 50"
9.70217 , 50.46911 , "DE Radar fixe DE 50"
8.76311 , 52.18772 , "DE Radar fixe DE 50"
12.68819 , 50.5925 , "DE Radar fixe DE 50"
9.76942 , 52.36586 , "DE Radar fixe DE 50"
6.47833 , 51.31842 , "DE Radar fixe DE 50"
6.68031 , 51.21375 , "DE Radar fixe DE 50"
6.85142 , 50.90103 , "DE Radar fixe DE 50"
8.04061 , 51.88017 , "DE Radar fixe DE 50"
6.03986 , 50.8365 , "DE Radar fixe DE 50"
9.80006 , 50.57897 , "DE Radar fixe DE 50"
10.08867 , 48.83286 , "DE Radar fixe DE 50"
8.53719 , 49.67789 , "DE Radar fixe DE 50"
9.97792 , 48.38694 , "DE Radar fixe DE 50"
6.15714 , 51.20939 , "DE Radar fixe DE 50"
8.75275 , 50.25353 , "DE Radar fixe DE 50"
7.01853 , 51.46933 , "DE Radar fixe DE 50"
9.89411 , 48.91664 , "DE Radar fixe DE 50"
9.47703 , 50.60739 , "DE Radar fixe DE 50"
8.11672 , 48.79961 , "DE Radar fixe DE 50"
9.83008 , 53.70306 , "DE Radar fixe DE 50"
7.17408 , 50.63967 , "DE Radar fixe DE 50"
8.74578 , 50.0845 , "DE Radar fixe DE 50"
8.44225 , 50.13961 , "DE Radar fixe DE 50"
14.53136 , 52.35528 , "DE Radar fixe DE 50"
13.00742 , 52.01056 , "DE Radar fixe DE 50"
7.21389 , 51.17739 , "DE Radar fixe DE 50"
13.00217 , 52.27319 , "DE Radar fixe DE 50"
7.78083 , 52.28275 , "DE Radar fixe DE 50"
6.27311 , 51.13561 , "DE Radar fixe DE 50"
9.25828 , 48.70969 , "DE Radar fixe DE 50"
9.46136 , 48.65044 , "DE Radar fixe DE 50"
8.80075 , 50.32683 , "DE Radar fixe DE 50"
8.60733 , 50.21983 , "DE Radar fixe DE 50"
9.34725 , 49.17869 , "DE Radar fixe DE 50"
9.78178 , 48.09197 , "DE Radar fixe DE 50"
9.23242 , 48.67103 , "DE Radar fixe DE 50"
7.22067 , 51.11564 , "DE Radar fixe DE 50"
14.39597 , 51.86328 , "DE Radar fixe DE 50"
6.97964 , 50.96683 , "DE Radar fixe DE 50"
9.81803 , 48.61747 , "DE Radar fixe DE 50"
8.57036 , 48.77531 , "DE Radar fixe DE 50"
9.60236 , 53.38897 , "DE Radar fixe DE 50"
9.14436 , 48.77114 , "DE Radar fixe DE 50"
9.43072 , 48.67139 , "DE Radar fixe DE 50"
8.08164 , 50.85875 , "DE Radar fixe DE 50"
13.92925 , 51.11417 , "DE Radar fixe DE 50"
7.23961 , 51.06367 , "DE Radar fixe DE 50"
9.84756 , 50.45278 , "DE Radar fixe DE 50"
9.23675 , 48.94814 , "DE Radar fixe DE 50"
8.69956 , 50.86006 , "DE Radar fixe DE 50"
8.46033 , 49.49553 , "DE Radar fixe DE 50"
9.82842 , 49.40569 , "DE Radar fixe DE 50"
8.27356 , 49.60742 , "DE Radar fixe DE 50"
9.41672 , 48.82108 , "DE Radar fixe DE 50"
13.63403 , 54.36903 , "DE Radar fixe DE 50"
9.72206 , 48.74333 , "DE Radar fixe DE 50"
8.57447 , 52.04181 , "DE Radar fixe DE 50"
11.34142 , 51.01514 , "DE Radar fixe DE 50"
8.8335 , 47.72603 , "DE Radar fixe DE 50"
8.20797 , 48.89858 , "DE Radar fixe DE 50"
9.82342 , 48.83475 , "DE Radar fixe DE 50"
9.20633 , 48.53408 , "DE Radar fixe DE 50"
8.38003 , 49.99378 , "DE Radar fixe DE 50"
8.48019 , 49.89844 , "DE Radar fixe DE 50"
13.63228 , 52.60872 , "DE Radar fixe DE 50"
8.93958 , 50.61922 , "DE Radar fixe DE 50"
13.45714 , 52.20147 , "DE Radar fixe DE 50"
8.47328 , 47.98358 , "DE Radar fixe DE 50"
9.15419 , 49.00478 , "DE Radar fixe DE 50"
8.79317 , 49.96672 , "DE Radar fixe DE 50"
12.63808 , 50.72917 , "DE Radar fixe DE 50"
7.42778 , 51.34083 , "DE Radar fixe DE 50"
9.10222 , 49.04025 , "DE Radar fixe DE 50"
8.61764 , 49.81489 , "DE Radar fixe DE 50"
9.72717 , 50.70114 , "DE Radar fixe DE 50"
8.87903 , 53.06092 , "DE Radar fixe DE 50"
7.32631 , 50.82294 , "DE Radar fixe DE 50"
8.97622 , 48.47622 , "DE Radar fixe DE 50"
7.23614 , 50.90636 , "DE Radar fixe DE 50"
9.96997 , 53.59881 , "DE Radar fixe DE 50"
8.92931 , 50.18064 , "DE Radar fixe DE 50"
8.96547 , 49.5255 , "DE Radar fixe DE 50"
8.48942 , 50.30239 , "DE Radar fixe DE 50"
8.50322 , 47.95764 , "DE Radar fixe DE 50"
9.83125 , 49.40358 , "DE Radar fixe DE 50"
9.74325 , 48.68944 , "DE Radar fixe DE 50"
11.17242 , 53.65764 , "DE Radar fixe DE 50"
9.05228 , 50.17697 , "DE Radar fixe DE 50"
7.31492 , 51.565 , "DE Radar fixe DE 50"
11.17869 , 53.00031 , "DE Radar fixe DE 50"
8.9665 , 48.53142 , "DE Radar fixe DE 50"
9.86025 , 48.81183 , "DE Radar fixe DE 50"
6.21883 , 51.33583 , "DE Radar fixe DE 50"
13.51517 , 52.4 , "DE Radar fixe DE 50"
7.19731 , 51.66658 , "DE Radar fixe DE 50"
9.17947 , 49.16406 , "DE Radar fixe DE 50"
8.282 , 50.7365 , "DE Radar fixe DE 50"
8.99047 , 50.03989 , "DE Radar fixe DE 50"
11.97275 , 51.21853 , "DE Radar fixe DE 50"
7.94733 , 50.869 , "DE Radar fixe DE 50"
14.32833 , 51.52439 , "DE Radar fixe DE 50"
7.54283 , 51.67967 , "DE Radar fixe DE 50"
6.98864 , 51.28883 , "DE Radar fixe DE 50"
8.70053 , 52.12164 , "DE Radar fixe DE 50"
7.468 , 51.50008 , "DE Radar fixe DE 50"
9.9995 , 48.55433 , "DE Radar fixe DE 50"
9.11078 , 48.41761 , "DE Radar fixe DE 50"
12.35967 , 52.60328 , "DE Radar fixe DE 50"
7.23781 , 50.81186 , "DE Radar fixe DE 50"
8.80719 , 48.44856 , "DE Radar fixe DE 50"
6.26028 , 50.52981 , "DE Radar fixe DE 50"
7.78197 , 52.28272 , "DE Radar fixe DE 50"
8.49875 , 48.21289 , "DE Radar fixe DE 50"
9.15669 , 50.20678 , "DE Radar fixe DE 50"
8.89364 , 51.18483 , "DE Radar fixe DE 50"
9.50889 , 47.96906 , "DE Radar fixe DE 50"
9.73275 , 50.41278 , "DE Radar fixe DE 50"
9.20503 , 48.81625 , "DE Radar fixe DE 50"
8.45456 , 49.95311 , "DE Radar fixe DE 50"
9.45875 , 48.69094 , "DE Radar fixe DE 50"
9.70847 , 50.46564 , "DE Radar fixe DE 50"
13.23072 , 52.40336 , "DE Radar fixe DE 50"
13.8775 , 51.16058 , "DE Radar fixe DE 50"
8.56269 , 49.65844 , "DE Radar fixe DE 50"
8.40603 , 49.92897 , "DE Radar fixe DE 50"
6.684 , 51.16556 , "DE Radar fixe DE 50"
10.10061 , 48.88911 , "DE Radar fixe DE 50"
9.88586 , 48.32047 , "DE Radar fixe DE 50"
6.04761 , 50.83189 , "DE Radar fixe DE 50"
8.9575 , 48.69417 , "DE Radar fixe DE 50"
12.90286 , 53.69997 , "DE Radar fixe DE 50"
9.76214 , 50.993 , "DE Radar fixe DE 50"
9.97939 , 48.40197 , "DE Radar fixe DE 50"
9.15206 , 52.28881 , "DE Radar fixe DE 50"
8.72231 , 50.24172 , "DE Radar fixe DE 50"
7.00711 , 51.43375 , "DE Radar fixe DE 50"
9.56164 , 51.25631 , "DE Radar fixe DE 50"
7.82717 , 51.66747 , "DE Radar fixe DE 50"
8.86225 , 50.08778 , "DE Radar fixe DE 50"
9.85003 , 53.65167 , "DE Radar fixe DE 50"
9.30264 , 48.83108 , "DE Radar fixe DE 50"
8.77394 , 50.08383 , "DE Radar fixe DE 50"
8.45231 , 50.14925 , "DE Radar fixe DE 50"
14.54008 , 52.34464 , "DE Radar fixe DE 50"
13.83528 , 53.71494 , "DE Radar fixe DE 50"
8.76861 , 49.99903 , "DE Radar fixe DE 50"
10.41 , 48.88833 , "DE Radar fixe DE 50"
7.94964 , 50.82803 , "DE Radar fixe DE 50"
8.56842 , 50.29692 , "DE Radar fixe DE 50"
9.27189 , 48.70939 , "DE Radar fixe DE 50"
10.40828 , 48.88881 , "DE Radar fixe DE 50"
9.46833 , 47.65667 , "DE Radar fixe DE 50"
8.64192 , 50.22317 , "DE Radar fixe DE 50"
7.68139 , 51.53572 , "DE Radar fixe DE 50"
8.72575 , 48.56142 , "DE Radar fixe DE 50"
8.95403 , 49.96689 , "DE Radar fixe DE 50"
9.41433 , 48.69356 , "DE Radar fixe DE 50"
8.67219 , 48.899 , "DE Radar fixe DE 50"
6.95117 , 50.90414 , "DE Radar fixe DE 50"
9.75917 , 48.58531 , "DE Radar fixe DE 50"
9.53317 , 51.2755 , "DE Radar fixe DE 50"
8.96725 , 50.59228 , "DE Radar fixe DE 50"
9.18147 , 48.75997 , "DE Radar fixe DE 50"
10.68514 , 52.46869 , "DE Radar fixe DE 50"
8.05325 , 50.80333 , "DE Radar fixe DE 50"
8.96153 , 47.73911 , "DE Radar fixe DE 50"
7.24039 , 51.06444 , "DE Radar fixe DE 50"
9.06108 , 51.27633 , "DE Radar fixe DE 50"
6.62275 , 50.95281 , "DE Radar fixe DE 50"
8.70908 , 50.86364 , "DE Radar fixe DE 50"
13.44225 , 52.39689 , "DE Radar fixe DE 50"
12.93961 , 52.68928 , "DE Radar fixe DE 50"
8.29928 , 49.641 , "DE Radar fixe DE 50"
9.42392 , 48.81517 , "DE Radar fixe DE 50"
8.68722 , 49.98436 , "DE Radar fixe DE 50"
9.68383 , 48.68828 , "DE Radar fixe DE 50"
9.48125 , 47.81847 , "DE Radar fixe DE 50"
9.74269 , 52.29761 , "DE Radar fixe DE 50"
9.19531 , 49.23439 , "DE Radar fixe DE 50"
8.46431 , 50.19108 , "DE Radar fixe DE 50"
9.89931 , 53.38219 , "DE Radar fixe DE 50"
9.17872 , 48.53 , "DE Radar fixe DE 50"
12.38247 , 51.34067 , "DE Radar fixe DE 50"
7.51844 , 51.32897 , "DE Radar fixe DE 50"
14.22133 , 51.52564 , "DE Radar fixe DE 50"
8.56608 , 50.16967 , "DE Radar fixe DE 50"
9.19586 , 48.79156 , "DE Radar fixe DE 50"
8.24903 , 50.98714 , "DE Radar fixe DE 50"
8.53686 , 48.28108 , "DE Radar fixe DE 50"
8.79833 , 49.97622 , "DE Radar fixe DE 50"
9.47892 , 48.73756 , "DE Radar fixe DE 50"
7.48011 , 51.39222 , "DE Radar fixe DE 50"
9.12108 , 49.04072 , "DE Radar fixe DE 50"
8.1505 , 48.85917 , "DE Radar fixe DE 50"
6.93814 , 50.73119 , "DE Radar fixe DE 50"
7.28992 , 51.25008 , "DE Radar fixe DE 50"
8.52722 , 48.91014 , "DE Radar fixe DE 50"
8.96942 , 48.47497 , "DE Radar fixe DE 50"
8.75122 , 52.20014 , "DE Radar fixe DE 50"
10.07219 , 53.57036 , "DE Radar fixe DE 50"
8.92717 , 50.17333 , "DE Radar fixe DE 50"
11.10078 , 53.01253 , "DE Radar fixe DE 50"
13.79861 , 51.06594 , "DE Radar fixe DE 50"
8.50311 , 47.95764 , "DE Radar fixe DE 50"
9.95217 , 52.17403 , "DE Radar fixe DE 50"
9.28633 , 47.76522 , "DE Radar fixe DE 50"
8.85228 , 50.16975 , "DE Radar fixe DE 50"
6.48761 , 50.81611 , "DE Radar fixe DE 50"
14.33558 , 51.74892 , "DE Radar fixe DE 50"
6.38661 , 51.31789 , "DE Radar fixe DE 50"
9.35872 , 50.21833 , "DE Radar fixe DE 50"
13.53028 , 51.05111 , "DE Radar fixe DE 50"
7.472 , 51.36269 , "DE Radar fixe DE 50"
13.71678 , 52.47344 , "DE Radar fixe DE 50"
8.90422 , 51.49333 , "DE Radar fixe DE 50"
9.16928 , 49.12236 , "DE Radar fixe DE 50"
8.30031 , 50.74267 , "DE Radar fixe DE 50"
8.9575 , 50.54703 , "DE Radar fixe DE 50"
8.75944 , 49.62889 , "DE Radar fixe DE 50"
13.35717 , 52.55333 , "DE Radar fixe DE 50"
8.46772 , 48.89706 , "DE Radar fixe DE 50"
7.22844 , 50.79128 , "DE Radar fixe DE 50"
9.96778 , 48.82242 , "DE Radar fixe DE 50"
10.25536 , 48.59417 , "DE Radar fixe DE 50"
7.40142 , 51.48231 , "DE Radar fixe DE 50"
9.26389 , 48.56039 , "DE Radar fixe DE 50"
14.04775 , 51.80064 , "DE Radar fixe DE 50"
7.44111 , 51.93992 , "DE Radar fixe DE 50"
13.01525 , 52.58319 , "DE Radar fixe DE 50"
8.40106 , 51.99622 , "DE Radar fixe DE 50"
6.25942 , 50.59514 , "DE Radar fixe DE 50"
6.08703 , 50.86514 , "DE Radar fixe DE 50"
6.48886 , 50.81342 , "DE Radar fixe DE 50"
8.80867 , 50.51728 , "DE Radar fixe DE 50"
8.89433 , 51.18544 , "DE Radar fixe DE 50"
8.81272 , 47.98103 , "DE Radar fixe DE 50"
13.50578 , 51.07792 , "DE Radar fixe DE 50"
9.23739 , 48.80711 , "DE Radar fixe DE 50"
8.45633 , 49.95161 , "DE Radar fixe DE 50"
9.46158 , 48.6945 , "DE Radar fixe DE 50"
14.63539 , 52.13519 , "DE Radar fixe DE 50"
7.10186 , 51.50972 , "DE Radar fixe DE 50"
10.70861 , 53.87886 , "DE Radar fixe DE 50"
9.66361 , 50.56625 , "DE Radar fixe DE 50"
8.38375 , 49.93453 , "DE Radar fixe DE 50"
6.67181 , 51.18631 , "DE Radar fixe DE 50"
10.09825 , 48.89528 , "DE Radar fixe DE 50"
6.82561 , 50.77606 , "DE Radar fixe DE 50"
6.18572 , 50.71308 , "DE Radar fixe DE 50"
9.72167 , 52.32739 , "DE Radar fixe DE 50"
9.87656 , 48.63969 , "DE Radar fixe DE 50"
12.39928 , 51.3285 , "DE Radar fixe DE 50"
7.65436 , 51.50125 , "DE Radar fixe DE 50"
9.15961 , 52.29069 , "DE Radar fixe DE 50"
8.558 , 49.537 , "DE Radar fixe DE 50"
6.97856 , 51.3815 , "DE Radar fixe DE 50"
7.89844 , 51.77833 , "DE Radar fixe DE 50"
9.02108 , 50.02586 , "DE Radar fixe DE 50"
9.86125 , 48.65444 , "DE Radar fixe DE 50"
6.22647 , 50.85028 , "DE Radar fixe DE 50"
9.35242 , 48.82372 , "DE Radar fixe DE 50"
7.93131 , 48.49686 , "DE Radar fixe DE 50"
6.41658 , 51.36611 , "DE Radar fixe DE 50"
12.37108 , 50.70308 , "DE Radar fixe DE 50"
8.96228 , 48.55714 , "DE Radar fixe DE 50"
14.805 , 50.89364 , "DE Radar fixe DE 50"
8.41294 , 49.98 , "DE Radar fixe DE 50"
8.43381 , 49.86019 , "DE Radar fixe DE 50"
10.00075 , 48.55511 , "DE Radar fixe DE 50"
9.25364 , 48.70644 , "DE Radar fixe DE 50"
9.49306 , 48.63717 , "DE Radar fixe DE 50"
9.39956 , 47.69028 , "DE Radar fixe DE 50"
8.67183 , 50.22392 , "DE Radar fixe DE 50"
9.16631 , 49.37703 , "DE Radar fixe DE 50"
8.72 , 48.49192 , "DE Radar fixe DE 50"
8.64406 , 49.68794 , "DE Radar fixe DE 50"
8.42714 , 52.08842 , "DE Radar fixe DE 50"
8.65575 , 48.904 , "DE Radar fixe DE 50"
9.35886 , 48.68281 , "DE Radar fixe DE 50"
9.86669 , 48.63556 , "DE Radar fixe DE 50"
8.86433 , 48.26981 , "DE Radar fixe DE 50"
9.47189 , 51.30442 , "DE Radar fixe DE 50"
9.15472 , 48.51361 , "DE Radar fixe DE 50"
8.48189 , 49.72019 , "DE Radar fixe DE 50"
7.60831 , 50.80258 , "DE Radar fixe DE 50"
13.90114 , 51.88814 , "DE Radar fixe DE 50"
9.10539 , 48.48803 , "DE Radar fixe DE 50"
8.85242 , 48.23803 , "DE Radar fixe DE 50"
7.15722 , 50.99397 , "DE Radar fixe DE 50"
8.70931 , 50.86372 , "DE Radar fixe DE 50"
10.71331 , 52.49583 , "DE Radar fixe DE 50"
10.42994 , 52.44928 , "DE Radar fixe DE 50"
8.27928 , 49.63194 , "DE Radar fixe DE 50"
9.41064 , 48.81747 , "DE Radar fixe DE 50"
8.66583 , 49.98711 , "DE Radar fixe DE 50"
9.62825 , 48.68922 , "DE Radar fixe DE 50"
9.54775 , 51.26792 , "DE Radar fixe DE 50"
8.83689 , 50.25261 , "DE Radar fixe DE 50"
9.07356 , 48.95786 , "DE Radar fixe DE 50"
9.13 , 49.31856 , "DE Radar fixe DE 50"
9.59456 , 52.41108 , "DE Radar fixe DE 50"
9.18581 , 48.53278 , "DE Radar fixe DE 50"
7.90094 , 52.16464 , "DE Radar fixe DE 50"
8.98644 , 50.08386 , "DE Radar fixe DE 50"
8.73233 , 48.71611 , "DE Radar fixe DE 50"
9.00217 , 47.76461 , "DE Radar fixe DE 50"
8.04594 , 50.15411 , "DE Radar fixe DE 50"
9.23761 , 52.23025 , "DE Radar fixe DE 50"
13.54425 , 51.02997 , "DE Radar fixe DE 50"
8.81822 , 49.99903 , "DE Radar fixe DE 50"
9.4855 , 48.75358 , "DE Radar fixe DE 50"
7.52283 , 51.38858 , "DE Radar fixe DE 50"
10.34414 , 48.86944 , "DE Radar fixe DE 50"
8.88983 , 53.0825 , "DE Radar fixe DE 50"
6.93744 , 50.73081 , "DE Radar fixe DE 50"
8.126 , 50.05058 , "DE Radar fixe DE 50"
9.96636 , 48.40047 , "DE Radar fixe DE 50"
8.87269 , 48.50758 , "DE Radar fixe DE 50"
8.70506 , 52.2265 , "DE Radar fixe DE 50"
9.95636 , 53.61125 , "DE Radar fixe DE 50"
8.93186 , 50.19489 , "DE Radar fixe DE 50"
8.96375 , 47.81528 , "DE Radar fixe DE 50"
7.81222 , 51.68644 , "DE Radar fixe DE 50"
10.72711 , 52.94783 , "DE Radar fixe DE 50"
8.84428 , 47.97628 , "DE Radar fixe DE 50"
10.13872 , 53.22792 , "DE Radar fixe DE 50"
8.85486 , 50.16403 , "DE Radar fixe DE 50"
9.75919 , 52.3485 , "DE Radar fixe DE 50"
14.326 , 51.74325 , "DE Radar fixe DE 50"
12.01575 , 54.10953 , "DE Radar fixe DE 50"
8.77697 , 48.03786 , "DE Radar fixe DE 50"
13.53219 , 51.05742 , "DE Radar fixe DE 50"
9.78969 , 53.32022 , "DE Radar fixe DE 50"
13.43881 , 52.67339 , "DE Radar fixe DE 50"
6.95 , 51.17467 , "DE Radar fixe DE 50"
12.34061 , 53.13911 , "DE Radar fixe DE 50"
8.30764 , 50.77728 , "DE Radar fixe DE 50"
8.92156 , 50.55111 , "DE Radar fixe DE 50"
9.01119 , 48.67206 , "DE Radar fixe DE 50"
13.48692 , 52.51253 , "DE Radar fixe DE 50"
8.71644 , 52.34908 , "DE Radar fixe DE 50"
7.22894 , 50.79194 , "DE Radar fixe DE 50"
9.96217 , 48.81836 , "DE Radar fixe DE 50"
8.87289 , 48.60097 , "DE Radar fixe DE 50"
7.45278 , 51.47711 , "DE Radar fixe DE 50"
9.19506 , 48.59456 , "DE Radar fixe DE 50"
9.47942 , 49.61022 , "DE Radar fixe DE 50"
12.50064 , 50.71658 , "DE Radar fixe DE 50"
7.18006 , 50.80436 , "DE Radar fixe DE 50"
10.05708 , 48.69331 , "DE Radar fixe DE 50"
8.57025 , 49.97194 , "DE Radar fixe DE 50"
6.11736 , 50.87053 , "DE Radar fixe DE 50"
6.4655 , 50.82892 , "DE Radar fixe DE 50"
8.80425 , 50.52025 , "DE Radar fixe DE 50"
10.00586 , 48.26575 , "DE Radar fixe DE 50"
9.93189 , 51.74928 , "DE Radar fixe DE 50"
7.9835 , 51.96164 , "DE Radar fixe DE 50"
9.18669 , 48.78139 , "DE Radar fixe DE 50"
8.44528 , 49.94761 , "DE Radar fixe DE 50"
8.58347 , 48.79919 , "DE Radar fixe DE 50"
14.61661 , 52.15394 , "DE Radar fixe DE 50"
8.67947 , 48.581 , "DE Radar fixe DE 50"
10.70072 , 53.85278 , "DE Radar fixe DE 50"
8.80669 , 47.98822 , "DE Radar fixe DE 50"
8.39706 , 49.87803 , "DE Radar fixe DE 50"
12.46153 , 52.86928 , "DE Radar fixe DE 50"
7.41022 , 53.44267 , "DE Radar fixe DE 50"
9.43147 , 48.55544 , "DE Radar fixe DE 50"
6.18119 , 50.70467 , "DE Radar fixe DE 50"
8.85172 , 48.449 , "DE Radar fixe DE 50"
7.15878 , 50.72364 , "DE Radar fixe DE 50"
7.91747 , 48.49914 , "DE Radar fixe DE 50"
10.28886 , 52.85181 , "DE Radar fixe DE 50"
9.57839 , 51.31258 , "DE Radar fixe DE 50"
8.50336 , 48.863 , "DE Radar fixe DE 50"
7.02489 , 51.41719 , "DE Radar fixe DE 50"
9.27136 , 48.62736 , "DE Radar fixe DE 50"
12.13653 , 54.09239 , "DE Radar fixe DE 50"
8.25353 , 50.06075 , "DE Radar fixe DE 50"
7.94986 , 50.82875 , "DE Radar fixe DE 50"
9.31533 , 48.88519 , "DE Radar fixe DE 50"
7.92347 , 48.51267 , "DE Radar fixe DE 50"
6.41956 , 51.44361 , "DE Radar fixe DE 50"
6.80478 , 50.91711 , "DE Radar fixe DE 50"
9.87406 , 48.57989 , "DE Radar fixe DE 50"
14.80275 , 50.89875 , "DE Radar fixe DE 50"
8.57361 , 49.63892 , "DE Radar fixe DE 50"
6.22683 , 50.85039 , "DE Radar fixe DE 50"
9.99544 , 48.55022 , "DE Radar fixe DE 50"
9.74564 , 48.73078 , "DE Radar fixe DE 50"
9.49086 , 48.63806 , "DE Radar fixe DE 50"
7.70803 , 51.47753 , "DE Radar fixe DE 50"
8.68175 , 50.22158 , "DE Radar fixe DE 50"
6.88942 , 51.43781 , "DE Radar fixe DE 50"
8.75061 , 50.46381 , "DE Radar fixe DE 50"
8.64447 , 49.6885 , "DE Radar fixe DE 50"
6.96558 , 50.80961 , "DE Radar fixe DE 50"
8.66403 , 48.90108 , "DE Radar fixe DE 50"
10.109 , 48.74492 , "DE Radar fixe DE 50"
9.80597 , 48.58772 , "DE Radar fixe DE 50"
8.83647 , 48.25506 , "DE Radar fixe DE 50"
9.76236 , 48.27906 , "DE Radar fixe DE 50"
9.22683 , 48.82028 , "DE Radar fixe DE 50"
9.28542 , 48.96281 , "DE Radar fixe DE 50"
10.31061 , 53.33664 , "DE Radar fixe DE 50"
12.331 , 52.62056 , "DE Radar fixe DE 50"
7.89328 , 48.34056 , "DE Radar fixe DE 50"
10.22644 , 48.61483 , "DE Radar fixe DE 50"
7.20261 , 50.995 , "DE Radar fixe DE 50"
9.04347 , 48.51061 , "DE Radar fixe DE 50"
9.03936 , 48.41994 , "DE Radar fixe DE 50"
9.81703 , 50.69919 , "DE Radar fixe DE 50"
8.31872 , 49.63225 , "DE Radar fixe DE 50"
9.44836 , 48.80922 , "DE Radar fixe DE 50"
10.11675 , 48.48822 , "DE Radar fixe DE 50"
14.04781 , 51.80061 , "DE Radar fixe DE 50"
8.62444 , 52.05544 , "DE Radar fixe DE 50"
8.83694 , 50.25667 , "DE Radar fixe DE 50"
9.25292 , 48.42414 , "DE Radar fixe DE 50"
7.31247 , 51.14556 , "DE Radar fixe DE 50"
8.52453 , 50.13456 , "DE Radar fixe DE 50"
9.22803 , 48.52472 , "DE Radar fixe DE 50"
8.06836 , 51.094 , "DE Radar fixe DE 50"
8.99119 , 50.07728 , "DE Radar fixe DE 50"
9.60986 , 48.63772 , "DE Radar fixe DE 50"
8.57078 , 50.16397 , "DE Radar fixe DE 50"
9.18919 , 51.29464 , "DE Radar fixe DE 50"
7.16833 , 49.39917 , "DE Radar fixe DE 50"
8.46086 , 49.5 , "DE Radar fixe DE 50"
9.17797 , 48.66581 , "DE Radar fixe DE 50"
14.28714 , 51.98097 , "DE Radar fixe DE 50"
7.4625 , 51.32417 , "DE Radar fixe DE 50"
9.80822 , 51.96772 , "DE Radar fixe DE 50"
8.24689 , 50.32278 , "DE Radar fixe DE 50"
10.05136 , 51.48892 , "DE Radar fixe DE 50"
8.11953 , 50.055 , "DE Radar fixe DE 50"
8.75028 , 50.11225 , "DE Radar fixe DE 50"
8.91972 , 48.44719 , "DE Radar fixe DE 50"
8.74914 , 52.17531 , "DE Radar fixe DE 50"
9.87203 , 53.57111 , "DE Radar fixe DE 50"
8.64775 , 49.08694 , "DE Radar fixe DE 50"
9.01875 , 47.85714 , "DE Radar fixe DE 50"
7.81203 , 51.6865 , "DE Radar fixe DE 50"
9.20281 , 48.86694 , "DE Radar fixe DE 50"
12.73469 , 52.16892 , "DE Radar fixe DE 50"
13.28956 , 54.35461 , "DE Radar fixe DE 50"
11.06781 , 53.88036 , "DE Radar fixe DE 50"
8.20211 , 51.96425 , "DE Radar fixe DE 50"
14.33703 , 51.73544 , "DE Radar fixe DE 50"
9.55631 , 50.85139 , "DE Radar fixe DE 50"
12.96897 , 50.87131 , "DE Radar fixe DE 50"
9.05614 , 49.00611 , "DE Radar fixe DE 50"
7.26453 , 50.82081 , "DE Radar fixe DE 50"
9.11978 , 48.88947 , "DE Radar fixe DE 50"
6.65083 , 50.60536 , "DE Radar fixe DE 50"
6.98197 , 51.33186 , "DE Radar fixe DE 50"
8.29494 , 50.77017 , "DE Radar fixe DE 50"
8.91939 , 48.44975 , "DE Radar fixe DE 50"
9.50053 , 53.27044 , "DE Radar fixe DE 50"
8.84106 , 49.27458 , "DE Radar fixe DE 50"
9.16731 , 48.68194 , "DE Radar fixe DE 50"
8.01222 , 50.86175 , "DE Radar fixe DE 50"
9.96483 , 48.81753 , "DE Radar fixe DE 50"
8.84833 , 48.59556 , "DE Radar fixe DE 50"
7.52086 , 51.56272 , "DE Radar fixe DE 50"
8.99256 , 50.66661 , "DE Radar fixe DE 50"
12.007 , 51.19833 , "DE Radar fixe DE 50"
9.07878 , 48.94461 , "DE Radar fixe DE 50"
7.186 , 50.80214 , "DE Radar fixe DE 50"
9.98131 , 48.67139 , "DE Radar fixe DE 50"
13.62897 , 51.16236 , "DE Radar fixe DE 50"
9.92361 , 48.79456 , "DE Radar fixe DE 50"
6.49456 , 50.76328 , "DE Radar fixe DE 50"
9.06969 , 49.72111 , "DE Radar fixe DE 50"
8.70875 , 47.93467 , "DE Radar fixe DE 50"
8.85864 , 48.45311 , "DE Radar fixe DE 50"
8.56989 , 49.38061 , "DE Radar fixe DE 50"
9.17856 , 48.75708 , "DE Radar fixe DE 50"
9.26922 , 48.61472 , "DE Radar fixe DE 50"
13.46769 , 51.76156 , "DE Radar fixe DE 50"
14.64456 , 52.14325 , "DE Radar fixe DE 50"
8.80475 , 51.01953 , "DE Radar fixe DE 50"
7.42258 , 50.83308 , "DE Radar fixe DE 50"
11.95769 , 51.21756 , "DE Radar fixe DE 50"
12.84844 , 52.08664 , "DE Radar fixe DE 50"
11.59892 , 53.37908 , "DE Radar fixe DE 50"
7.41239 , 53.44264 , "DE Radar fixe DE 50"
8.98958 , 50.15556 , "DE Radar fixe DE 50"
10.10094 , 48.82928 , "DE Radar fixe DE 50"
