6.15211 , 50.78631 , "DE Radar Feu Rouge DE"
8.04086 , 52.27244 , "DE Radar Feu Rouge DE"
8.79956 , 53.05517 , "DE Radar Feu Rouge DE"
8.42319 , 50.15325 , "DE Radar Feu Rouge DE"
8.21 , 48.85897 , "DE Radar Feu Rouge DE"
10.32422 , 47.73403 , "DE Radar Feu Rouge DE"
9.00972 , 48.78297 , "DE Radar Feu Rouge DE"
12.12244 , 54.07528 , "DE Radar Feu Rouge DE"
8.69672 , 50.01008 , "DE Radar Feu Rouge DE"
8.66539 , 48.90081 , "DE Radar Feu Rouge DE"
11.33833 , 47.99669 , "DE Radar Feu Rouge DE"
8.643 , 50.11706 , "DE Radar Feu Rouge DE"
8.69711 , 50.11339 , "DE Radar Feu Rouge DE"
6.23519 , 50.85256 , "DE Radar Feu Rouge DE"
7.34106 , 52.52331 , "DE Radar Feu Rouge DE"
7.84461 , 47.99014 , "DE Radar Feu Rouge DE"
13.83025 , 51.06197 , "DE Radar Feu Rouge DE"
7.47756 , 51.36008 , "DE Radar Feu Rouge DE"
10.79675 , 52.42772 , "DE Radar Feu Rouge DE"
14.97269 , 51.14339 , "DE Radar Feu Rouge DE"
11.53681 , 48.10031 , "DE Radar Feu Rouge DE"
9.91653 , 49.79447 , "DE Radar Feu Rouge DE"
9.94669 , 53.59372 , "DE Radar Feu Rouge DE"
9.30589 , 48.70542 , "DE Radar Feu Rouge DE"
8.83925 , 48.25603 , "DE Radar Feu Rouge DE"
9.69408 , 52.35289 , "DE Radar Feu Rouge DE"
13.73225 , 51.07928 , "DE Radar Feu Rouge DE"
8.90192 , 53.07158 , "DE Radar Feu Rouge DE"
9.96178 , 52.14975 , "DE Radar Feu Rouge DE"
8.55178 , 49.98008 , "DE Radar Feu Rouge DE"
9.57019 , 53.50756 , "DE Radar Feu Rouge DE"
10.12256 , 54.31997 , "DE Radar Feu Rouge DE"
8.61542 , 49.81528 , "DE Radar Feu Rouge DE"
6.93308 , 50.92072 , "DE Radar Feu Rouge DE"
12.14497 , 48.53636 , "DE Radar Feu Rouge DE"
7.25911 , 51.502 , "DE Radar Feu Rouge DE"
12.30833 , 51.32097 , "DE Radar Feu Rouge DE"
9.01458 , 48.79836 , "DE Radar Feu Rouge DE"
6.81444 , 50.93856 , "DE Radar Feu Rouge DE"
9.91967 , 51.55514 , "DE Radar Feu Rouge DE"
9.16722 , 48.91231 , "DE Radar Feu Rouge DE"
10.88081 , 48.38583 , "DE Radar Feu Rouge DE"
9.187 , 48.77364 , "DE Radar Feu Rouge DE"
8.84997 , 48.94697 , "DE Radar Feu Rouge DE"
13.44464 , 52.54539 , "DE Radar Feu Rouge DE"
7.14208 , 51.25067 , "DE Radar Feu Rouge DE"
11.06253 , 49.44083 , "DE Radar Feu Rouge DE"
9.00647 , 48.68436 , "DE Radar Feu Rouge DE"
8.22325 , 50.07142 , "DE Radar Feu Rouge DE"
8.05703 , 52.26836 , "DE Radar Feu Rouge DE"
8.82519 , 53.079 , "DE Radar Feu Rouge DE"
12.41219 , 51.31464 , "DE Radar Feu Rouge DE"
8.22472 , 48.867 , "DE Radar Feu Rouge DE"
8.64614 , 49.88194 , "DE Radar Feu Rouge DE"
9.11667 , 48.95542 , "DE Radar Feu Rouge DE"
6.99769 , 49.23822 , "DE Radar Feu Rouge DE"
10.25061 , 51.51575 , "DE Radar Feu Rouge DE"
9.20414 , 48.86167 , "DE Radar Feu Rouge DE"
9.17164 , 48.76731 , "DE Radar Feu Rouge DE"
9.21708 , 48.67617 , "DE Radar Feu Rouge DE"
8.69806 , 50.11311 , "DE Radar Feu Rouge DE"
7.35094 , 52.54467 , "DE Radar Feu Rouge DE"
6.75053 , 51.27106 , "DE Radar Feu Rouge DE"
7.83261 , 47.99378 , "DE Radar Feu Rouge DE"
8.65403 , 50.14425 , "DE Radar Feu Rouge DE"
11.58369 , 48.27264 , "DE Radar Feu Rouge DE"
7.18292 , 51.27767 , "DE Radar Feu Rouge DE"
9.94069 , 51.52053 , "DE Radar Feu Rouge DE"
13.74736 , 51.05133 , "DE Radar Feu Rouge DE"
13.00764 , 52.27864 , "DE Radar Feu Rouge DE"
9.95586 , 53.6115 , "DE Radar Feu Rouge DE"
9.306 , 48.70561 , "DE Radar Feu Rouge DE"
8.80864 , 53.08319 , "DE Radar Feu Rouge DE"
8.71764 , 49.41447 , "DE Radar Feu Rouge DE"
13.74639 , 51.05753 , "DE Radar Feu Rouge DE"
9.20386 , 48.86167 , "DE Radar Feu Rouge DE"
9.95419 , 52.15017 , "DE Radar Feu Rouge DE"
8.57878 , 50.01247 , "DE Radar Feu Rouge DE"
9.45822 , 53.58639 , "DE Radar Feu Rouge DE"
7.59614 , 50.32528 , "DE Radar Feu Rouge DE"
8.65728 , 50.11086 , "DE Radar Feu Rouge DE"
7.35131 , 52.54492 , "DE Radar Feu Rouge DE"
12.37353 , 51.31783 , "DE Radar Feu Rouge DE"
7.80158 , 51.92781 , "DE Radar Feu Rouge DE"
9.26922 , 48.84764 , "DE Radar Feu Rouge DE"
9.00222 , 48.79161 , "DE Radar Feu Rouge DE"
7.10236 , 52.39503 , "DE Radar Feu Rouge DE"
12.93919 , 50.83075 , "DE Radar Feu Rouge DE"
9.20914 , 48.89603 , "DE Radar Feu Rouge DE"
10.89019 , 48.37014 , "DE Radar Feu Rouge DE"
7.209 , 51.28283 , "DE Radar Feu Rouge DE"
8.84139 , 48.94558 , "DE Radar Feu Rouge DE"
13.37553 , 52.45533 , "DE Radar Feu Rouge DE"
7.14722 , 51.26472 , "DE Radar Feu Rouge DE"
11.05508 , 49.44483 , "DE Radar Feu Rouge DE"
9.00361 , 48.68328 , "DE Radar Feu Rouge DE"
8.73808 , 50.18489 , "DE Radar Feu Rouge DE"
8.06178 , 52.24833 , "DE Radar Feu Rouge DE"
8.82383 , 53.07819 , "DE Radar Feu Rouge DE"
8.44672 , 52.01611 , "DE Radar Feu Rouge DE"
8.204 , 48.85072 , "DE Radar Feu Rouge DE"
8.64736 , 49.86533 , "DE Radar Feu Rouge DE"
7.18414 , 51.27858 , "DE Radar Feu Rouge DE"
6.95119 , 49.24414 , "DE Radar Feu Rouge DE"
6.78217 , 51.21564 , "DE Radar Feu Rouge DE"
9.20625 , 48.85614 , "DE Radar Feu Rouge DE"
9.22644 , 48.80519 , "DE Radar Feu Rouge DE"
9.43542 , 54.77078 , "DE Radar Feu Rouge DE"
8.61372 , 50.03425 , "DE Radar Feu Rouge DE"
11.58786 , 48.13508 , "DE Radar Feu Rouge DE"
8.50175 , 50.55119 , "DE Radar Feu Rouge DE"
7.84517 , 47.99083 , "DE Radar Feu Rouge DE"
8.69119 , 50.09883 , "DE Radar Feu Rouge DE"
9.42997 , 52.42592 , "DE Radar Feu Rouge DE"
7.15111 , 51.22619 , "DE Radar Feu Rouge DE"
9.91817 , 51.53028 , "DE Radar Feu Rouge DE"
6.92097 , 51.29589 , "DE Radar Feu Rouge DE"
12.45897 , 50.70694 , "DE Radar Feu Rouge DE"
9.98669 , 53.54775 , "DE Radar Feu Rouge DE"
9.47336 , 47.65775 , "DE Radar Feu Rouge DE"
8.7945 , 50.03103 , "DE Radar Feu Rouge DE"
8.6835 , 49.42817 , "DE Radar Feu Rouge DE"
10.21097 , 51.60964 , "DE Radar Feu Rouge DE"
9.20767 , 48.86253 , "DE Radar Feu Rouge DE"
9.96431 , 52.16531 , "DE Radar Feu Rouge DE"
8.58786 , 49.99931 , "DE Radar Feu Rouge DE"
8.67064 , 49.40797 , "DE Radar Feu Rouge DE"
7.54825 , 50.36831 , "DE Radar Feu Rouge DE"
6.81406 , 50.93842 , "DE Radar Feu Rouge DE"
9.15064 , 48.73022 , "DE Radar Feu Rouge DE"
12.41744 , 51.31092 , "DE Radar Feu Rouge DE"
9.22544 , 49.16794 , "DE Radar Feu Rouge DE"
7.05569 , 52.42264 , "DE Radar Feu Rouge DE"
8.99286 , 48.79961 , "DE Radar Feu Rouge DE"
8.63325 , 53.05208 , "DE Radar Feu Rouge DE"
9.93928 , 51.55625 , "DE Radar Feu Rouge DE"
8.288 , 50.01981 , "DE Radar Feu Rouge DE"
9.43403 , 48.94439 , "DE Radar Feu Rouge DE"
12.41389 , 51.34275 , "DE Radar Feu Rouge DE"
11.57467 , 48.1625 , "DE Radar Feu Rouge DE"
13.31661 , 52.46428 , "DE Radar Feu Rouge DE"
13.41769 , 54.07978 , "DE Radar Feu Rouge DE"
11.05894 , 49.44339 , "DE Radar Feu Rouge DE"
9.00978 , 48.68544 , "DE Radar Feu Rouge DE"
12.28858 , 51.32333 , "DE Radar Feu Rouge DE"
9.27519 , 48.71378 , "DE Radar Feu Rouge DE"
8.83128 , 53.08122 , "DE Radar Feu Rouge DE"
8.81047 , 53.07206 , "DE Radar Feu Rouge DE"
8.04119 , 52.27222 , "DE Radar Feu Rouge DE"
8.65036 , 49.87383 , "DE Radar Feu Rouge DE"
9.16225 , 47.66653 , "DE Radar Feu Rouge DE"
6.94206 , 49.24208 , "DE Radar Feu Rouge DE"
6.80292 , 51.23847 , "DE Radar Feu Rouge DE"
7.89494 , 47.98731 , "DE Radar Feu Rouge DE"
9.15042 , 48.72978 , "DE Radar Feu Rouge DE"
9.42358 , 54.77158 , "DE Radar Feu Rouge DE"
8.79064 , 50.08478 , "DE Radar Feu Rouge DE"
9.96361 , 48.82281 , "DE Radar Feu Rouge DE"
8.50019 , 50.56339 , "DE Radar Feu Rouge DE"
7.86922 , 47.9885 , "DE Radar Feu Rouge DE"
10.16839 , 54.31531 , "DE Radar Feu Rouge DE"
12.33008 , 51.33569 , "DE Radar Feu Rouge DE"
7.15103 , 51.25614 , "DE Radar Feu Rouge DE"
9.94992 , 51.5225 , "DE Radar Feu Rouge DE"
12.09389 , 54.09483 , "DE Radar Feu Rouge DE"
14.22806 , 51.4245 , "DE Radar Feu Rouge DE"
10.10225 , 53.57992 , "DE Radar Feu Rouge DE"
8.91256 , 48.95314 , "DE Radar Feu Rouge DE"
9.96333 , 48.82292 , "DE Radar Feu Rouge DE"
8.66936 , 49.40508 , "DE Radar Feu Rouge DE"
7.27394 , 52.69172 , "DE Radar Feu Rouge DE"
9.14397 , 49.97839 , "DE Radar Feu Rouge DE"
14.26489 , 51.437 , "DE Radar Feu Rouge DE"
8.58014 , 49.38858 , "DE Radar Feu Rouge DE"
12.37656 , 51.35314 , "DE Radar Feu Rouge DE"
6.95244 , 50.92422 , "DE Radar Feu Rouge DE"
6.81408 , 50.93889 , "DE Radar Feu Rouge DE"
7.00158 , 49.24194 , "DE Radar Feu Rouge DE"
12.36792 , 51.31464 , "DE Radar Feu Rouge DE"
9.57019 , 53.50733 , "DE Radar Feu Rouge DE"
6.92458 , 50.93644 , "DE Radar Feu Rouge DE"
8.67478 , 50.53617 , "DE Radar Feu Rouge DE"
6.08889 , 50.78217 , "DE Radar Feu Rouge DE"
12.39386 , 51.35147 , "DE Radar Feu Rouge DE"
8.51661 , 49.48856 , "DE Radar Feu Rouge DE"
9.43861 , 48.97286 , "DE Radar Feu Rouge DE"
9.75089 , 52.37525 , "DE Radar Feu Rouge DE"
11.58492 , 48.13242 , "DE Radar Feu Rouge DE"
13.34231 , 52.51789 , "DE Radar Feu Rouge DE"
9.14789 , 47.68978 , "DE Radar Feu Rouge DE"
11.04003 , 49.45431 , "DE Radar Feu Rouge DE"
9.03 , 48.69542 , "DE Radar Feu Rouge DE"
8.69503 , 50.01511 , "DE Radar Feu Rouge DE"
11.40681 , 51.94117 , "DE Radar Feu Rouge DE"
8.79039 , 53.08636 , "DE Radar Feu Rouge DE"
8.81114 , 53.07203 , "DE Radar Feu Rouge DE"
8.20361 , 48.86822 , "DE Radar Feu Rouge DE"
8.60928 , 53.04925 , "DE Radar Feu Rouge DE"
9.16722 , 48.91211 , "DE Radar Feu Rouge DE"
7.03567 , 49.27856 , "DE Radar Feu Rouge DE"
6.75108 , 51.26508 , "DE Radar Feu Rouge DE"
8.26622 , 50.298 , "DE Radar Feu Rouge DE"
9.21819 , 48.78683 , "DE Radar Feu Rouge DE"
9.43956 , 54.78275 , "DE Radar Feu Rouge DE"
8.61381 , 50.03414 , "DE Radar Feu Rouge DE"
7.63817 , 51.90236 , "DE Radar Feu Rouge DE"
8.50178 , 50.56083 , "DE Radar Feu Rouge DE"
7.82289 , 48.00406 , "DE Radar Feu Rouge DE"
10.21111 , 51.61003 , "DE Radar Feu Rouge DE"
6.92872 , 51.11928 , "DE Radar Feu Rouge DE"
7.12994 , 51.26633 , "DE Radar Feu Rouge DE"
7.23194 , 51.46356 , "DE Radar Feu Rouge DE"
9.97128 , 48.28967 , "DE Radar Feu Rouge DE"
7.03644 , 52.42653 , "DE Radar Feu Rouge DE"
7.81522 , 51.68317 , "DE Radar Feu Rouge DE"
10.10967 , 54.31375 , "DE Radar Feu Rouge DE"
9.30514 , 48.73561 , "DE Radar Feu Rouge DE"
8.68461 , 49.40581 , "DE Radar Feu Rouge DE"
7.12986 , 51.47294 , "DE Radar Feu Rouge DE"
9.16425 , 48.77703 , "DE Radar Feu Rouge DE"
11.43394 , 48.74411 , "DE Radar Feu Rouge DE"
9.20492 , 48.49108 , "DE Radar Feu Rouge DE"
8.71286 , 53.14347 , "DE Radar Feu Rouge DE"
6.93306 , 50.92089 , "DE Radar Feu Rouge DE"
8.64011 , 49.88272 , "DE Radar Feu Rouge DE"
9.20225 , 48.79325 , "DE Radar Feu Rouge DE"
12.39003 , 51.36167 , "DE Radar Feu Rouge DE"
8.57508 , 49.98181 , "DE Radar Feu Rouge DE"
9.48147 , 47.65831 , "DE Radar Feu Rouge DE"
10.68731 , 53.85133 , "DE Radar Feu Rouge DE"
6.09603 , 50.77444 , "DE Radar Feu Rouge DE"
9.72817 , 52.37433 , "DE Radar Feu Rouge DE"
8.49147 , 49.47761 , "DE Radar Feu Rouge DE"
8.26594 , 50.29828 , "DE Radar Feu Rouge DE"
8.04064 , 52.27194 , "DE Radar Feu Rouge DE"
11.58806 , 48.13528 , "DE Radar Feu Rouge DE"
13.33581 , 52.54214 , "DE Radar Feu Rouge DE"
13.28264 , 52.53372 , "DE Radar Feu Rouge DE"
8.75844 , 49.62272 , "DE Radar Feu Rouge DE"
9.00772 , 48.68881 , "DE Radar Feu Rouge DE"
12.89906 , 50.84053 , "DE Radar Feu Rouge DE"
9.27772 , 48.72544 , "DE Radar Feu Rouge DE"
8.87547 , 53.08247 , "DE Radar Feu Rouge DE"
9.78769 , 48.10089 , "DE Radar Feu Rouge DE"
6.87319 , 51.29489 , "DE Radar Feu Rouge DE"
8.63911 , 53.04353 , "DE Radar Feu Rouge DE"
7.184 , 51.27861 , "DE Radar Feu Rouge DE"
6.96075 , 49.25531 , "DE Radar Feu Rouge DE"
11.04225 , 50.96939 , "DE Radar Feu Rouge DE"
10.68781 , 53.85133 , "DE Radar Feu Rouge DE"
8.52217 , 48.06317 , "DE Radar Feu Rouge DE"
9.43781 , 54.78128 , "DE Radar Feu Rouge DE"
13.37681 , 52.50206 , "DE Radar Feu Rouge DE"
8.65494 , 49.54947 , "DE Radar Feu Rouge DE"
8.50208 , 50.56381 , "DE Radar Feu Rouge DE"
7.89461 , 47.9875 , "DE Radar Feu Rouge DE"
14.97981 , 51.13908 , "DE Radar Feu Rouge DE"
12.35844 , 51.34217 , "DE Radar Feu Rouge DE"
7.1335 , 51.253 , "DE Radar Feu Rouge DE"
13.4215 , 54.07822 , "DE Radar Feu Rouge DE"
9.06736 , 48.51111 , "DE Radar Feu Rouge DE"
9.33014 , 48.63875 , "DE Radar Feu Rouge DE"
7.82547 , 51.67231 , "DE Radar Feu Rouge DE"
9.31997 , 48.72761 , "DE Radar Feu Rouge DE"
9.01661 , 48.80064 , "DE Radar Feu Rouge DE"
10.15653 , 48.6775 , "DE Radar Feu Rouge DE"
13.38575 , 52.46961 , "DE Radar Feu Rouge DE"
8.74236 , 49.97892 , "DE Radar Feu Rouge DE"
11.43944 , 48.75867 , "DE Radar Feu Rouge DE"
9.205 , 48.49125 , "DE Radar Feu Rouge DE"
10.515 , 52.26714 , "DE Radar Feu Rouge DE"
6.92489 , 50.93661 , "DE Radar Feu Rouge DE"
8.64581 , 49.88183 , "DE Radar Feu Rouge DE"
8.79608 , 50.03061 , "DE Radar Feu Rouge DE"
12.36153 , 51.36347 , "DE Radar Feu Rouge DE"
8.77661 , 48.91933 , "DE Radar Feu Rouge DE"
9.76481 , 52.34275 , "DE Radar Feu Rouge DE"
10.63828 , 53.85469 , "DE Radar Feu Rouge DE"
10.095 , 48.84494 , "DE Radar Feu Rouge DE"
9.73194 , 52.36931 , "DE Radar Feu Rouge DE"
8.49175 , 49.47758 , "DE Radar Feu Rouge DE"
9.77808 , 49.4905 , "DE Radar Feu Rouge DE"
13.75831 , 51.06342 , "DE Radar Feu Rouge DE"
11.56644 , 48.1405 , "DE Radar Feu Rouge DE"
9.79061 , 48.09361 , "DE Radar Feu Rouge DE"
12.47386 , 51.35872 , "DE Radar Feu Rouge DE"
8.85875 , 50.07508 , "DE Radar Feu Rouge DE"
7.22147 , 51.46067 , "DE Radar Feu Rouge DE"
14.36328 , 51.6115 , "DE Radar Feu Rouge DE"
11.07753 , 47.80253 , "DE Radar Feu Rouge DE"
8.8925 , 53.07928 , "DE Radar Feu Rouge DE"
6.91453 , 50.94844 , "DE Radar Feu Rouge DE"
9.60722 , 47.78383 , "DE Radar Feu Rouge DE"
8.63275 , 53.05319 , "DE Radar Feu Rouge DE"
9.16239 , 47.66675 , "DE Radar Feu Rouge DE"
9.30639 , 48.83533 , "DE Radar Feu Rouge DE"
11.04236 , 50.97539 , "DE Radar Feu Rouge DE"
8.66864 , 49.55975 , "DE Radar Feu Rouge DE"
8.52386 , 48.06272 , "DE Radar Feu Rouge DE"
9.43489 , 54.77997 , "DE Radar Feu Rouge DE"
13.31878 , 52.45414 , "DE Radar Feu Rouge DE"
9.16319 , 48.89011 , "DE Radar Feu Rouge DE"
8.21631 , 50.06247 , "DE Radar Feu Rouge DE"
9.48147 , 47.65864 , "DE Radar Feu Rouge DE"
13.401 , 54.09472 , "DE Radar Feu Rouge DE"
12.93903 , 50.81781 , "DE Radar Feu Rouge DE"
7.16389 , 51.25706 , "DE Radar Feu Rouge DE"
8.58811 , 49.86414 , "DE Radar Feu Rouge DE"
7.02944 , 51.33303 , "DE Radar Feu Rouge DE"
9.16347 , 47.68047 , "DE Radar Feu Rouge DE"
7.80917 , 51.69061 , "DE Radar Feu Rouge DE"
13.07792 , 52.57844 , "DE Radar Feu Rouge DE"
9.43 , 52.42611 , "DE Radar Feu Rouge DE"
10.15356 , 48.67908 , "DE Radar Feu Rouge DE"
7.27328 , 52.69181 , "DE Radar Feu Rouge DE"
8.78511 , 53.10228 , "DE Radar Feu Rouge DE"
11.43769 , 48.77178 , "DE Radar Feu Rouge DE"
9.83581 , 53.60125 , "DE Radar Feu Rouge DE"
8.06203 , 52.24872 , "DE Radar Feu Rouge DE"
9.18381 , 47.67328 , "DE Radar Feu Rouge DE"
8.64853 , 49.87378 , "DE Radar Feu Rouge DE"
9.93153 , 51.55742 , "DE Radar Feu Rouge DE"
12.40575 , 51.33175 , "DE Radar Feu Rouge DE"
8.77719 , 48.91967 , "DE Radar Feu Rouge DE"
6.239 , 50.55242 , "DE Radar Feu Rouge DE"
10.70803 , 53.87464 , "DE Radar Feu Rouge DE"
9.29825 , 48.82108 , "DE Radar Feu Rouge DE"
12.39197 , 51.34622 , "DE Radar Feu Rouge DE"
8.47506 , 49.48517 , "DE Radar Feu Rouge DE"
8.73239 , 50.17247 , "DE Radar Feu Rouge DE"
11.98356 , 51.47219 , "DE Radar Feu Rouge DE"
7.61897 , 51.95247 , "DE Radar Feu Rouge DE"
9.79656 , 48.10125 , "DE Radar Feu Rouge DE"
11.39789 , 53.62889 , "DE Radar Feu Rouge DE"
8.8075 , 50.11406 , "DE Radar Feu Rouge DE"
7.058 , 50.70406 , "DE Radar Feu Rouge DE"
14.36317 , 51.61128 , "DE Radar Feu Rouge DE"
11.05892 , 47.78889 , "DE Radar Feu Rouge DE"
8.78511 , 53.10217 , "DE Radar Feu Rouge DE"
12.45933 , 50.70697 , "DE Radar Feu Rouge DE"
12.11406 , 49.009 , "DE Radar Feu Rouge DE"
12.24283 , 51.83533 , "DE Radar Feu Rouge DE"
8.09328 , 53.52875 , "DE Radar Feu Rouge DE"
9.80283 , 48.80231 , "DE Radar Feu Rouge DE"
11.04044 , 50.98058 , "DE Radar Feu Rouge DE"
9.25356 , 48.82686 , "DE Radar Feu Rouge DE"
8.46028 , 48.05542 , "DE Radar Feu Rouge DE"
9.43733 , 54.78678 , "DE Radar Feu Rouge DE"
9.13189 , 48.95717 , "DE Radar Feu Rouge DE"
8.41517 , 49.00778 , "DE Radar Feu Rouge DE"
8.23139 , 50.0745 , "DE Radar Feu Rouge DE"
9.48214 , 47.65356 , "DE Radar Feu Rouge DE"
9.94933 , 53.55875 , "DE Radar Feu Rouge DE"
6.92775 , 51.43103 , "DE Radar Feu Rouge DE"
7.10469 , 51.25364 , "DE Radar Feu Rouge DE"
8.58861 , 49.86417 , "DE Radar Feu Rouge DE"
13.02847 , 51.07689 , "DE Radar Feu Rouge DE"
13.74133 , 51.04647 , "DE Radar Feu Rouge DE"
7.84931 , 51.67111 , "DE Radar Feu Rouge DE"
8.78042 , 50.01792 , "DE Radar Feu Rouge DE"
9.42972 , 48.91556 , "DE Radar Feu Rouge DE"
9.21875 , 49.13447 , "DE Radar Feu Rouge DE"
7.18947 , 51.47608 , "DE Radar Feu Rouge DE"
8.79025 , 53.08611 , "DE Radar Feu Rouge DE"
11.40939 , 48.77511 , "DE Radar Feu Rouge DE"
9.83564 , 53.6015 , "DE Radar Feu Rouge DE"
9.72167 , 52.37864 , "DE Radar Feu Rouge DE"
9.20053 , 47.68489 , "DE Radar Feu Rouge DE"
12.18017 , 51.81642 , "DE Radar Feu Rouge DE"
13.00742 , 52.27856 , "DE Radar Feu Rouge DE"
12.39525 , 51.33219 , "DE Radar Feu Rouge DE"
8.64867 , 49.55686 , "DE Radar Feu Rouge DE"
8.50214 , 50.55086 , "DE Radar Feu Rouge DE"
10.70125 , 53.85239 , "DE Radar Feu Rouge DE"
10.09242 , 48.83508 , "DE Radar Feu Rouge DE"
8.69672 , 50.01022 , "DE Radar Feu Rouge DE"
8.47544 , 49.48514 , "DE Radar Feu Rouge DE"
8.73356 , 50.17461 , "DE Radar Feu Rouge DE"
7.80239 , 51.43228 , "DE Radar Feu Rouge DE"
7.63144 , 51.95617 , "DE Radar Feu Rouge DE"
8.52886 , 52.02978 , "DE Radar Feu Rouge DE"
6.74456 , 51.24047 , "DE Radar Feu Rouge DE"
8.78356 , 50.1055 , "DE Radar Feu Rouge DE"
7.08775 , 50.73967 , "DE Radar Feu Rouge DE"
13.74647 , 51.05739 , "DE Radar Feu Rouge DE"
8.66461 , 48.88778 , "DE Radar Feu Rouge DE"
8.83172 , 53.08119 , "DE Radar Feu Rouge DE"
12.00889 , 47.82083 , "DE Radar Feu Rouge DE"
12.058 , 49.01397 , "DE Radar Feu Rouge DE"
12.24439 , 51.84081 , "DE Radar Feu Rouge DE"
9.88078 , 51.52567 , "DE Radar Feu Rouge DE"
10.19592 , 50.05275 , "DE Radar Feu Rouge DE"
7.01689 , 51.455 , "DE Radar Feu Rouge DE"
9.20369 , 48.85725 , "DE Radar Feu Rouge DE"
10.05625 , 51.55533 , "DE Radar Feu Rouge DE"
8.67972 , 50.11706 , "DE Radar Feu Rouge DE"
10.06375 , 52.60653 , "DE Radar Feu Rouge DE"
8.66383 , 50.02092 , "DE Radar Feu Rouge DE"
8.22681 , 50.07783 , "DE Radar Feu Rouge DE"
11.00594 , 49.48156 , "DE Radar Feu Rouge DE"
9.78194 , 52.42475 , "DE Radar Feu Rouge DE"
7.20269 , 50.79472 , "DE Radar Feu Rouge DE"
7.236 , 51.26767 , "DE Radar Feu Rouge DE"
8.37175 , 51.91389 , "DE Radar Feu Rouge DE"
13.02883 , 51.07669 , "DE Radar Feu Rouge DE"
9.93878 , 51.55647 , "DE Radar Feu Rouge DE"
9.72661 , 52.36614 , "DE Radar Feu Rouge DE"
9.31933 , 48.72644 , "DE Radar Feu Rouge DE"
8.83781 , 53.08272 , "DE Radar Feu Rouge DE"
9.22128 , 49.14639 , "DE Radar Feu Rouge DE"
8.77233 , 50.00094 , "DE Radar Feu Rouge DE"
8.86411 , 53.07103 , "DE Radar Feu Rouge DE"
8.77478 , 48.576 , "DE Radar Feu Rouge DE"
8.65933 , 49.93164 , "DE Radar Feu Rouge DE"
9.74422 , 52.39511 , "DE Radar Feu Rouge DE"
9.17928 , 47.66708 , "DE Radar Feu Rouge DE"
8.91244 , 48.95331 , "DE Radar Feu Rouge DE"
8.83783 , 53.08272 , "DE Radar Feu Rouge DE"
12.40594 , 51.3515 , "DE Radar Feu Rouge DE"
8.32672 , 48.98144 , "DE Radar Feu Rouge DE"
8.96228 , 53.05347 , "DE Radar Feu Rouge DE"
10.66433 , 53.87531 , "DE Radar Feu Rouge DE"
10.10069 , 48.83381 , "DE Radar Feu Rouge DE"
9.16392 , 47.68028 , "DE Radar Feu Rouge DE"
8.47611 , 49.4865 , "DE Radar Feu Rouge DE"
8.73531 , 50.18628 , "DE Radar Feu Rouge DE"
8.75631 , 49.62583 , "DE Radar Feu Rouge DE"
7.63806 , 51.90261 , "DE Radar Feu Rouge DE"
8.55297 , 52.02211 , "DE Radar Feu Rouge DE"
6.74292 , 51.241 , "DE Radar Feu Rouge DE"
8.78161 , 50.09431 , "DE Radar Feu Rouge DE"
7.09858 , 50.72206 , "DE Radar Feu Rouge DE"
8.69519 , 48.89097 , "DE Radar Feu Rouge DE"
8.67936 , 48.89022 , "DE Radar Feu Rouge DE"
8.59122 , 53.58139 , "DE Radar Feu Rouge DE"
12.37861 , 51.32044 , "DE Radar Feu Rouge DE"
12.09889 , 49.02819 , "DE Radar Feu Rouge DE"
7.47494 , 51.50714 , "DE Radar Feu Rouge DE"
12.41297 , 51.375 , "DE Radar Feu Rouge DE"
10.20428 , 50.03583 , "DE Radar Feu Rouge DE"
7.00633 , 51.44472 , "DE Radar Feu Rouge DE"
9.20111 , 48.85875 , "DE Radar Feu Rouge DE"
9.31878 , 48.82925 , "DE Radar Feu Rouge DE"
8.684 , 50.13158 , "DE Radar Feu Rouge DE"
8.70353 , 50.09972 , "DE Radar Feu Rouge DE"
8.6955 , 50.01661 , "DE Radar Feu Rouge DE"
8.23625 , 50.08 , "DE Radar Feu Rouge DE"
10.98936 , 49.45192 , "DE Radar Feu Rouge DE"
9.19917 , 48.90256 , "DE Radar Feu Rouge DE"
7.23556 , 51.27706 , "DE Radar Feu Rouge DE"
8.34342 , 51.95225 , "DE Radar Feu Rouge DE"
11.6645 , 48.1215 , "DE Radar Feu Rouge DE"
6.12447 , 50.78547 , "DE Radar Feu Rouge DE"
9.72289 , 52.35839 , "DE Radar Feu Rouge DE"
7.65614 , 47.62644 , "DE Radar Feu Rouge DE"
7.84422 , 47.99014 , "DE Radar Feu Rouge DE"
8.65339 , 49.59244 , "DE Radar Feu Rouge DE"
8.78078 , 50.01769 , "DE Radar Feu Rouge DE"
9.96128 , 48.82306 , "DE Radar Feu Rouge DE"
8.75308 , 50.25386 , "DE Radar Feu Rouge DE"
8.65042 , 49.87683 , "DE Radar Feu Rouge DE"
9.72725 , 52.38111 , "DE Radar Feu Rouge DE"
9.12878 , 47.74694 , "DE Radar Feu Rouge DE"
8.80294 , 50.13706 , "DE Radar Feu Rouge DE"
10.12242 , 54.32014 , "DE Radar Feu Rouge DE"
12.36703 , 51.32542 , "DE Radar Feu Rouge DE"
10.34317 , 51.65097 , "DE Radar Feu Rouge DE"
8.96194 , 53.05306 , "DE Radar Feu Rouge DE"
10.65683 , 53.88233 , "DE Radar Feu Rouge DE"
6.16822 , 50.87417 , "DE Radar Feu Rouge DE"
12.4305 , 51.35144 , "DE Radar Feu Rouge DE"
8.47628 , 49.48767 , "DE Radar Feu Rouge DE"
11.4075 , 51.94117 , "DE Radar Feu Rouge DE"
8.85883 , 50.07481 , "DE Radar Feu Rouge DE"
13.26672 , 53.55939 , "DE Radar Feu Rouge DE"
8.51475 , 51.98767 , "DE Radar Feu Rouge DE"
8.96644 , 53.05778 , "DE Radar Feu Rouge DE"
8.19297 , 53.14353 , "DE Radar Feu Rouge DE"
7.10697 , 50.72092 , "DE Radar Feu Rouge DE"
6.09564 , 50.77103 , "DE Radar Feu Rouge DE"
8.69442 , 48.89211 , "DE Radar Feu Rouge DE"
8.58814 , 53.53603 , "DE Radar Feu Rouge DE"
8.61861 , 53.06306 , "DE Radar Feu Rouge DE"
8.83358 , 49.83333 , "DE Radar Feu Rouge DE"
8.66414 , 50.02078 , "DE Radar Feu Rouge DE"
14.67092 , 51.08769 , "DE Radar Feu Rouge DE"
11.42808 , 53.59669 , "DE Radar Feu Rouge DE"
9.33164 , 48.72967 , "DE Radar Feu Rouge DE"
9.12944 , 47.74717 , "DE Radar Feu Rouge DE"
9.32236 , 48.83194 , "DE Radar Feu Rouge DE"
8.73178 , 50.11864 , "DE Radar Feu Rouge DE"
8.64367 , 49.85486 , "DE Radar Feu Rouge DE"
9.93983 , 51.51403 , "DE Radar Feu Rouge DE"
8.24514 , 50.07933 , "DE Radar Feu Rouge DE"
7.07925 , 51.55025 , "DE Radar Feu Rouge DE"
8.55153 , 49.98 , "DE Radar Feu Rouge DE"
7.23672 , 51.27356 , "DE Radar Feu Rouge DE"
11.98375 , 51.47253 , "DE Radar Feu Rouge DE"
7.50733 , 51.50397 , "DE Radar Feu Rouge DE"
8.83953 , 48.25617 , "DE Radar Feu Rouge DE"
9.73589 , 52.39919 , "DE Radar Feu Rouge DE"
13.73331 , 51.04678 , "DE Radar Feu Rouge DE"
14.26525 , 51.43725 , "DE Radar Feu Rouge DE"
10.33417 , 51.655 , "DE Radar Feu Rouge DE"
8.63028 , 49.81561 , "DE Radar Feu Rouge DE"
13.42103 , 54.07808 , "DE Radar Feu Rouge DE"
8.36553 , 49.00469 , "DE Radar Feu Rouge DE"
8.64403 , 49.87311 , "DE Radar Feu Rouge DE"
12.30347 , 51.31439 , "DE Radar Feu Rouge DE"
9.13783 , 47.69672 , "DE Radar Feu Rouge DE"
13.15481 , 51.20022 , "DE Radar Feu Rouge DE"
9.91989 , 51.55522 , "DE Radar Feu Rouge DE"
12.42608 , 51.35172 , "DE Radar Feu Rouge DE"
7.10258 , 52.39489 , "DE Radar Feu Rouge DE"
9.26489 , 48.83378 , "DE Radar Feu Rouge DE"
9.17608 , 48.90486 , "DE Radar Feu Rouge DE"
6.23511 , 50.85283 , "DE Radar Feu Rouge DE"
14.22761 , 51.42458 , "DE Radar Feu Rouge DE"
8.47392 , 49.48375 , "DE Radar Feu Rouge DE"
10.9135 , 49.91236 , "DE Radar Feu Rouge DE"
14.53742 , 52.33586 , "DE Radar Feu Rouge DE"
13.23497 , 53.55711 , "DE Radar Feu Rouge DE"
8.59786 , 51.99589 , "DE Radar Feu Rouge DE"
8.96297 , 53.05744 , "DE Radar Feu Rouge DE"
8.22233 , 53.13181 , "DE Radar Feu Rouge DE"
8.811 , 53.07167 , "DE Radar Feu Rouge DE"
7.42422 , 52.43053 , "DE Radar Feu Rouge DE"
8.69519 , 48.89086 , "DE Radar Feu Rouge DE"
10.074 , 52.60603 , "DE Radar Feu Rouge DE"
7.34089 , 52.52314 , "DE Radar Feu Rouge DE"
8.82672 , 49.84217 , "DE Radar Feu Rouge DE"
8.70939 , 50.00192 , "DE Radar Feu Rouge DE"
9.03628 , 48.20592 , "DE Radar Feu Rouge DE"
6.22053 , 50.75681 , "DE Radar Feu Rouge DE"
9.30481 , 48.73544 , "DE Radar Feu Rouge DE"
9.91828 , 51.52997 , "DE Radar Feu Rouge DE"
9.29869 , 48.82128 , "DE Radar Feu Rouge DE"
8.73139 , 50.11892 , "DE Radar Feu Rouge DE"
8.78578 , 50.02769 , "DE Radar Feu Rouge DE"
10.90131 , 48.37058 , "DE Radar Feu Rouge DE"
8.70167 , 49.29219 , "DE Radar Feu Rouge DE"
7.07664 , 51.50792 , "DE Radar Feu Rouge DE"
8.5875 , 49.99917 , "DE Radar Feu Rouge DE"
7.21267 , 51.23567 , "DE Radar Feu Rouge DE"
10.0675 , 53.58239 , "DE Radar Feu Rouge DE"
13.43731 , 54.08997 , "DE Radar Feu Rouge DE"
13.73653 , 52.83839 , "DE Radar Feu Rouge DE"
9.76278 , 52.39525 , "DE Radar Feu Rouge DE"
14.34078 , 51.77133 , "DE Radar Feu Rouge DE"
7.20353 , 50.79425 , "DE Radar Feu Rouge DE"
8.24008 , 51.87922 , "DE Radar Feu Rouge DE"
8.53406 , 50.11467 , "DE Radar Feu Rouge DE"
8.05661 , 52.26833 , "DE Radar Feu Rouge DE"
8.40469 , 48.99028 , "DE Radar Feu Rouge DE"
8.62914 , 49.86964 , "DE Radar Feu Rouge DE"
9.21689 , 48.6765 , "DE Radar Feu Rouge DE"
9.20597 , 48.85631 , "DE Radar Feu Rouge DE"
12.06886 , 54.15192 , "DE Radar Feu Rouge DE"
7.15858 , 50.67667 , "DE Radar Feu Rouge DE"
8.41244 , 48.46414 , "DE Radar Feu Rouge DE"
7.3025 , 52.67472 , "DE Radar Feu Rouge DE"
9.22558 , 49.16808 , "DE Radar Feu Rouge DE"
9.1945 , 48.88778 , "DE Radar Feu Rouge DE"
9.49917 , 48.93489 , "DE Radar Feu Rouge DE"
6.24414 , 50.55528 , "DE Radar Feu Rouge DE"
8.45719 , 49.54503 , "DE Radar Feu Rouge DE"
10.88861 , 49.90186 , "DE Radar Feu Rouge DE"
7.05544 , 52.4225 , "DE Radar Feu Rouge DE"
13.23431 , 53.55683 , "DE Radar Feu Rouge DE"
8.56644 , 52.01789 , "DE Radar Feu Rouge DE"
9.21389 , 49.13603 , "DE Radar Feu Rouge DE"
8.21942 , 53.12428 , "DE Radar Feu Rouge DE"
8.80617 , 53.07361 , "DE Radar Feu Rouge DE"
12.326 , 51.32028 , "DE Radar Feu Rouge DE"
8.70717 , 48.89661 , "DE Radar Feu Rouge DE"
12.92642 , 50.83389 , "DE Radar Feu Rouge DE"
7.42389 , 52.43092 , "DE Radar Feu Rouge DE"
8.76894 , 49.86289 , "DE Radar Feu Rouge DE"
8.73453 , 49.99803 , "DE Radar Feu Rouge DE"
9.0365 , 48.20575 , "DE Radar Feu Rouge DE"
8.83644 , 47.75722 , "DE Radar Feu Rouge DE"
9.25953 , 48.83119 , "DE Radar Feu Rouge DE"
8.70975 , 50.00156 , "DE Radar Feu Rouge DE"
8.75586 , 49.62567 , "DE Radar Feu Rouge DE"
7.86128 , 47.98869 , "DE Radar Feu Rouge DE"
8.78553 , 50.02739 , "DE Radar Feu Rouge DE"
8.62319 , 53.06508 , "DE Radar Feu Rouge DE"
8.1255 , 53.52656 , "DE Radar Feu Rouge DE"
7.08864 , 51.51433 , "DE Radar Feu Rouge DE"
8.57817 , 50.01258 , "DE Radar Feu Rouge DE"
14.97217 , 51.16411 , "DE Radar Feu Rouge DE"
9.94156 , 53.57264 , "DE Radar Feu Rouge DE"
13.41719 , 54.08006 , "DE Radar Feu Rouge DE"
9.32261 , 48.83186 , "DE Radar Feu Rouge DE"
9.73389 , 52.38458 , "DE Radar Feu Rouge DE"
8.25683 , 50.07239 , "DE Radar Feu Rouge DE"
12.91744 , 50.79675 , "DE Radar Feu Rouge DE"
8.80589 , 50.054 , "DE Radar Feu Rouge DE"
8.53383 , 50.11489 , "DE Radar Feu Rouge DE"
13.45058 , 52.52247 , "DE Radar Feu Rouge DE"
8.34508 , 49.00139 , "DE Radar Feu Rouge DE"
8.66975 , 49.868 , "DE Radar Feu Rouge DE"
9.64786 , 52.414 , "DE Radar Feu Rouge DE"
9.20331 , 48.85753 , "DE Radar Feu Rouge DE"
8.79378 , 48.72828 , "DE Radar Feu Rouge DE"
8.05314 , 52.26739 , "DE Radar Feu Rouge DE"
12.32247 , 51.37494 , "DE Radar Feu Rouge DE"
7.30228 , 52.67444 , "DE Radar Feu Rouge DE"
8.64883 , 49.55714 , "DE Radar Feu Rouge DE"
9.19461 , 48.88458 , "DE Radar Feu Rouge DE"
10.84914 , 48.37433 , "DE Radar Feu Rouge DE"
6.75031 , 51.27092 , "DE Radar Feu Rouge DE"
6.97508 , 51.24806 , "DE Radar Feu Rouge DE"
7.86031 , 47.98906 , "DE Radar Feu Rouge DE"
7.07242 , 52.44081 , "DE Radar Feu Rouge DE"
13.26303 , 53.5515 , "DE Radar Feu Rouge DE"
8.55292 , 52.05694 , "DE Radar Feu Rouge DE"
14.97417 , 51.15506 , "DE Radar Feu Rouge DE"
8.22256 , 53.13175 , "DE Radar Feu Rouge DE"
8.80858 , 53.08292 , "DE Radar Feu Rouge DE"
8.90017 , 53.12411 , "DE Radar Feu Rouge DE"
8.64783 , 53.0365 , "DE Radar Feu Rouge DE"
8.72075 , 48.8965 , "DE Radar Feu Rouge DE"
12.941 , 50.82675 , "DE Radar Feu Rouge DE"
13.26939 , 53.56472 , "DE Radar Feu Rouge DE"
8.75106 , 49.85078 , "DE Radar Feu Rouge DE"
8.74286 , 49.979 , "DE Radar Feu Rouge DE"
13.80022 , 52.83408 , "DE Radar Feu Rouge DE"
9.45814 , 53.58658 , "DE Radar Feu Rouge DE"
9.25342 , 48.82703 , "DE Radar Feu Rouge DE"
8.73506 , 49.99808 , "DE Radar Feu Rouge DE"
8.75831 , 49.62294 , "DE Radar Feu Rouge DE"
7.85311 , 48.01319 , "DE Radar Feu Rouge DE"
13.13836 , 51.12131 , "DE Radar Feu Rouge DE"
11.57072 , 48.27922 , "DE Radar Feu Rouge DE"
8.11319 , 53.52825 , "DE Radar Feu Rouge DE"
14.97539 , 51.14942 , "DE Radar Feu Rouge DE"
11.50264 , 48.12594 , "DE Radar Feu Rouge DE"
7.18203 , 51.26556 , "DE Radar Feu Rouge DE"
10.02578 , 53.55711 , "DE Radar Feu Rouge DE"
13.33103 , 52.49092 , "DE Radar Feu Rouge DE"
9.76861 , 52.338 , "DE Radar Feu Rouge DE"
9.72689 , 52.38108 , "DE Radar Feu Rouge DE"
8.77281 , 50.00067 , "DE Radar Feu Rouge DE"
8.90222 , 53.07147 , "DE Radar Feu Rouge DE"
8.71297 , 53.14372 , "DE Radar Feu Rouge DE"
7.83878 , 51.65411 , "DE Radar Feu Rouge DE"
13.43489 , 52.4405 , "DE Radar Feu Rouge DE"
8.41472 , 49.00767 , "DE Radar Feu Rouge DE"
8.64136 , 49.85394 , "DE Radar Feu Rouge DE"
9.21689 , 48.67636 , "DE Radar Feu Rouge DE"
9.20078 , 48.85897 , "DE Radar Feu Rouge DE"
8.79442 , 48.72833 , "DE Radar Feu Rouge DE"
8.05339 , 52.26728 , "DE Radar Feu Rouge DE"
12.37669 , 51.34447 , "DE Radar Feu Rouge DE"
8.57508 , 49.98164 , "DE Radar Feu Rouge DE"
8.50203 , 50.55097 , "DE Radar Feu Rouge DE"
9.21447 , 48.88872 , "DE Radar Feu Rouge DE"
10.91406 , 48.37711 , "DE Radar Feu Rouge DE"
9.91533 , 51.53547 , "DE Radar Feu Rouge DE"
9.288 , 48.53553 , "DE Radar Feu Rouge DE"
13.31489 , 52.51208 , "DE Radar Feu Rouge DE"
7.07083 , 52.42875 , "DE Radar Feu Rouge DE"
7.07292 , 52.44064 , "DE Radar Feu Rouge DE"
9.13692 , 48.94972 , "DE Radar Feu Rouge DE"
8.96386 , 53.05744 , "DE Radar Feu Rouge DE"
8.21872 , 53.13911 , "DE Radar Feu Rouge DE"
8.05836 , 52.27036 , "DE Radar Feu Rouge DE"
8.86383 , 53.07125 , "DE Radar Feu Rouge DE"
9.94083 , 51.52075 , "DE Radar Feu Rouge DE"
8.66497 , 48.90097 , "DE Radar Feu Rouge DE"
12.90817 , 50.83319 , "DE Radar Feu Rouge DE"
13.40297 , 52.46347 , "DE Radar Feu Rouge DE"
12.18111 , 54.10222 , "DE Radar Feu Rouge DE"
8.6955 , 50.01681 , "DE Radar Feu Rouge DE"
6.16775 , 50.87369 , "DE Radar Feu Rouge DE"
9.50153 , 53.60114 , "DE Radar Feu Rouge DE"
9.27189 , 48.82031 , "DE Radar Feu Rouge DE"
8.65389 , 49.59244 , "DE Radar Feu Rouge DE"
8.6685 , 49.56006 , "DE Radar Feu Rouge DE"
7.84478 , 47.99019 , "DE Radar Feu Rouge DE"
13.13911 , 51.12128 , "DE Radar Feu Rouge DE"
6.92489 , 50.93669 , "DE Radar Feu Rouge DE"
8.09328 , 53.52861 , "DE Radar Feu Rouge DE"
14.9445 , 51.14797 , "DE Radar Feu Rouge DE"
11.60531 , 48.10453 , "DE Radar Feu Rouge DE"
7.08436 , 51.23344 , "DE Radar Feu Rouge DE"
10.05569 , 53.59139 , "DE Radar Feu Rouge DE"
9.46458 , 48.78881 , "DE Radar Feu Rouge DE"
10.32439 , 47.73428 , "DE Radar Feu Rouge DE"
9.73808 , 52.38186 , "DE Radar Feu Rouge DE"
9.16619 , 52.29283 , "DE Radar Feu Rouge DE"
8.41147 , 48.46356 , "DE Radar Feu Rouge DE"
12.36222 , 51.34256 , "DE Radar Feu Rouge DE"
7.82936 , 51.67361 , "DE Radar Feu Rouge DE"
13.342 , 52.51803 , "DE Radar Feu Rouge DE"
8.35258 , 49.01344 , "DE Radar Feu Rouge DE"
8.64319 , 49.85333 , "DE Radar Feu Rouge DE"
9.21708 , 48.67639 , "DE Radar Feu Rouge DE"
8.69258 , 49.40719 , "DE Radar Feu Rouge DE"
7.03653 , 51.03917 , "DE Radar Feu Rouge DE"
8.83633 , 47.75717 , "DE Radar Feu Rouge DE"
12.37742 , 51.34881 , "DE Radar Feu Rouge DE"
8.68764 , 49.86786 , "DE Radar Feu Rouge DE"
8.50231 , 50.56397 , "DE Radar Feu Rouge DE"
9.18864 , 48.88908 , "DE Radar Feu Rouge DE"
10.92014 , 48.38028 , "DE Radar Feu Rouge DE"
8.41233 , 48.46119 , "DE Radar Feu Rouge DE"
9.96167 , 48.82308 , "DE Radar Feu Rouge DE"
13.38661 , 52.49014 , "DE Radar Feu Rouge DE"
7.03633 , 52.42639 , "DE Radar Feu Rouge DE"
7.0715 , 52.42853 , "DE Radar Feu Rouge DE"
9.13975 , 48.94361 , "DE Radar Feu Rouge DE"
9.21892 , 49.13436 , "DE Radar Feu Rouge DE"
10.05675 , 51.55533 , "DE Radar Feu Rouge DE"
7.99153 , 52.296 , "DE Radar Feu Rouge DE"
8.81822 , 53.04672 , "DE Radar Feu Rouge DE"
9.93958 , 51.51389 , "DE Radar Feu Rouge DE"
8.21597 , 48.86308 , "DE Radar Feu Rouge DE"
12.92481 , 50.84542 , "DE Radar Feu Rouge DE"
9.01514 , 48.78106 , "DE Radar Feu Rouge DE"
12.15111 , 54.09086 , "DE Radar Feu Rouge DE"
8.69469 , 50.01503 , "DE Radar Feu Rouge DE"
8.80642 , 50.05397 , "DE Radar Feu Rouge DE"
9.50172 , 53.60133 , "DE Radar Feu Rouge DE"
9.26906 , 48.82492 , "DE Radar Feu Rouge DE"
13.80825 , 51.05264 , "DE Radar Feu Rouge DE"
6.22097 , 50.75703 , "DE Radar Feu Rouge DE"
8.65542 , 49.54936 , "DE Radar Feu Rouge DE"
7.85431 , 47.99114 , "DE Radar Feu Rouge DE"
13.81608 , 51.00886 , "DE Radar Feu Rouge DE"
8.95903 , 48.21594 , "DE Radar Feu Rouge DE"
10.77625 , 52.42811 , "DE Radar Feu Rouge DE"
14.98394 , 51.12608 , "DE Radar Feu Rouge DE"
11.63064 , 48.12819 , "DE Radar Feu Rouge DE"
9.961 , 49.80131 , "DE Radar Feu Rouge DE"
10.1245 , 53.57092 , "DE Radar Feu Rouge DE"
9.30567 , 48.70558 , "DE Radar Feu Rouge DE"
7.647 , 51.96386 , "DE Radar Feu Rouge DE"
9.73667 , 52.37692 , "DE Radar Feu Rouge DE"
13.65294 , 51.08233 , "DE Radar Feu Rouge DE"
7.93972 , 48.43808 , "DE Radar Feu Rouge DE"
9.94194 , 52.15481 , "DE Radar Feu Rouge DE"
10.20281 , 54.33142 , "DE Radar Feu Rouge DE"
13.31092 , 52.56794 , "DE Radar Feu Rouge DE"
10.32467 , 47.73436 , "DE Radar Feu Rouge DE"
8.65711 , 50.11094 , "DE Radar Feu Rouge DE"
11.00331 , 51.00239 , "DE Radar Feu Rouge DE"
8.11156 , 49.19183 , "DE Radar Feu Rouge DE"
11.50244 , 48.19286 , "DE Radar Feu Rouge DE"
6.95242 , 50.92406 , "DE Radar Feu Rouge DE"
12.37089 , 51.36119 , "DE Radar Feu Rouge DE"
6.81353 , 50.93869 , "DE Radar Feu Rouge DE"
6.24006 , 50.55708 , "DE Radar Feu Rouge DE"
9.16364 , 48.89008 , "DE Radar Feu Rouge DE"
10.90767 , 48.38569 , "DE Radar Feu Rouge DE"
8.95883 , 48.21594 , "DE Radar Feu Rouge DE"
8.84292 , 48.94628 , "DE Radar Feu Rouge DE"
13.40933 , 52.51689 , "DE Radar Feu Rouge DE"
7.20644 , 51.28778 , "DE Radar Feu Rouge DE"
11.07006 , 49.45489 , "DE Radar Feu Rouge DE"
9.12131 , 48.95244 , "DE Radar Feu Rouge DE"
