7.3601 , 48.08064 , "FR Zone de danger Feu Rouge FR"
2.85471 , 50.44295 , "FR Zone de danger Feu Rouge FR"
1.924974 , 48.748413 , "FR Zone de danger Feu Rouge FR"
6.38157 , 47.8136 , "FR Zone de danger Feu Rouge FR"
-0.20968 , 46.41207 , "FR Zone de danger Feu Rouge FR"
7.2942 , 47.73249 , "FR Zone de danger Feu Rouge FR"
2.00815 , 49.0479 , "FR Zone de danger Feu Rouge FR"
3.3928 , 50.3735 , "FR Zone de danger Feu Rouge FR"
7.05038 , 48.27205 , "FR Zone de danger Feu Rouge FR"
5.24784 , 43.36743 , "FR Zone de danger Feu Rouge FR"
0.15933 , 45.67209 , "FR Zone de danger Feu Rouge FR"
3.2006 , 45.73872 , "FR Zone de danger Feu Rouge FR"
2.76121 , 43.20357 , "FR Zone de danger Feu Rouge FR"
2.38925 , 47.08202 , "FR Zone de danger Feu Rouge FR"
3.23408 , 43.34481 , "FR Zone de danger Feu Rouge FR"
2.27092 , 48.87487 , "FR Zone de danger Feu Rouge FR"
1.04446 , 46.67824 , "FR Zone de danger Feu Rouge FR"
4.77965 , 45.60499 , "FR Zone de danger Feu Rouge FR"
2.74416 , 49.09528 , "FR Zone de danger Feu Rouge FR"
2.2871 , 49.90353 , "FR Zone de danger Feu Rouge FR"
-0.59896 , 44.83662 , "FR Zone de danger Feu Rouge FR"
1.42056 , 45.22964 , "FR Zone de danger Feu Rouge FR"
1.43904 , 43.6482 , "FR Zone de danger Feu Rouge FR"
4.64383 , 44.26212 , "FR Zone de danger Feu Rouge FR"
-0.37723 , 43.31214 , "FR Zone de danger Feu Rouge FR"
6.63801 , 47.69797 , "FR Zone de danger Feu Rouge FR"
0.13186 , 45.65172 , "FR Zone de danger Feu Rouge FR"
4.77101 , 45.58841 , "FR Zone de danger Feu Rouge FR"
5.96977 , 43.1103 , "FR Zone de danger Feu Rouge FR"
7.70855 , 48.57847 , "FR Zone de danger Feu Rouge FR"
-1.58929 , 43.43806 , "FR Zone de danger Feu Rouge FR"
2.32963 , 49.87524 , "FR Zone de danger Feu Rouge FR"
5.67744 , 45.19492 , "FR Zone de danger Feu Rouge FR"
5.05981 , 47.33622 , "FR Zone de danger Feu Rouge FR"
-0.52172 , 47.45921 , "FR Zone de danger Feu Rouge FR"
0.55186 , 47.54774 , "FR Zone de danger Feu Rouge FR"
6.17207 , 47.62752 , "FR Zone de danger Feu Rouge FR"
4.86044 , 43.96312 , "FR Zone de danger Feu Rouge FR"
2.0292 , 49.01056 , "FR Zone de danger Feu Rouge FR"
3.05199 , 50.63255 , "FR Zone de danger Feu Rouge FR"
0.38768 , 45.74073 , "FR Zone de danger Feu Rouge FR"
2.45181 , 48.91962 , "FR Zone de danger Feu Rouge FR"
5.60337 , 43.345195 , "FR Zone de danger Feu Rouge FR"
4.70016 , 45.85686 , "FR Zone de danger Feu Rouge FR"
5.34347 , 43.39535 , "FR Zone de danger Feu Rouge FR"
1.52417 , 45.15758 , "FR Zone de danger Feu Rouge FR"
7.45745 , 48.26876 , "FR Zone de danger Feu Rouge FR"
2.90181 , 42.68693 , "FR Zone de danger Feu Rouge FR"
2.73243 , 47.99403 , "FR Zone de danger Feu Rouge FR"
1.40144 , 43.55822 , "FR Zone de danger Feu Rouge FR"
0.1844 , 45.65081 , "FR Zone de danger Feu Rouge FR"
4.82086 , 43.93964 , "FR Zone de danger Feu Rouge FR"
7.31185 , 47.74404 , "FR Zone de danger Feu Rouge FR"
2.90134 , 42.68726 , "FR Zone de danger Feu Rouge FR"
1.40682 , 43.58667 , "FR Zone de danger Feu Rouge FR"
7.15147 , 43.65038 , "FR Zone de danger Feu Rouge FR"
2.29859 , 49.90051 , "FR Zone de danger Feu Rouge FR"
2.44688 , 48.73513 , "FR Zone de danger Feu Rouge FR"
2.25385 , 48.83196 , "FR Zone de danger Feu Rouge FR"
-1.15034 , 46.17315 , "FR Zone de danger Feu Rouge FR"
3.17944 , 50.71486 , "FR Zone de danger Feu Rouge FR"
4.98338 , 43.41104 , "FR Zone de danger Feu Rouge FR"
5.06484 , 45.04504 , "FR Zone de danger Feu Rouge FR"
6.20254 , 48.68971 , "FR Zone de danger Feu Rouge FR"
2.38317 , 51.04315 , "FR Zone de danger Feu Rouge FR"
3.12644 , 45.76191 , "FR Zone de danger Feu Rouge FR"
2.28693 , 49.90346 , "FR Zone de danger Feu Rouge FR"
1.42127 , 45.22975 , "FR Zone de danger Feu Rouge FR"
1.45867 , 43.56675 , "FR Zone de danger Feu Rouge FR"
5.15295 , 48.09938 , "FR Zone de danger Feu Rouge FR"
3.881836 , 43.625937 , "FR Zone de danger Feu Rouge FR"
0.17284 , 45.64658 , "FR Zone de danger Feu Rouge FR"
2.92781 , 50.42482 , "FR Zone de danger Feu Rouge FR"
-1.02922 , 45.6239 , "FR Zone de danger Feu Rouge FR"
4.39939 , 43.85504 , "FR Zone de danger Feu Rouge FR"
6.19209 , 48.69356 , "FR Zone de danger Feu Rouge FR"
6.17752 , 49.10158 , "FR Zone de danger Feu Rouge FR"
4.08374 , 48.28877 , "FR Zone de danger Feu Rouge FR"
6.14118 , 48.69582 , "FR Zone de danger Feu Rouge FR"
2.73239 , 47.99389 , "FR Zone de danger Feu Rouge FR"
5.87687 , 43.10721 , "FR Zone de danger Feu Rouge FR"
2.40925 , 47.10293 , "FR Zone de danger Feu Rouge FR"
3.84985 , 43.61984 , "FR Zone de danger Feu Rouge FR"
4.8642 , 43.99251 , "FR Zone de danger Feu Rouge FR"
2.57923 , 49.19878 , "FR Zone de danger Feu Rouge FR"
2.41649 , 51.04792 , "FR Zone de danger Feu Rouge FR"
2.41661 , 51.04827 , "FR Zone de danger Feu Rouge FR"
-0.57242 , 44.85435 , "FR Zone de danger Feu Rouge FR"
0.16573 , 45.65325 , "FR Zone de danger Feu Rouge FR"
4.94332 , 48.63733 , "FR Zone de danger Feu Rouge FR"
2.13688 , 48.80545 , "FR Zone de danger Feu Rouge FR"
3.50137 , 50.35537 , "FR Zone de danger Feu Rouge FR"
6.18019 , 49.10037 , "FR Zone de danger Feu Rouge FR"
1.73489 , 49.48335 , "FR Zone de danger Feu Rouge FR"
2.8941503 , 42.7015739 , "FR Zone de danger Feu Rouge FR"
-0.57275 , 44.81478 , "FR Zone de danger Feu Rouge FR"
3.22138 , 43.34251 , "FR Zone de danger Feu Rouge FR"
-1.56553 , 47.21617 , "FR Zone de danger Feu Rouge FR"
0.74161 , 47.39711 , "FR Zone de danger Feu Rouge FR"
5.96893 , 43.11007 , "FR Zone de danger Feu Rouge FR"
1.08257 , 49.42566 , "FR Zone de danger Feu Rouge FR"
5.38482 , 43.28401 , "FR Zone de danger Feu Rouge FR"
3.03916 , 50.62712 , "FR Zone de danger Feu Rouge FR"
4.38754 , 43.842 , "FR Zone de danger Feu Rouge FR"
4.08196 , 44.10558 , "FR Zone de danger Feu Rouge FR"
5.95763 , 43.11378 , "FR Zone de danger Feu Rouge FR"
-1.60693 , 43.42058 , "FR Zone de danger Feu Rouge FR"
4.98353 , 43.41122 , "FR Zone de danger Feu Rouge FR"
3.4864 , 50.39024 , "FR Zone de danger Feu Rouge FR"
1.5234 , 45.15736 , "FR Zone de danger Feu Rouge FR"
2.9469 , 50.41678 , "FR Zone de danger Feu Rouge FR"
-1.4693 , 43.5036 , "FR Zone de danger Feu Rouge FR"
7.17868 , 43.65659 , "FR Zone de danger Feu Rouge FR"
5.64089 , 43.19073 , "FR Zone de danger Feu Rouge FR"
4.37807 , 48.94282 , "FR Zone de danger Feu Rouge FR"
2.79098 , 49.35846 , "FR Zone de danger Feu Rouge FR"
3.881836 , 43.625937 , "FR Zone de danger Feu Rouge FR"
0.1659 , 45.65341 , "FR Zone de danger Feu Rouge FR"
7.33385 , 48.07037 , "FR Zone de danger Feu Rouge FR"
4.99489 , 43.80776 , "FR Zone de danger Feu Rouge FR"
-4.40599 , 48.40142 , "FR Zone de danger Feu Rouge FR"
2.41371 , 48.90184 , "FR Zone de danger Feu Rouge FR"
2.5115 , 48.81343 , "FR Zone de danger Feu Rouge FR"
1.42188 , 43.58947 , "FR Zone de danger Feu Rouge FR"
7.15806 , 43.65439 , "FR Zone de danger Feu Rouge FR"
6.17037 , 48.68745 , "FR Zone de danger Feu Rouge FR"
4.39233 , 45.42342 , "FR Zone de danger Feu Rouge FR"
0.2104 , 47.96983 , "FR Zone de danger Feu Rouge FR"
0.58249 , 45.88598 , "FR Zone de danger Feu Rouge FR"
7.34409 , 47.75962 , "FR Zone de danger Feu Rouge FR"
4.97662 , 48.64257 , "FR Zone de danger Feu Rouge FR"
-0.44637 , 46.33914 , "FR Zone de danger Feu Rouge FR"
1.91331 , 46.46991 , "FR Zone de danger Feu Rouge FR"
1.45687 , 43.59467 , "FR Zone de danger Feu Rouge FR"
2.74372 , 49.09547 , "FR Zone de danger Feu Rouge FR"
2.47504 , 49.26005 , "FR Zone de danger Feu Rouge FR"
2.36026 , 48.99137 , "FR Zone de danger Feu Rouge FR"
1.40792 , 43.58711 , "FR Zone de danger Feu Rouge FR"
2.27977 , 48.9562 , "FR Zone de danger Feu Rouge FR"
2.72849 , 50.50971 , "FR Zone de danger Feu Rouge FR"
7.30542 , 47.74991 , "FR Zone de danger Feu Rouge FR"
4.40134 , 45.41567 , "FR Zone de danger Feu Rouge FR"
1.9248 , 48.7483 , "FR Zone de danger Feu Rouge FR"
1.262 , 46.81886 , "FR Zone de danger Feu Rouge FR"
6.82186 , 47.60328 , "FR Zone de danger Feu Rouge FR"
1.45428 , 43.60894 , "FR Zone de danger Feu Rouge FR"
5.71525 , 45.16202 , "FR Zone de danger Feu Rouge FR"
6.75978 , 43.43422 , "FR Zone de danger Feu Rouge FR"
-0.75593 , 46.92523 , "FR Zone de danger Feu Rouge FR"
2.20578 , 48.75213 , "FR Zone de danger Feu Rouge FR"
5.92022 , 43.1301 , "FR Zone de danger Feu Rouge FR"
0.78929 , 47.50139 , "FR Zone de danger Feu Rouge FR"
1.71705 , 49.42238 , "FR Zone de danger Feu Rouge FR"
4.10532 , 44.1716 , "FR Zone de danger Feu Rouge FR"
4.36643 , 45.40378 , "FR Zone de danger Feu Rouge FR"
2.47721 , 49.25186 , "FR Zone de danger Feu Rouge FR"
2.93449 , 50.41054 , "FR Zone de danger Feu Rouge FR"
1.6129 , 47.15867 , "FR Zone de danger Feu Rouge FR"
5.53177 , 47.59569 , "FR Zone de danger Feu Rouge FR"
0.17117 , 44.50176 , "FR Zone de danger Feu Rouge FR"
3.04304 , 50.60716 , "FR Zone de danger Feu Rouge FR"
4.86679 , 45.778937 , "FR Zone de danger Feu Rouge FR"
5.05108 , 47.34156 , "FR Zone de danger Feu Rouge FR"
3.71479 , 48.51604 , "FR Zone de danger Feu Rouge FR"
4.80416 , 44.1365 , "FR Zone de danger Feu Rouge FR"
0.16415 , 45.6791 , "FR Zone de danger Feu Rouge FR"
-1.20389 , 46.16948 , "FR Zone de danger Feu Rouge FR"
2.0285274 , 49.0102979 , "FR Zone de danger Feu Rouge FR"
2.08963 , 49.43476 , "FR Zone de danger Feu Rouge FR"
6.33027 , 46.31827 , "FR Zone de danger Feu Rouge FR"
2.08576 , 49.4359 , "FR Zone de danger Feu Rouge FR"
7.4568 , 48.26802 , "FR Zone de danger Feu Rouge FR"
2.43832 , 44.91233 , "FR Zone de danger Feu Rouge FR"
3.85043 , 43.6201 , "FR Zone de danger Feu Rouge FR"
7.39251 , 43.72462 , "FR Zone de danger Feu Rouge FR"
2.4871 , 49.25688 , "FR Zone de danger Feu Rouge FR"
5.39903 , 43.3334 , "FR Zone de danger Feu Rouge FR"
2.10733 , 48.85549 , "FR Zone de danger Feu Rouge FR"
5.04458 , 47.31605 , "FR Zone de danger Feu Rouge FR"
2.48721 , 49.25616 , "FR Zone de danger Feu Rouge FR"
7.32614 , 47.76921 , "FR Zone de danger Feu Rouge FR"
2.23812 , 49.16921 , "FR Zone de danger Feu Rouge FR"
6.20322 , 48.69019 , "FR Zone de danger Feu Rouge FR"
2.39391 , 47.07211 , "FR Zone de danger Feu Rouge FR"
5.50017 , 43.69151 , "FR Zone de danger Feu Rouge FR"
2.76245 , 43.20319 , "FR Zone de danger Feu Rouge FR"
2.39363 , 47.07207 , "FR Zone de danger Feu Rouge FR"
3.0457 , 50.62182 , "FR Zone de danger Feu Rouge FR"
2.35051 , 49.87339 , "FR Zone de danger Feu Rouge FR"
0.55083 , 47.5475 , "FR Zone de danger Feu Rouge FR"
2.09046 , 49.0424 , "FR Zone de danger Feu Rouge FR"
1.42865 , 43.59316 , "FR Zone de danger Feu Rouge FR"
-52.3143 , 4.94388 , "FR Zone de danger Feu Rouge FR"
5.14343 , 43.86838 , "FR Zone de danger Feu Rouge FR"
2.49595 , 48.67851 , "FR Zone de danger Feu Rouge FR"
5.92453 , 43.12848 , "FR Zone de danger Feu Rouge FR"
-1.699496 , 48.062709 , "FR Zone de danger Feu Rouge FR"
1.7365 , 46.72304 , "FR Zone de danger Feu Rouge FR"
-0.32845 , 45.67332 , "FR Zone de danger Feu Rouge FR"
6.73043 , 43.43591 , "FR Zone de danger Feu Rouge FR"
4.58972 , 48.73375 , "FR Zone de danger Feu Rouge FR"
2.94704 , 50.41715 , "FR Zone de danger Feu Rouge FR"
1.13432 , 49.43651 , "FR Zone de danger Feu Rouge FR"
0.18094 , 48.00904 , "FR Zone de danger Feu Rouge FR"
-0.91696 , 43.91892 , "FR Zone de danger Feu Rouge FR"
2.08999 , 49.01357 , "FR Zone de danger Feu Rouge FR"
1.40174 , 43.55771 , "FR Zone de danger Feu Rouge FR"
4.86044 , 45.76914 , "FR Zone de danger Feu Rouge FR"
7.70668 , 48.56504 , "FR Zone de danger Feu Rouge FR"
4.33148 , 43.82645 , "FR Zone de danger Feu Rouge FR"
4.94398 , 48.6393 , "FR Zone de danger Feu Rouge FR"
0.38749 , 45.74128 , "FR Zone de danger Feu Rouge FR"
2.13509 , 48.80519 , "FR Zone de danger Feu Rouge FR"
4.85312 , 45.5415 , "FR Zone de danger Feu Rouge FR"
4.37915 , 45.44229 , "FR Zone de danger Feu Rouge FR"
1.40252 , 43.55853 , "FR Zone de danger Feu Rouge FR"
7.32256 , 47.74795 , "FR Zone de danger Feu Rouge FR"
3.10422 , 45.9005 , "FR Zone de danger Feu Rouge FR"
0.22547 , 47.97456 , "FR Zone de danger Feu Rouge FR"
4.73382 , 46.10911 , "FR Zone de danger Feu Rouge FR"
3.07739 , 50.63084 , "FR Zone de danger Feu Rouge FR"
0.38659 , 45.73637 , "FR Zone de danger Feu Rouge FR"
2.1223 , 48.89156 , "FR Zone de danger Feu Rouge FR"
2.8135 , 49.41325 , "FR Zone de danger Feu Rouge FR"
-0.667924 , 44.83383 , "FR Zone de danger Feu Rouge FR"
4.3913 , 45.42327 , "FR Zone de danger Feu Rouge FR"
1.8995 , 47.91451 , "FR Zone de danger Feu Rouge FR"
7.40057 , 43.72526 , "FR Zone de danger Feu Rouge FR"
2.26617 , 48.63542 , "FR Zone de danger Feu Rouge FR"
7.34729 , 48.08381 , "FR Zone de danger Feu Rouge FR"
2.92753 , 50.42497 , "FR Zone de danger Feu Rouge FR"
0.70708 , 44.39831 , "FR Zone de danger Feu Rouge FR"
4.31362 , 43.84183 , "FR Zone de danger Feu Rouge FR"
2.34511 , 43.21266 , "FR Zone de danger Feu Rouge FR"
6.16258 , 48.70514 , "FR Zone de danger Feu Rouge FR"
6.82137 , 47.60276 , "FR Zone de danger Feu Rouge FR"
7.15526 , 43.65629 , "FR Zone de danger Feu Rouge FR"
4.37902 , 45.44184 , "FR Zone de danger Feu Rouge FR"
2.41511 , 49.21548 , "FR Zone de danger Feu Rouge FR"
-0.21731 , 46.99246 , "FR Zone de danger Feu Rouge FR"
4.78059 , 45.60492 , "FR Zone de danger Feu Rouge FR"
2.47741 , 49.2528 , "FR Zone de danger Feu Rouge FR"
4.06643 , 46.05061 , "FR Zone de danger Feu Rouge FR"
2.14091 , 48.89281 , "FR Zone de danger Feu Rouge FR"
2.30429 , 51.02251 , "FR Zone de danger Feu Rouge FR"
5.03944 , 43.83158 , "FR Zone de danger Feu Rouge FR"
5.57817 , 43.64604 , "FR Zone de danger Feu Rouge FR"
2.26617 , 48.63474 , "FR Zone de danger Feu Rouge FR"
3.21817 , 43.34737 , "FR Zone de danger Feu Rouge FR"
0.7074 , 44.39777 , "FR Zone de danger Feu Rouge FR"
0.17116 , 48.03401 , "FR Zone de danger Feu Rouge FR"
2.36023 , 48.99181 , "FR Zone de danger Feu Rouge FR"
2.88478 , 42.68955 , "FR Zone de danger Feu Rouge FR"
4.77444 , 45.75793 , "FR Zone de danger Feu Rouge FR"
3.1261 , 45.76248 , "FR Zone de danger Feu Rouge FR"
2.38344 , 51.04386 , "FR Zone de danger Feu Rouge FR"
4.85722 , 45.76368 , "FR Zone de danger Feu Rouge FR"
2.38896 , 47.08259 , "FR Zone de danger Feu Rouge FR"
2.40897 , 48.83474 , "FR Zone de danger Feu Rouge FR"
2.78091 , 50.28873 , "FR Zone de danger Feu Rouge FR"
6.19848 , 48.67995 , "FR Zone de danger Feu Rouge FR"
1.92161 , 47.90575 , "FR Zone de danger Feu Rouge FR"
4.93464 , 43.95789 , "FR Zone de danger Feu Rouge FR"
1.47813 , 43.60503 , "FR Zone de danger Feu Rouge FR"
2.44692 , 48.78315 , "FR Zone de danger Feu Rouge FR"
2.18188 , 48.99088 , "FR Zone de danger Feu Rouge FR"
2.17454 , 48.67903 , "FR Zone de danger Feu Rouge FR"
1.05633 , 49.45288 , "FR Zone de danger Feu Rouge FR"
2.32242 , 49.90248 , "FR Zone de danger Feu Rouge FR"
5.3872 , 43.2608 , "FR Zone de danger Feu Rouge FR"
5.90696 , 45.57573 , "FR Zone de danger Feu Rouge FR"
2.97321 , 50.66778 , "FR Zone de danger Feu Rouge FR"
2.29402 , 49.91606 , "FR Zone de danger Feu Rouge FR"
2.25317 , 48.78244 , "FR Zone de danger Feu Rouge FR"
6.17336 , 48.6836 , "FR Zone de danger Feu Rouge FR"
3.10381 , 45.90088 , "FR Zone de danger Feu Rouge FR"
2.72782 , 50.50951 , "FR Zone de danger Feu Rouge FR"
2.03542 , 48.93888 , "FR Zone de danger Feu Rouge FR"
1.34362 , 43.53316 , "FR Zone de danger Feu Rouge FR"
3.02642 , 50.64718 , "FR Zone de danger Feu Rouge FR"
0.41469 , 46.54354 , "FR Zone de danger Feu Rouge FR"
1.11764 , 49.90221 , "FR Zone de danger Feu Rouge FR"
5.04856 , 44.06069 , "FR Zone de danger Feu Rouge FR"
6.24779 , 46.18605 , "FR Zone de danger Feu Rouge FR"
2.25108 , 48.88533 , "FR Zone de danger Feu Rouge FR"
-0.78052 , 43.49267 , "FR Zone de danger Feu Rouge FR"
5.03784 , 47.30933 , "FR Zone de danger Feu Rouge FR"
2.90562 , 42.69598 , "FR Zone de danger Feu Rouge FR"
2.40945 , 47.10346 , "FR Zone de danger Feu Rouge FR"
7.33936 , 47.76053 , "FR Zone de danger Feu Rouge FR"
0.38187 , 46.56351 , "FR Zone de danger Feu Rouge FR"
2.11759 , 48.8972 , "FR Zone de danger Feu Rouge FR"
1.54593 , 45.16682 , "FR Zone de danger Feu Rouge FR"
-1.48315 , 43.48768 , "FR Zone de danger Feu Rouge FR"
1.54521 , 45.16662 , "FR Zone de danger Feu Rouge FR"
6.75778 , 43.43454 , "FR Zone de danger Feu Rouge FR"
0.16996 , 48.03383 , "FR Zone de danger Feu Rouge FR"
7.23399 , 43.6832 , "FR Zone de danger Feu Rouge FR"
3.11628 , 45.79701 , "FR Zone de danger Feu Rouge FR"
4.83725 , 45.75225 , "FR Zone de danger Feu Rouge FR"
5.2481 , 43.36748 , "FR Zone de danger Feu Rouge FR"
0.61529 , 44.19189 , "FR Zone de danger Feu Rouge FR"
4.78166 , 43.93609 , "FR Zone de danger Feu Rouge FR"
6.72759 , 43.42621 , "FR Zone de danger Feu Rouge FR"
2.32493 , 48.84353 , "FR Zone de danger Feu Rouge FR"
0.63387 , 44.20052 , "FR Zone de danger Feu Rouge FR"
7.28636 , 43.73121 , "FR Zone de danger Feu Rouge FR"
-0.30706 , 45.67303 , "FR Zone de danger Feu Rouge FR"
4.85436 , 43.88799 , "FR Zone de danger Feu Rouge FR"
4.84379 , 45.74811 , "FR Zone de danger Feu Rouge FR"
-0.377433 , 43.311865 , "FR Zone de danger Feu Rouge FR"
3.21872 , 43.34699 , "FR Zone de danger Feu Rouge FR"
0.17295 , 45.64644 , "FR Zone de danger Feu Rouge FR"
7.33267 , 48.07833 , "FR Zone de danger Feu Rouge FR"
-1.56931 , 47.20853 , "FR Zone de danger Feu Rouge FR"
0.72975 , 45.18804 , "FR Zone de danger Feu Rouge FR"
1.63224 , 46.79941 , "FR Zone de danger Feu Rouge FR"
0.35869 , 46.63881 , "FR Zone de danger Feu Rouge FR"
0.97687 , 45.5423 , "FR Zone de danger Feu Rouge FR"
7.17895 , 43.65667 , "FR Zone de danger Feu Rouge FR"
2.32232 , 48.79621 , "FR Zone de danger Feu Rouge FR"
-1.1505 , 46.17373 , "FR Zone de danger Feu Rouge FR"
1.85017 , 42.93524 , "FR Zone de danger Feu Rouge FR"
1.47182 , 43.64987 , "FR Zone de danger Feu Rouge FR"
3.16986 , 50.70542 , "FR Zone de danger Feu Rouge FR"
1.71057 , 48.99036 , "FR Zone de danger Feu Rouge FR"
1.46692 , 43.64151 , "FR Zone de danger Feu Rouge FR"
6.17271 , 48.68455 , "FR Zone de danger Feu Rouge FR"
3.86185 , 43.62366 , "FR Zone de danger Feu Rouge FR"
2.40641 , 47.07561 , "FR Zone de danger Feu Rouge FR"
0.15952 , 45.67148 , "FR Zone de danger Feu Rouge FR"
2.30413 , 51.02217 , "FR Zone de danger Feu Rouge FR"
4.98182 , 43.51152 , "FR Zone de danger Feu Rouge FR"
6.99898 , 43.55072 , "FR Zone de danger Feu Rouge FR"
2.03055 , 49.03501 , "FR Zone de danger Feu Rouge FR"
2.31256 , 49.08571 , "FR Zone de danger Feu Rouge FR"
3.10948 , 45.80974 , "FR Zone de danger Feu Rouge FR"
4.83627 , 43.86887 , "FR Zone de danger Feu Rouge FR"
-1.55493 , 47.21777 , "FR Zone de danger Feu Rouge FR"
3.96843 , 43.65381 , "FR Zone de danger Feu Rouge FR"
-0.30663 , 45.67254 , "FR Zone de danger Feu Rouge FR"
2.25452 , 48.95387 , "FR Zone de danger Feu Rouge FR"
2.05237 , 49.0476 , "FR Zone de danger Feu Rouge FR"
7.15469 , 43.65603 , "FR Zone de danger Feu Rouge FR"
2.31822 , 49.07893 , "FR Zone de danger Feu Rouge FR"
2.48059 , 48.60028 , "FR Zone de danger Feu Rouge FR"
5.39877 , 43.33363 , "FR Zone de danger Feu Rouge FR"
4.82969 , 43.93246 , "FR Zone de danger Feu Rouge FR"
0.38727 , 45.74403 , "FR Zone de danger Feu Rouge FR"
7.7311 , 48.59146 , "FR Zone de danger Feu Rouge FR"
5.05201 , 47.34092 , "FR Zone de danger Feu Rouge FR"
6.20143 , 47.73904 , "FR Zone de danger Feu Rouge FR"
4.98204 , 43.51212 , "FR Zone de danger Feu Rouge FR"
2.20561 , 48.75218 , "FR Zone de danger Feu Rouge FR"
2.38096 , 47.10008 , "FR Zone de danger Feu Rouge FR"
1.84962 , 46.57361 , "FR Zone de danger Feu Rouge FR"
2.38272 , 51.04353 , "FR Zone de danger Feu Rouge FR"
2.30361 , 49.88615 , "FR Zone de danger Feu Rouge FR"
0.55154 , 47.54724 , "FR Zone de danger Feu Rouge FR"
4.32897 , 43.83745 , "FR Zone de danger Feu Rouge FR"
-0.21699 , 46.99228 , "FR Zone de danger Feu Rouge FR"
4.8132 , 43.95338 , "FR Zone de danger Feu Rouge FR"
2.29459 , 49.91494 , "FR Zone de danger Feu Rouge FR"
0.15043 , 49.48849 , "FR Zone de danger Feu Rouge FR"
2.43456 , 48.84963 , "FR Zone de danger Feu Rouge FR"
5.04153 , 43.54439 , "FR Zone de danger Feu Rouge FR"
6.36397 , 45.66379 , "FR Zone de danger Feu Rouge FR"
2.40937 , 47.06179 , "FR Zone de danger Feu Rouge FR"
7.15135 , 43.65039 , "FR Zone de danger Feu Rouge FR"
4.15144 , 45.27108 , "FR Zone de danger Feu Rouge FR"
-0.75636 , 46.92528 , "FR Zone de danger Feu Rouge FR"
2.34672 , 51.02368 , "FR Zone de danger Feu Rouge FR"
4.74392 , 44.63175 , "FR Zone de danger Feu Rouge FR"
5.78713 , 43.82774 , "FR Zone de danger Feu Rouge FR"
2.44676 , 48.73595 , "FR Zone de danger Feu Rouge FR"
2.41997 , 48.79846 , "FR Zone de danger Feu Rouge FR"
2.2532 , 48.78195 , "FR Zone de danger Feu Rouge FR"
2.32125 , 48.7961 , "FR Zone de danger Feu Rouge FR"
1.55419 , 46.54989 , "FR Zone de danger Feu Rouge FR"
7.28684 , 43.70085 , "FR Zone de danger Feu Rouge FR"
0.32143 , 46.5519 , "FR Zone de danger Feu Rouge FR"
3.43221 , 50.43817 , "FR Zone de danger Feu Rouge FR"
3.83992 , 45.0198 , "FR Zone de danger Feu Rouge FR"
2.13706 , 48.90269 , "FR Zone de danger Feu Rouge FR"
4.37396 , 43.84963 , "FR Zone de danger Feu Rouge FR"
4.85077 , 45.7421 , "FR Zone de danger Feu Rouge FR"
-1.07912 , 49.11305 , "FR Zone de danger Feu Rouge FR"
-0.47826 , 43.87855 , "FR Zone de danger Feu Rouge FR"
4.78186 , 43.93561 , "FR Zone de danger Feu Rouge FR"
1.18473 , 49.20741 , "FR Zone de danger Feu Rouge FR"
2.32298 , 49.90241 , "FR Zone de danger Feu Rouge FR"
-0.10692 , 47.71999 , "FR Zone de danger Feu Rouge FR"
0.43568 , 44.0059 , "FR Zone de danger Feu Rouge FR"
-0.33677 , 45.68881 , "FR Zone de danger Feu Rouge FR"
3.12044 , 45.7733 , "FR Zone de danger Feu Rouge FR"
-2.07101 , 47.66368 , "FR Zone de danger Feu Rouge FR"
5.00397 , 43.59201 , "FR Zone de danger Feu Rouge FR"
5.37838 , 43.34733 , "FR Zone de danger Feu Rouge FR"
2.25464 , 48.95431 , "FR Zone de danger Feu Rouge FR"
3.04566 , 49.39807 , "FR Zone de danger Feu Rouge FR"
7.72826 , 48.5804 , "FR Zone de danger Feu Rouge FR"
7.32709 , 48.07798 , "FR Zone de danger Feu Rouge FR"
0.18077 , 48.00854 , "FR Zone de danger Feu Rouge FR"
1.42488 , 43.62147 , "FR Zone de danger Feu Rouge FR"
7.78322 , 48.81089 , "FR Zone de danger Feu Rouge FR"
2.30473 , 51.02251 , "FR Zone de danger Feu Rouge FR"
-1.53663 , 43.48705 , "FR Zone de danger Feu Rouge FR"
0.74226 , 47.39719 , "FR Zone de danger Feu Rouge FR"
4.70101 , 45.85674 , "FR Zone de danger Feu Rouge FR"
2.60414 , 49.30742 , "FR Zone de danger Feu Rouge FR"
3.86511 , 43.61978 , "FR Zone de danger Feu Rouge FR"
3.06116 , 50.6224 , "FR Zone de danger Feu Rouge FR"
3.84128 , 43.60869 , "FR Zone de danger Feu Rouge FR"
4.87797 , 44.91302 , "FR Zone de danger Feu Rouge FR"
4.63205 , 43.67526 , "FR Zone de danger Feu Rouge FR"
2.60492 , 49.3003 , "FR Zone de danger Feu Rouge FR"
5.47119 , 43.58058 , "FR Zone de danger Feu Rouge FR"
5.04892 , 43.83844 , "FR Zone de danger Feu Rouge FR"
0.55119 , 47.54799 , "FR Zone de danger Feu Rouge FR"
5.04234 , 44.05444 , "FR Zone de danger Feu Rouge FR"
4.22066 , 43.72763 , "FR Zone de danger Feu Rouge FR"
2.59085 , 49.20822 , "FR Zone de danger Feu Rouge FR"
3.19893 , 50.67731 , "FR Zone de danger Feu Rouge FR"
1.96392 , 47.9141 , "FR Zone de danger Feu Rouge FR"
6.1212 , 45.91143 , "FR Zone de danger Feu Rouge FR"
1.04755 , 46.62687 , "FR Zone de danger Feu Rouge FR"
2.35238 , 43.21644 , "FR Zone de danger Feu Rouge FR"
1.19902 , 49.38972 , "FR Zone de danger Feu Rouge FR"
2.20134 , 49.28821 , "FR Zone de danger Feu Rouge FR"
0.05617 , 43.22777 , "FR Zone de danger Feu Rouge FR"
3.56898 , 48.59432 , "FR Zone de danger Feu Rouge FR"
2.10412 , 48.889159 , "FR Zone de danger Feu Rouge FR"
2.33299 , 48.86016 , "FR Zone de danger Feu Rouge FR"
5.01387 , 47.31392 , "FR Zone de danger Feu Rouge FR"
4.934309 , 43.957853 , "FR Zone de danger Feu Rouge FR"
5.69495 , 45.19225 , "FR Zone de danger Feu Rouge FR"
2.2987 , 48.69552 , "FR Zone de danger Feu Rouge FR"
3.02603 , 50.64761 , "FR Zone de danger Feu Rouge FR"
3.88457 , 43.58918 , "FR Zone de danger Feu Rouge FR"
2.32554 , 49.9087 , "FR Zone de danger Feu Rouge FR"
4.99508 , 43.80731 , "FR Zone de danger Feu Rouge FR"
2.28128 , 48.95644 , "FR Zone de danger Feu Rouge FR"
5.04277 , 44.05453 , "FR Zone de danger Feu Rouge FR"
1.22702 , 45.12933 , "FR Zone de danger Feu Rouge FR"
-0.3282 , 45.67852 , "FR Zone de danger Feu Rouge FR"
3.02649 , 50.64752 , "FR Zone de danger Feu Rouge FR"
2.3436 , 48.63453 , "FR Zone de danger Feu Rouge FR"
6.63676 , 47.69814 , "FR Zone de danger Feu Rouge FR"
4.06703 , 46.05091 , "FR Zone de danger Feu Rouge FR"
0.10448 , 49.5228 , "FR Zone de danger Feu Rouge FR"
4.83602 , 43.9405 , "FR Zone de danger Feu Rouge FR"
1.91678 , 47.91511 , "FR Zone de danger Feu Rouge FR"
0.55206 , 44.20182 , "FR Zone de danger Feu Rouge FR"
0.38747 , 45.7434 , "FR Zone de danger Feu Rouge FR"
6.48286 , 43.50433 , "FR Zone de danger Feu Rouge FR"
2.3813 , 47.09955 , "FR Zone de danger Feu Rouge FR"
-0.4179 , 43.3139 , "FR Zone de danger Feu Rouge FR"
2.07449 , 49.03184 , "FR Zone de danger Feu Rouge FR"
2.88327 , 42.70235 , "FR Zone de danger Feu Rouge FR"
0.2196 , 45.67688 , "FR Zone de danger Feu Rouge FR"
1.9475 , 48.76943 , "FR Zone de danger Feu Rouge FR"
-1.44388 , 49.05188 , "FR Zone de danger Feu Rouge FR"
7.1520655 , 43.65085 , "FR Zone de danger Feu Rouge FR"
2.01824 , 49.04345 , "FR Zone de danger Feu Rouge FR"
1.84141 , 47.92779 , "FR Zone de danger Feu Rouge FR"
7.45034 , 48.25864 , "FR Zone de danger Feu Rouge FR"
2.3476 , 51.024 , "FR Zone de danger Feu Rouge FR"
0.35633 , 49.53331 , "FR Zone de danger Feu Rouge FR"
6.16864 , 48.6836 , "FR Zone de danger Feu Rouge FR"
2.41476 , 49.2152 , "FR Zone de danger Feu Rouge FR"
2.57937 , 49.19904 , "FR Zone de danger Feu Rouge FR"
7.23199 , 43.6822 , "FR Zone de danger Feu Rouge FR"
4.8469577 , 45.7635273 , "FR Zone de danger Feu Rouge FR"
2.32547 , 48.81772 , "FR Zone de danger Feu Rouge FR"
5.71444 , 45.1747 , "FR Zone de danger Feu Rouge FR"
5.00405 , 43.59127 , "FR Zone de danger Feu Rouge FR"
2.56246 , 44.39632 , "FR Zone de danger Feu Rouge FR"
1.16195 , 49.016433 , "FR Zone de danger Feu Rouge FR"
6.19545 , 48.68706 , "FR Zone de danger Feu Rouge FR"
2.13716 , 48.89343 , "FR Zone de danger Feu Rouge FR"
-1.75786 , 48.09834 , "FR Zone de danger Feu Rouge FR"
3.89269 , 43.59707 , "FR Zone de danger Feu Rouge FR"
6.38605 , 45.6718 , "FR Zone de danger Feu Rouge FR"
4.83756 , 45.75164 , "FR Zone de danger Feu Rouge FR"
1.66047 , 46.82209 , "FR Zone de danger Feu Rouge FR"
2.90652 , 42.68935 , "FR Zone de danger Feu Rouge FR"
3.96776 , 43.65384 , "FR Zone de danger Feu Rouge FR"
4.08948 , 48.26686 , "FR Zone de danger Feu Rouge FR"
0.15834 , 44.50159 , "FR Zone de danger Feu Rouge FR"
2.41705 , 51.0481 , "FR Zone de danger Feu Rouge FR"
4.83373 , 43.95154 , "FR Zone de danger Feu Rouge FR"
1.94041 , 48.82332 , "FR Zone de danger Feu Rouge FR"
5.39996 , 43.29085 , "FR Zone de danger Feu Rouge FR"
6.38133 , 47.86276 , "FR Zone de danger Feu Rouge FR"
1.43349 , 43.63309 , "FR Zone de danger Feu Rouge FR"
2.01576 , 49.05555 , "FR Zone de danger Feu Rouge FR"
2.34873 , 48.85679 , "FR Zone de danger Feu Rouge FR"
3.128281 , 50.622919 , "FR Zone de danger Feu Rouge FR"
2.87456 , 42.6882 , "FR Zone de danger Feu Rouge FR"
-1.13594 , 46.15473 , "FR Zone de danger Feu Rouge FR"
2.30813 , 48.90079 , "FR Zone de danger Feu Rouge FR"
1.91914 , 47.90133 , "FR Zone de danger Feu Rouge FR"
3.1109 , 45.77865 , "FR Zone de danger Feu Rouge FR"
1.08491 , 49.44325 , "FR Zone de danger Feu Rouge FR"
-1.65075 , 49.6475 , "FR Zone de danger Feu Rouge FR"
1.53325 , 45.16088 , "FR Zone de danger Feu Rouge FR"
2.88179 , 42.68133 , "FR Zone de danger Feu Rouge FR"
-0.86751 , 47.07345 , "FR Zone de danger Feu Rouge FR"
0.17054 , 44.50155 , "FR Zone de danger Feu Rouge FR"
2.34949 , 51.03168 , "FR Zone de danger Feu Rouge FR"
4.82869 , 43.93174 , "FR Zone de danger Feu Rouge FR"
2.87843 , 49.28979 , "FR Zone de danger Feu Rouge FR"
2.87241 , 42.69428 , "FR Zone de danger Feu Rouge FR"
5.04972 , 47.30526 , "FR Zone de danger Feu Rouge FR"
-0.37564 , 43.31371 , "FR Zone de danger Feu Rouge FR"
2.4751 , 49.25976 , "FR Zone de danger Feu Rouge FR"
-0.53545 , 47.47512 , "FR Zone de danger Feu Rouge FR"
5.99356 , 43.13173 , "FR Zone de danger Feu Rouge FR"
1.077409 , 49.435827 , "FR Zone de danger Feu Rouge FR"
5.75925 , 45.1703 , "FR Zone de danger Feu Rouge FR"
5.01351 , 47.3134 , "FR Zone de danger Feu Rouge FR"
-1.13582 , 46.15514 , "FR Zone de danger Feu Rouge FR"
-1.754063 , 48.101506 , "FR Zone de danger Feu Rouge FR"
-0.572473 , 44.827095 , "FR Zone de danger Feu Rouge FR"
7.35017 , 47.75551 , "FR Zone de danger Feu Rouge FR"
2.182 , 48.9912 , "FR Zone de danger Feu Rouge FR"
-1.75747 , 48.09903 , "FR Zone de danger Feu Rouge FR"
2.32449 , 49.07181 , "FR Zone de danger Feu Rouge FR"
7.31171 , 47.74392 , "FR Zone de danger Feu Rouge FR"
-0.5972 , 44.81986 , "FR Zone de danger Feu Rouge FR"
2.83179 , 43.94625 , "FR Zone de danger Feu Rouge FR"
2.47484 , 48.88361 , "FR Zone de danger Feu Rouge FR"
6.4834 , 43.50374 , "FR Zone de danger Feu Rouge FR"
2.01783 , 49.04265 , "FR Zone de danger Feu Rouge FR"
3.23037 , 43.35408 , "FR Zone de danger Feu Rouge FR"
4.8253 , 43.93071 , "FR Zone de danger Feu Rouge FR"
1.41894 , 43.65895 , "FR Zone de danger Feu Rouge FR"
4.34008 , 43.82049 , "FR Zone de danger Feu Rouge FR"
6.43279 , 47.61406 , "FR Zone de danger Feu Rouge FR"
-0.39581 , 43.30196 , "FR Zone de danger Feu Rouge FR"
3.63454 , 45.13713 , "FR Zone de danger Feu Rouge FR"
7.33129 , 48.08655 , "FR Zone de danger Feu Rouge FR"
0.17689 , 47.96309 , "FR Zone de danger Feu Rouge FR"
6.23651 , 46.18596 , "FR Zone de danger Feu Rouge FR"
2.02745 , 49.01354 , "FR Zone de danger Feu Rouge FR"
1.09291 , 49.90453 , "FR Zone de danger Feu Rouge FR"
2.47143 , 48.80608 , "FR Zone de danger Feu Rouge FR"
2.12495 , 48.80674 , "FR Zone de danger Feu Rouge FR"
5.39278 , 43.28837 , "FR Zone de danger Feu Rouge FR"
3.86735 , 43.61274 , "FR Zone de danger Feu Rouge FR"
2.45143 , 48.91982 , "FR Zone de danger Feu Rouge FR"
3.04439 , 49.39816 , "FR Zone de danger Feu Rouge FR"
4.3812 , 43.7921 , "FR Zone de danger Feu Rouge FR"
7.70598 , 48.56452 , "FR Zone de danger Feu Rouge FR"
0.72973 , 44.41569 , "FR Zone de danger Feu Rouge FR"
5.41784 , 43.27616 , "FR Zone de danger Feu Rouge FR"
6.17251 , 48.70026 , "FR Zone de danger Feu Rouge FR"
5.87674 , 43.12908 , "FR Zone de danger Feu Rouge FR"
2.89872 , 42.70918 , "FR Zone de danger Feu Rouge FR"
4.56137 , 43.83064 , "FR Zone de danger Feu Rouge FR"
3.48642 , 50.39008 , "FR Zone de danger Feu Rouge FR"
2.35641 , 43.21634 , "FR Zone de danger Feu Rouge FR"
2.85429 , 50.44266 , "FR Zone de danger Feu Rouge FR"
5.40085 , 43.30612 , "FR Zone de danger Feu Rouge FR"
-0.5688273 , 44.8599301 , "FR Zone de danger Feu Rouge FR"
-0.37055 , 43.30493 , "FR Zone de danger Feu Rouge FR"
4.99075 , 48.62549 , "FR Zone de danger Feu Rouge FR"
6.57419 , 48.11947 , "FR Zone de danger Feu Rouge FR"
-0.36767 , 43.3192 , "FR Zone de danger Feu Rouge FR"
-0.667085 , 44.833565 , "FR Zone de danger Feu Rouge FR"
6.48535 , 46.37389 , "FR Zone de danger Feu Rouge FR"
5.39999 , 43.28973 , "FR Zone de danger Feu Rouge FR"
2.10426 , 48.8888 , "FR Zone de danger Feu Rouge FR"
2.38657 , 49.02271 , "FR Zone de danger Feu Rouge FR"
2.38647 , 49.02338 , "FR Zone de danger Feu Rouge FR"
5.14364 , 48.11468 , "FR Zone de danger Feu Rouge FR"
6.9937 , 43.55051 , "FR Zone de danger Feu Rouge FR"
3.11804 , 45.7894 , "FR Zone de danger Feu Rouge FR"
5.93538 , 43.11556 , "FR Zone de danger Feu Rouge FR"
2.02413 , 47.01567 , "FR Zone de danger Feu Rouge FR"
1.9409 , 48.82371 , "FR Zone de danger Feu Rouge FR"
6.47104 , 46.37071 , "FR Zone de danger Feu Rouge FR"
2.30446 , 51.02204 , "FR Zone de danger Feu Rouge FR"
4.35254 , 43.82825 , "FR Zone de danger Feu Rouge FR"
0.11763 , 45.65096 , "FR Zone de danger Feu Rouge FR"
-0.32393 , 43.311 , "FR Zone de danger Feu Rouge FR"
2.98777 , 50.6457 , "FR Zone de danger Feu Rouge FR"
-0.91758 , 43.91955 , "FR Zone de danger Feu Rouge FR"
2.30372 , 49.88571 , "FR Zone de danger Feu Rouge FR"
-2.77899 , 48.51742 , "FR Zone de danger Feu Rouge FR"
-2.9945 , 47.66834 , "FR Zone de danger Feu Rouge FR"
-0.32293 , 43.31162 , "FR Zone de danger Feu Rouge FR"
3.70282 , 48.41826 , "FR Zone de danger Feu Rouge FR"
1.42394 , 50.04686 , "FR Zone de danger Feu Rouge FR"
4.80868 , 44.13848 , "FR Zone de danger Feu Rouge FR"
2.90407 , 42.69318 , "FR Zone de danger Feu Rouge FR"
4.08897 , 48.26737 , "FR Zone de danger Feu Rouge FR"
2.28103 , 49.88908 , "FR Zone de danger Feu Rouge FR"
5.85064 , 43.13738 , "FR Zone de danger Feu Rouge FR"
4.72962 , 44.55887 , "FR Zone de danger Feu Rouge FR"
2.1151775 , 49.0400594 , "FR Zone de danger Feu Rouge FR"
5.89896 , 43.0887 , "FR Zone de danger Feu Rouge FR"
-1.54124 , 47.23512 , "FR Zone de danger Feu Rouge FR"
2.24487 , 49.16902 , "FR Zone de danger Feu Rouge FR"
7.73172 , 48.59142 , "FR Zone de danger Feu Rouge FR"
0.22467 , 47.97503 , "FR Zone de danger Feu Rouge FR"
3.39262 , 50.37336 , "FR Zone de danger Feu Rouge FR"
4.81189 , 44.13601 , "FR Zone de danger Feu Rouge FR"
4.36445 , 45.4032 , "FR Zone de danger Feu Rouge FR"
7.03746 , 43.54646 , "FR Zone de danger Feu Rouge FR"
6.20396 , 49.11899 , "FR Zone de danger Feu Rouge FR"
1.95108 , 46.93151 , "FR Zone de danger Feu Rouge FR"
1.96475 , 47.9143 , "FR Zone de danger Feu Rouge FR"
6.14701 , 48.67706 , "FR Zone de danger Feu Rouge FR"
2.47668 , 49.25256 , "FR Zone de danger Feu Rouge FR"
3.86435 , 43.58174 , "FR Zone de danger Feu Rouge FR"
2.07462 , 49.01533 , "FR Zone de danger Feu Rouge FR"
-0.51376 , 43.89512 , "FR Zone de danger Feu Rouge FR"
5.3106 , 43.411 , "FR Zone de danger Feu Rouge FR"
2.3497 , 51.03115 , "FR Zone de danger Feu Rouge FR"
-0.50288 , 46.31567 , "FR Zone de danger Feu Rouge FR"
0.21027 , 47.96916 , "FR Zone de danger Feu Rouge FR"
-2.7351 , 47.65371 , "FR Zone de danger Feu Rouge FR"
4.86704 , 45.7789 , "FR Zone de danger Feu Rouge FR"
7.28708 , 43.70065 , "FR Zone de danger Feu Rouge FR"
3.05237 , 50.63251 , "FR Zone de danger Feu Rouge FR"
2.19511 , 48.99407 , "FR Zone de danger Feu Rouge FR"
5.33044 , 47.85856 , "FR Zone de danger Feu Rouge FR"
5.70107 , 45.13465 , "FR Zone de danger Feu Rouge FR"
7.25131 , 43.70037 , "FR Zone de danger Feu Rouge FR"
0.17723 , 47.96229 , "FR Zone de danger Feu Rouge FR"
4.55812 , 43.83063 , "FR Zone de danger Feu Rouge FR"
2.89892 , 42.70866 , "FR Zone de danger Feu Rouge FR"
-1.49148 , 43.49822 , "FR Zone de danger Feu Rouge FR"
-0.37847 , 43.29603 , "FR Zone de danger Feu Rouge FR"
7.78423 , 48.81326 , "FR Zone de danger Feu Rouge FR"
1.90832 , 47.87991 , "FR Zone de danger Feu Rouge FR"
2.0381 , 48.77628 , "FR Zone de danger Feu Rouge FR"
7.2867 , 43.73113 , "FR Zone de danger Feu Rouge FR"
5.90198 , 43.12898 , "FR Zone de danger Feu Rouge FR"
0.17393 , 45.67266 , "FR Zone de danger Feu Rouge FR"
4.87267 , 43.93298 , "FR Zone de danger Feu Rouge FR"
4.0149 , 45.22576 , "FR Zone de danger Feu Rouge FR"
2.2447 , 49.16915 , "FR Zone de danger Feu Rouge FR"
2.12709 , 48.88801 , "FR Zone de danger Feu Rouge FR"
4.32577 , 48.09196 , "FR Zone de danger Feu Rouge FR"
3.8846663 , 43.6018288 , "FR Zone de danger Feu Rouge FR"
3.48867 , 50.39587 , "FR Zone de danger Feu Rouge FR"
0.61156 , 44.20639 , "FR Zone de danger Feu Rouge FR"
3.30135 , 50.33421 , "FR Zone de danger Feu Rouge FR"
5.34363 , 43.39504 , "FR Zone de danger Feu Rouge FR"
2.01535 , 49.05479 , "FR Zone de danger Feu Rouge FR"
2.46507 , 49.19296 , "FR Zone de danger Feu Rouge FR"
2.21394 , 48.84914 , "FR Zone de danger Feu Rouge FR"
0.15215 , 45.64584 , "FR Zone de danger Feu Rouge FR"
0.72001 , 44.4201 , "FR Zone de danger Feu Rouge FR"
-0.59713 , 44.8202 , "FR Zone de danger Feu Rouge FR"
2.43986 , 44.9217 , "FR Zone de danger Feu Rouge FR"
1.84109 , 47.92795 , "FR Zone de danger Feu Rouge FR"
4.06839 , 46.04825 , "FR Zone de danger Feu Rouge FR"
2.49154 , 50.7528 , "FR Zone de danger Feu Rouge FR"
-1.946877 , 46.698159 , "FR Zone de danger Feu Rouge FR"
0.55187 , 44.20183 , "FR Zone de danger Feu Rouge FR"
2.49674 , 48.67788 , "FR Zone de danger Feu Rouge FR"
6.227365 , 48.675787 , "FR Zone de danger Feu Rouge FR"
3.91309 , 48.51359 , "FR Zone de danger Feu Rouge FR"
2.03621 , 48.93855 , "FR Zone de danger Feu Rouge FR"
5.60363 , 43.34467 , "FR Zone de danger Feu Rouge FR"
2.17491 , 48.67834 , "FR Zone de danger Feu Rouge FR"
5.40291 , 43.30956 , "FR Zone de danger Feu Rouge FR"
6.1247 , 48.69504 , "FR Zone de danger Feu Rouge FR"
6.18739 , 48.6991 , "FR Zone de danger Feu Rouge FR"
7.25688 , 43.69392 , "FR Zone de danger Feu Rouge FR"
2.11059 , 49.02319 , "FR Zone de danger Feu Rouge FR"
2.21357 , 48.84962 , "FR Zone de danger Feu Rouge FR"
0.70421 , 45.18617 , "FR Zone de danger Feu Rouge FR"
4.74498 , 44.63323 , "FR Zone de danger Feu Rouge FR"
-0.328602 , 45.6737 , "FR Zone de danger Feu Rouge FR"
2.81815 , 50.44978 , "FR Zone de danger Feu Rouge FR"
0.06401 , 43.22043 , "FR Zone de danger Feu Rouge FR"
0.1478 , 45.65333 , "FR Zone de danger Feu Rouge FR"
6.011526 , 43.12964 , "FR Zone de danger Feu Rouge FR"
5.57706 , 43.64576 , "FR Zone de danger Feu Rouge FR"
0.62901 , 44.19424 , "FR Zone de danger Feu Rouge FR"
-0.90073 , 47.05396 , "FR Zone de danger Feu Rouge FR"
2.88437 , 42.70272 , "FR Zone de danger Feu Rouge FR"
4.79513 , 45.77358 , "FR Zone de danger Feu Rouge FR"
2.32536 , 48.81802 , "FR Zone de danger Feu Rouge FR"
-1.02381 , 45.62438 , "FR Zone de danger Feu Rouge FR"
-1.49443 , 43.48509 , "FR Zone de danger Feu Rouge FR"
5.05719 , 47.33658 , "FR Zone de danger Feu Rouge FR"
4.08065 , 44.11088 , "FR Zone de danger Feu Rouge FR"
2.27874 , 49.86764 , "FR Zone de danger Feu Rouge FR"
-1.4830046 , 43.4877634 , "FR Zone de danger Feu Rouge FR"
4.56418 , 43.93888 , "FR Zone de danger Feu Rouge FR"
2.34417 , 48.63461 , "FR Zone de danger Feu Rouge FR"
0.78901 , 47.50119 , "FR Zone de danger Feu Rouge FR"
2.44701 , 48.78364 , "FR Zone de danger Feu Rouge FR"
4.85378 , 43.88796 , "FR Zone de danger Feu Rouge FR"
-0.10593 , 47.71911 , "FR Zone de danger Feu Rouge FR"
7.28221 , 43.70616 , "FR Zone de danger Feu Rouge FR"
-1.66315 , 49.65332 , "FR Zone de danger Feu Rouge FR"
4.07861 , 44.13395 , "FR Zone de danger Feu Rouge FR"
-2.74875 , 48.49262 , "FR Zone de danger Feu Rouge FR"
0.58399 , 45.88586 , "FR Zone de danger Feu Rouge FR"
2.25248 , 48.83216 , "FR Zone de danger Feu Rouge FR"
7.75573 , 48.57539 , "FR Zone de danger Feu Rouge FR"
2.39857 , 47.09046 , "FR Zone de danger Feu Rouge FR"
1.25295 , 48.75465 , "FR Zone de danger Feu Rouge FR"
2.19421 , 48.99448 , "FR Zone de danger Feu Rouge FR"
7.3057 , 47.75006 , "FR Zone de danger Feu Rouge FR"
4.345597 , 43.837131 , "FR Zone de danger Feu Rouge FR"
-1.06949 , 43.69417 , "FR Zone de danger Feu Rouge FR"
2.33227 , 49.90147 , "FR Zone de danger Feu Rouge FR"
2.48072 , 48.60068 , "FR Zone de danger Feu Rouge FR"
4.88753 , 45.70608 , "FR Zone de danger Feu Rouge FR"
0.54687 , 46.46286 , "FR Zone de danger Feu Rouge FR"
6.72622 , 43.42791 , "FR Zone de danger Feu Rouge FR"
-2.07082 , 47.66429 , "FR Zone de danger Feu Rouge FR"
-0.56076 , 44.8282 , "FR Zone de danger Feu Rouge FR"
2.54943 , 43.18762 , "FR Zone de danger Feu Rouge FR"
5.90702 , 45.5761 , "FR Zone de danger Feu Rouge FR"
2.07397 , 49.01605 , "FR Zone de danger Feu Rouge FR"
0.88114 , 49.75105 , "FR Zone de danger Feu Rouge FR"
0.70388 , 45.19486 , "FR Zone de danger Feu Rouge FR"
1.96549 , 46.73845 , "FR Zone de danger Feu Rouge FR"
-0.10626 , 47.71933 , "FR Zone de danger Feu Rouge FR"
3.71491 , 48.51654 , "FR Zone de danger Feu Rouge FR"
2.364898 , 51.027966 , "FR Zone de danger Feu Rouge FR"
2.42491 , 47.10469 , "FR Zone de danger Feu Rouge FR"
5.15343 , 48.09895 , "FR Zone de danger Feu Rouge FR"
2.03738 , 48.77672 , "FR Zone de danger Feu Rouge FR"
-0.32805 , 45.6775 , "FR Zone de danger Feu Rouge FR"
1.11878 , 49.01923 , "FR Zone de danger Feu Rouge FR"
2.9039 , 42.69326 , "FR Zone de danger Feu Rouge FR"
