13.50755 , 43.24543 , "IT Radar fixe IT 50"
15.23718 , 38.2122 , "IT Radar fixe IT 50"
10.11708 , 45.51268 , "IT Radar fixe IT 50"
10.61525 , 43.67804 , "IT Radar fixe IT 50"
12.53537 , 43.11454 , "IT Radar fixe IT 50"
10.72779 , 43.81227 , "IT Radar fixe IT 50"
13.56958 , 43.40994 , "IT Radar fixe IT 50"
13.62928 , 41.2656 , "IT Radar fixe IT 50"
11.12519 , 43.94725 , "IT Radar fixe IT 50"
11.17627 , 43.63635 , "IT Radar fixe IT 50"
13.59369 , 37.74293 , "IT Radar fixe IT 50"
8.91267 , 44.71522 , "IT Radar fixe IT 50"
13.65735 , 43.27088 , "IT Radar fixe IT 50"
16.27283 , 39.83235 , "IT Radar fixe IT 50"
11.448 , 43.93558 , "IT Radar fixe IT 50"
11.45274 , 43.63825 , "IT Radar fixe IT 50"
18.19616 , 40.31585 , "IT Radar fixe IT 50"
8.57965 , 45.95117 , "IT Radar fixe IT 50"
13.67401 , 43.32133 , "IT Radar fixe IT 50"
13.5242 , 41.55236 , "IT Radar fixe IT 50"
10.79509 , 45.21203 , "IT Radar fixe IT 50"
10.7807 , 43.78828 , "IT Radar fixe IT 50"
13.77053 , 42.79882 , "IT Radar fixe IT 50"
9.45609 , 45.72153 , "IT Radar fixe IT 50"
13.68718 , 43.25708 , "IT Radar fixe IT 50"
13.48911 , 43.18771 , "IT Radar fixe IT 50"
11.56377 , 45.26426 , "IT Radar fixe IT 50"
11.20942 , 43.70807 , "IT Radar fixe IT 50"
12.0454 , 45.86939 , "IT Radar fixe IT 50"
10.20342 , 45.54879 , "IT Radar fixe IT 50"
13.7184 , 43.32197 , "IT Radar fixe IT 50"
13.7204 , 43.2118 , "IT Radar fixe IT 50"
10.44165 , 45.57834 , "IT Radar fixe IT 50"
11.1996 , 43.82349 , "IT Radar fixe IT 50"
13.49471 , 43.39823 , "IT Radar fixe IT 50"
10.48726 , 45.07052 , "IT Radar fixe IT 50"
13.87703 , 42.64199 , "IT Radar fixe IT 50"
10.65407 , 45.44407 , "IT Radar fixe IT 50"
11.23219 , 43.74796 , "IT Radar fixe IT 50"
13.61236 , 43.43996 , "IT Radar fixe IT 50"
10.63363 , 45.40857 , "IT Radar fixe IT 50"
11.71292 , 43.50604 , "IT Radar fixe IT 50"
11.49714 , 45.71126 , "IT Radar fixe IT 50"
11.25919 , 43.78345 , "IT Radar fixe IT 50"
11.31674 , 43.83786 , "IT Radar fixe IT 50"
10.88614 , 45.47307 , "IT Radar fixe IT 50"
11.81085 , 43.72705 , "IT Radar fixe IT 50"
12.19999 , 41.91622 , "IT Radar fixe IT 50"
11.38943 , 43.79638 , "IT Radar fixe IT 50"
9.93179 , 45.63254 , "IT Radar fixe IT 50"
10.5037 , 45.56273 , "IT Radar fixe IT 50"
12.81792 , 43.83084 , "IT Radar fixe IT 50"
12.85358 , 42.41466 , "IT Radar fixe IT 50"
7.5976 , 45.07361 , "IT Radar fixe IT 50"
10.54988 , 45.55435 , "IT Radar fixe IT 50"
11.38887 , 45.58207 , "IT Radar fixe IT 50"
11.63309 , 44.29982 , "IT Radar fixe IT 50"
12.51366 , 42.54763 , "IT Radar fixe IT 50"
9.72631 , 44.22197 , "IT Radar fixe IT 50"
12.98625 , 43.31594 , "IT Radar fixe IT 50"
12.53966 , 41.94365 , "IT Radar fixe IT 50"
12.32868 , 45.35733 , "IT Radar fixe IT 50"
11.77213 , 43.17778 , "IT Radar fixe IT 50"
9.12597 , 45.42794 , "IT Radar fixe IT 50"
9.13177 , 39.20525 , "IT Radar fixe IT 50"
12.64651 , 42.54698 , "IT Radar fixe IT 50"
12.01684 , 46.0445 , "IT Radar fixe IT 50"
12.43889 , 43.02 , "IT Radar fixe IT 50"
9.42833 , 46.16749 , "IT Radar fixe IT 50"
10.50291 , 43.37582 , "IT Radar fixe IT 50"
12.87851 , 42.40589 , "IT Radar fixe IT 50"
12.25847 , 45.92645 , "IT Radar fixe IT 50"
13.24022 , 43.16186 , "IT Radar fixe IT 50"
9.91688 , 44.15872 , "IT Radar fixe IT 50"
11.20439 , 43.56209 , "IT Radar fixe IT 50"
12.40801 , 42.63431 , "IT Radar fixe IT 50"
13.37262 , 43.2415 , "IT Radar fixe IT 50"
13.3732 , 43.11748 , "IT Radar fixe IT 50"
10.28664 , 44.67695 , "IT Radar fixe IT 50"
11.58056 , 43.54834 , "IT Radar fixe IT 50"
12.6644 , 42.55374 , "IT Radar fixe IT 50"
10.74788 , 43.68872 , "IT Radar fixe IT 50"
13.51206 , 43.24827 , "IT Radar fixe IT 50"
13.93002 , 41.05628 , "IT Radar fixe IT 50"
10.20739 , 45.54796 , "IT Radar fixe IT 50"
10.62938 , 43.64729 , "IT Radar fixe IT 50"
12.53587 , 43.11853 , "IT Radar fixe IT 50"
10.68984 , 43.83517 , "IT Radar fixe IT 50"
13.55338 , 43.411 , "IT Radar fixe IT 50"
13.67256 , 41.26841 , "IT Radar fixe IT 50"
11.20273 , 43.92058 , "IT Radar fixe IT 50"
11.18125 , 43.65085 , "IT Radar fixe IT 50"
13.5933 , 37.74338 , "IT Radar fixe IT 50"
8.92162 , 44.72076 , "IT Radar fixe IT 50"
13.62959 , 43.2812 , "IT Radar fixe IT 50"
16.6306 , 40.13371 , "IT Radar fixe IT 50"
11.45605 , 43.93411 , "IT Radar fixe IT 50"
11.45938 , 43.61864 , "IT Radar fixe IT 50"
18.20492 , 40.30592 , "IT Radar fixe IT 50"
8.58308 , 45.94852 , "IT Radar fixe IT 50"
13.67093 , 43.3223 , "IT Radar fixe IT 50"
13.42941 , 42.00373 , "IT Radar fixe IT 50"
10.85311 , 44.49528 , "IT Radar fixe IT 50"
10.79663 , 43.7198 , "IT Radar fixe IT 50"
13.79669 , 42.79748 , "IT Radar fixe IT 50"
9.45618 , 45.72172 , "IT Radar fixe IT 50"
13.69418 , 43.22498 , "IT Radar fixe IT 50"
13.57594 , 43.18796 , "IT Radar fixe IT 50"
10.46867 , 45.47442 , "IT Radar fixe IT 50"
11.18874 , 43.71021 , "IT Radar fixe IT 50"
12.07315 , 45.89123 , "IT Radar fixe IT 50"
10.19819 , 45.54895 , "IT Radar fixe IT 50"
13.72108 , 43.29479 , "IT Radar fixe IT 50"
13.72515 , 43.2152 , "IT Radar fixe IT 50"
10.44061 , 45.57983 , "IT Radar fixe IT 50"
11.20518 , 43.8268 , "IT Radar fixe IT 50"
13.4372 , 43.40456 , "IT Radar fixe IT 50"
10.56061 , 45.25775 , "IT Radar fixe IT 50"
13.88989 , 41.42207 , "IT Radar fixe IT 50"
10.66185 , 45.445 , "IT Radar fixe IT 50"
11.32777 , 43.74853 , "IT Radar fixe IT 50"
13.60522 , 43.44806 , "IT Radar fixe IT 50"
10.63781 , 45.40995 , "IT Radar fixe IT 50"
11.62158 , 43.50617 , "IT Radar fixe IT 50"
10.52826 , 45.82235 , "IT Radar fixe IT 50"
11.28814 , 43.80258 , "IT Radar fixe IT 50"
11.34255 , 43.85954 , "IT Radar fixe IT 50"
10.88659 , 45.43783 , "IT Radar fixe IT 50"
11.72248 , 43.78376 , "IT Radar fixe IT 50"
12.569 , 41.91666 , "IT Radar fixe IT 50"
11.39655 , 43.71532 , "IT Radar fixe IT 50"
9.932 , 45.63353 , "IT Radar fixe IT 50"
10.50516 , 45.56421 , "IT Radar fixe IT 50"
12.85921 , 43.91985 , "IT Radar fixe IT 50"
12.85488 , 42.41546 , "IT Radar fixe IT 50"
7.60553 , 44.96151 , "IT Radar fixe IT 50"
10.54759 , 45.56106 , "IT Radar fixe IT 50"
11.39139 , 45.58249 , "IT Radar fixe IT 50"
11.67843 , 44.43014 , "IT Radar fixe IT 50"
12.53953 , 42.59082 , "IT Radar fixe IT 50"
9.76773 , 44.1924 , "IT Radar fixe IT 50"
13.03982 , 43.66962 , "IT Radar fixe IT 50"
12.54237 , 41.9437 , "IT Radar fixe IT 50"
12.3328 , 45.36218 , "IT Radar fixe IT 50"
11.79236 , 43.18083 , "IT Radar fixe IT 50"
9.12744 , 45.45883 , "IT Radar fixe IT 50"
9.12226 , 39.20763 , "IT Radar fixe IT 50"
12.64811 , 42.54783 , "IT Radar fixe IT 50"
12.05266 , 45.85826 , "IT Radar fixe IT 50"
12.97326 , 43.18161 , "IT Radar fixe IT 50"
9.43165 , 46.16543 , "IT Radar fixe IT 50"
11.08624 , 43.38684 , "IT Radar fixe IT 50"
12.87898 , 42.40577 , "IT Radar fixe IT 50"
12.27301 , 45.71279 , "IT Radar fixe IT 50"
13.24228 , 43.16496 , "IT Radar fixe IT 50"
10.05708 , 44.20075 , "IT Radar fixe IT 50"
11.20562 , 43.56147 , "IT Radar fixe IT 50"
12.4036 , 42.63505 , "IT Radar fixe IT 50"
11.46562 , 43.16968 , "IT Radar fixe IT 50"
13.41763 , 43.25016 , "IT Radar fixe IT 50"
13.37477 , 43.16817 , "IT Radar fixe IT 50"
10.28917 , 44.68359 , "IT Radar fixe IT 50"
11.58107 , 43.54823 , "IT Radar fixe IT 50"
12.65037 , 42.555 , "IT Radar fixe IT 50"
10.75649 , 43.69029 , "IT Radar fixe IT 50"
13.33499 , 43.28252 , "IT Radar fixe IT 50"
14.09461 , 41.08736 , "IT Radar fixe IT 50"
10.206 , 45.54811 , "IT Radar fixe IT 50"
10.66771 , 43.66326 , "IT Radar fixe IT 50"
12.5538 , 43.03393 , "IT Radar fixe IT 50"
10.6906 , 43.8398 , "IT Radar fixe IT 50"
13.50382 , 43.42188 , "IT Radar fixe IT 50"
14.04015 , 41.36002 , "IT Radar fixe IT 50"
11.21426 , 43.95891 , "IT Radar fixe IT 50"
11.19131 , 43.65508 , "IT Radar fixe IT 50"
15.19513 , 37.76655 , "IT Radar fixe IT 50"
9.32129 , 45.61507 , "IT Radar fixe IT 50"
13.63174 , 43.28185 , "IT Radar fixe IT 50"
16.63079 , 40.13468 , "IT Radar fixe IT 50"
11.47435 , 43.93424 , "IT Radar fixe IT 50"
11.46522 , 43.62076 , "IT Radar fixe IT 50"
18.20613 , 40.30461 , "IT Radar fixe IT 50"
8.58336 , 45.94965 , "IT Radar fixe IT 50"
13.63109 , 43.32353 , "IT Radar fixe IT 50"
13.60026 , 42.85599 , "IT Radar fixe IT 50"
10.85325 , 44.67952 , "IT Radar fixe IT 50"
10.83592 , 43.79208 , "IT Radar fixe IT 50"
13.80033 , 42.79793 , "IT Radar fixe IT 50"
10.23477 , 44.56995 , "IT Radar fixe IT 50"
13.69464 , 43.29716 , "IT Radar fixe IT 50"
13.50381 , 43.19147 , "IT Radar fixe IT 50"
10.39752 , 45.50005 , "IT Radar fixe IT 50"
11.21745 , 43.73254 , "IT Radar fixe IT 50"
12.10011 , 45.89401 , "IT Radar fixe IT 50"
9.7586 , 45.60046 , "IT Radar fixe IT 50"
13.72143 , 43.2738 , "IT Radar fixe IT 50"
13.7304 , 43.2193 , "IT Radar fixe IT 50"
10.44063 , 45.58084 , "IT Radar fixe IT 50"
11.14096 , 43.82713 , "IT Radar fixe IT 50"
13.40906 , 43.40505 , "IT Radar fixe IT 50"
10.56303 , 45.25986 , "IT Radar fixe IT 50"
13.90533 , 42.63553 , "IT Radar fixe IT 50"
10.53389 , 45.45512 , "IT Radar fixe IT 50"
11.31587 , 43.75303 , "IT Radar fixe IT 50"
11.90005 , 45.48177 , "IT Radar fixe IT 50"
10.65949 , 45.45316 , "IT Radar fixe IT 50"
11.88828 , 43.5113 , "IT Radar fixe IT 50"
10.53426 , 45.82357 , "IT Radar fixe IT 50"
11.22171 , 43.81887 , "IT Radar fixe IT 50"
11.33674 , 43.97816 , "IT Radar fixe IT 50"
10.93886 , 45.36529 , "IT Radar fixe IT 50"
11.72101 , 43.79053 , "IT Radar fixe IT 50"
12.79144 , 41.95382 , "IT Radar fixe IT 50"
11.39919 , 43.78597 , "IT Radar fixe IT 50"
10.29232 , 44.35604 , "IT Radar fixe IT 50"
10.50988 , 45.56689 , "IT Radar fixe IT 50"
12.86639 , 43.88211 , "IT Radar fixe IT 50"
12.85066 , 42.41565 , "IT Radar fixe IT 50"
7.60743 , 45.11546 , "IT Radar fixe IT 50"
10.52702 , 45.82125 , "IT Radar fixe IT 50"
11.39381 , 45.58293 , "IT Radar fixe IT 50"
11.68333 , 44.42921 , "IT Radar fixe IT 50"
12.83835 , 42.74174 , "IT Radar fixe IT 50"
9.76778 , 44.19639 , "IT Radar fixe IT 50"
13.05707 , 43.67866 , "IT Radar fixe IT 50"
12.54564 , 41.94374 , "IT Radar fixe IT 50"
12.34477 , 45.38109 , "IT Radar fixe IT 50"
12.18258 , 43.00902 , "IT Radar fixe IT 50"
9.12803 , 45.45921 , "IT Radar fixe IT 50"
9.13024 , 39.23657 , "IT Radar fixe IT 50"
12.65003 , 42.54878 , "IT Radar fixe IT 50"
12.09275 , 46.06495 , "IT Radar fixe IT 50"
12.97758 , 43.17988 , "IT Radar fixe IT 50"
9.43204 , 46.16763 , "IT Radar fixe IT 50"
10.49622 , 43.39793 , "IT Radar fixe IT 50"
12.88243 , 42.40602 , "IT Radar fixe IT 50"
12.27565 , 45.90986 , "IT Radar fixe IT 50"
13.24256 , 43.16572 , "IT Radar fixe IT 50"
9.96549 , 44.22825 , "IT Radar fixe IT 50"
11.3145 , 43.53636 , "IT Radar fixe IT 50"
12.44879 , 42.64844 , "IT Radar fixe IT 50"
10.37748 , 43.57031 , "IT Radar fixe IT 50"
13.42792 , 43.2501 , "IT Radar fixe IT 50"
13.37488 , 43.16648 , "IT Radar fixe IT 50"
10.29005 , 44.68582 , "IT Radar fixe IT 50"
11.59371 , 43.55455 , "IT Radar fixe IT 50"
12.66304 , 42.56723 , "IT Radar fixe IT 50"
10.761 , 43.69061 , "IT Radar fixe IT 50"
13.336 , 43.28285 , "IT Radar fixe IT 50"
14.13334 , 41.09172 , "IT Radar fixe IT 50"
10.20106 , 45.54856 , "IT Radar fixe IT 50"
10.68363 , 43.66165 , "IT Radar fixe IT 50"
12.55418 , 43.03071 , "IT Radar fixe IT 50"
11.02349 , 43.83816 , "IT Radar fixe IT 50"
13.57428 , 43.42517 , "IT Radar fixe IT 50"
14.18366 , 41.40864 , "IT Radar fixe IT 50"
11.26091 , 44.05131 , "IT Radar fixe IT 50"
11.21548 , 43.67556 , "IT Radar fixe IT 50"
13.09122 , 41.45714 , "IT Radar fixe IT 50"
9.74643 , 45.59065 , "IT Radar fixe IT 50"
13.65292 , 43.2823 , "IT Radar fixe IT 50"
18.28883 , 40.20015 , "IT Radar fixe IT 50"
11.55048 , 44.11526 , "IT Radar fixe IT 50"
11.46644 , 43.62453 , "IT Radar fixe IT 50"
13.32134 , 41.63704 , "IT Radar fixe IT 50"
8.74464 , 45.66911 , "IT Radar fixe IT 50"
13.60899 , 43.39978 , "IT Radar fixe IT 50"
13.59598 , 42.86029 , "IT Radar fixe IT 50"
10.85521 , 44.49669 , "IT Radar fixe IT 50"
10.86371 , 43.82759 , "IT Radar fixe IT 50"
12.4272 , 43.18913 , "IT Radar fixe IT 50"
10.25539 , 44.6042 , "IT Radar fixe IT 50"
13.69915 , 43.29874 , "IT Radar fixe IT 50"
13.51702 , 43.21174 , "IT Radar fixe IT 50"
10.39702 , 45.50455 , "IT Radar fixe IT 50"
11.18192 , 43.74739 , "IT Radar fixe IT 50"
12.12544 , 45.89848 , "IT Radar fixe IT 50"
10.42383 , 45.60178 , "IT Radar fixe IT 50"
13.72263 , 43.27482 , "IT Radar fixe IT 50"
13.76025 , 42.80048 , "IT Radar fixe IT 50"
10.44056 , 45.58207 , "IT Radar fixe IT 50"
11.13044 , 43.82897 , "IT Radar fixe IT 50"
13.41841 , 43.40609 , "IT Radar fixe IT 50"
10.56637 , 45.26429 , "IT Radar fixe IT 50"
14.08244 , 41.42068 , "IT Radar fixe IT 50"
10.53308 , 45.45586 , "IT Radar fixe IT 50"
11.23971 , 43.75475 , "IT Radar fixe IT 50"
7.68703 , 45.04731 , "IT Radar fixe IT 50"
10.68649 , 45.42475 , "IT Radar fixe IT 50"
11.76551 , 43.52413 , "IT Radar fixe IT 50"
11.26036 , 46.51987 , "IT Radar fixe IT 50"
11.22179 , 43.81893 , "IT Radar fixe IT 50"
11.47416 , 43.80919 , "IT Radar fixe IT 50"
10.94061 , 45.36845 , "IT Radar fixe IT 50"
11.8802 , 43.79353 , "IT Radar fixe IT 50"
13.05201 , 41.95704 , "IT Radar fixe IT 50"
11.41457 , 43.72873 , "IT Radar fixe IT 50"
11.34765 , 43.98668 , "IT Radar fixe IT 50"
10.51162 , 45.57 , "IT Radar fixe IT 50"
12.87742 , 43.91067 , "IT Radar fixe IT 50"
13.08098 , 42.41567 , "IT Radar fixe IT 50"
7.64023 , 45.12468 , "IT Radar fixe IT 50"
10.53083 , 45.82562 , "IT Radar fixe IT 50"
11.39634 , 45.58361 , "IT Radar fixe IT 50"
11.75378 , 44.33777 , "IT Radar fixe IT 50"
12.8485 , 42.417 , "IT Radar fixe IT 50"
9.84245 , 44.20066 , "IT Radar fixe IT 50"
13.13033 , 43.62487 , "IT Radar fixe IT 50"
12.5395 , 41.94377 , "IT Radar fixe IT 50"
12.4121 , 43.988 , "IT Radar fixe IT 50"
12.18414 , 43.00935 , "IT Radar fixe IT 50"
9.13669 , 45.15859 , "IT Radar fixe IT 50"
9.1878 , 39.25854 , "IT Radar fixe IT 50"
12.65137 , 42.54969 , "IT Radar fixe IT 50"
12.12498 , 46.07176 , "IT Radar fixe IT 50"
12.98127 , 43.17959 , "IT Radar fixe IT 50"
9.69885 , 45.21651 , "IT Radar fixe IT 50"
11.29819 , 43.4215 , "IT Radar fixe IT 50"
12.94244 , 42.35581 , "IT Radar fixe IT 50"
12.28591 , 45.48489 , "IT Radar fixe IT 50"
13.24332 , 43.16685 , "IT Radar fixe IT 50"
10.12519 , 44.23674 , "IT Radar fixe IT 50"
11.31686 , 43.57757 , "IT Radar fixe IT 50"
12.45124 , 42.64848 , "IT Radar fixe IT 50"
10.38034 , 43.56811 , "IT Radar fixe IT 50"
13.49079 , 43.26424 , "IT Radar fixe IT 50"
13.37597 , 43.1379 , "IT Radar fixe IT 50"
10.37357 , 45.07829 , "IT Radar fixe IT 50"
11.61123 , 43.56781 , "IT Radar fixe IT 50"
12.523 , 42.64696 , "IT Radar fixe IT 50"
11.04641 , 43.64436 , "IT Radar fixe IT 50"
13.36281 , 43.28554 , "IT Radar fixe IT 50"
13.89182 , 41.10571 , "IT Radar fixe IT 50"
10.19737 , 45.54884 , "IT Radar fixe IT 50"
10.70658 , 43.66702 , "IT Radar fixe IT 50"
12.55704 , 43.03712 , "IT Radar fixe IT 50"
11.24892 , 43.78353 , "IT Radar fixe IT 50"
13.55554 , 43.44582 , "IT Radar fixe IT 50"
15.25766 , 37.82033 , "IT Radar fixe IT 50"
11.2836 , 44.10931 , "IT Radar fixe IT 50"
11.23455 , 43.69179 , "IT Radar fixe IT 50"
13.13855 , 41.38076 , "IT Radar fixe IT 50"
9.75613 , 45.59718 , "IT Radar fixe IT 50"
13.63413 , 43.28258 , "IT Radar fixe IT 50"
18.30803 , 40.20147 , "IT Radar fixe IT 50"
11.57618 , 43.92399 , "IT Radar fixe IT 50"
11.47731 , 43.61962 , "IT Radar fixe IT 50"
13.31877 , 41.6381 , "IT Radar fixe IT 50"
8.75104 , 45.66806 , "IT Radar fixe IT 50"
13.60893 , 43.40242 , "IT Radar fixe IT 50"
13.49276 , 43.05471 , "IT Radar fixe IT 50"
10.85815 , 44.50361 , "IT Radar fixe IT 50"
10.88755 , 43.74874 , "IT Radar fixe IT 50"
13.31907 , 43.26479 , "IT Radar fixe IT 50"
10.25594 , 44.60568 , "IT Radar fixe IT 50"
13.70754 , 43.26107 , "IT Radar fixe IT 50"
13.67815 , 43.2177 , "IT Radar fixe IT 50"
10.44677 , 45.50612 , "IT Radar fixe IT 50"
11.15106 , 43.76671 , "IT Radar fixe IT 50"
12.13406 , 45.68971 , "IT Radar fixe IT 50"
10.4219 , 45.60276 , "IT Radar fixe IT 50"
13.73657 , 43.22906 , "IT Radar fixe IT 50"
13.76711 , 42.79111 , "IT Radar fixe IT 50"
10.44279 , 45.58731 , "IT Radar fixe IT 50"
11.14998 , 43.83033 , "IT Radar fixe IT 50"
13.43882 , 43.40731 , "IT Radar fixe IT 50"
10.56694 , 45.26597 , "IT Radar fixe IT 50"
14.16667 , 42.43726 , "IT Radar fixe IT 50"
10.53249 , 45.45744 , "IT Radar fixe IT 50"
11.24457 , 43.75543 , "IT Radar fixe IT 50"
15.7978 , 40.64025 , "IT Radar fixe IT 50"
10.72065 , 45.43837 , "IT Radar fixe IT 50"
12.09389 , 43.53583 , "IT Radar fixe IT 50"
11.22849 , 46.55277 , "IT Radar fixe IT 50"
11.28596 , 43.82548 , "IT Radar fixe IT 50"
11.51185 , 43.90055 , "IT Radar fixe IT 50"
10.9423 , 45.34587 , "IT Radar fixe IT 50"
12.19581 , 43.7173 , "IT Radar fixe IT 50"
12.82106 , 41.95849 , "IT Radar fixe IT 50"
11.4224 , 43.7728 , "IT Radar fixe IT 50"
11.3597 , 43.9849 , "IT Radar fixe IT 50"
10.50987 , 45.57035 , "IT Radar fixe IT 50"
12.88485 , 43.90649 , "IT Radar fixe IT 50"
12.85305 , 42.4163 , "IT Radar fixe IT 50"
8.2311 , 44.11412 , "IT Radar fixe IT 50"
12.84862 , 42.404 , "IT Radar fixe IT 50"
11.3981 , 45.58456 , "IT Radar fixe IT 50"
11.7606 , 44.33515 , "IT Radar fixe IT 50"
12.85616 , 42.42675 , "IT Radar fixe IT 50"
9.85633 , 44.17123 , "IT Radar fixe IT 50"
11.99932 , 46.03717 , "IT Radar fixe IT 50"
12.5439 , 41.9439 , "IT Radar fixe IT 50"
12.4301 , 43.9809 , "IT Radar fixe IT 50"
12.18609 , 43.00979 , "IT Radar fixe IT 50"
9.13963 , 45.51911 , "IT Radar fixe IT 50"
8.49144 , 39.29285 , "IT Radar fixe IT 50"
12.66973 , 42.55312 , "IT Radar fixe IT 50"
12.14268 , 46.06689 , "IT Radar fixe IT 50"
12.98324 , 43.17948 , "IT Radar fixe IT 50"
9.71676 , 45.68514 , "IT Radar fixe IT 50"
11.09342 , 43.42286 , "IT Radar fixe IT 50"
12.94694 , 42.35626 , "IT Radar fixe IT 50"
12.32503 , 45.50254 , "IT Radar fixe IT 50"
13.24371 , 43.16711 , "IT Radar fixe IT 50"
10.17206 , 44.24791 , "IT Radar fixe IT 50"
11.46245 , 43.53313 , "IT Radar fixe IT 50"
12.46219 , 42.76679 , "IT Radar fixe IT 50"
10.42627 , 43.56942 , "IT Radar fixe IT 50"
13.49244 , 43.26304 , "IT Radar fixe IT 50"
13.37797 , 43.14664 , "IT Radar fixe IT 50"
10.37346 , 45.07979 , "IT Radar fixe IT 50"
11.61377 , 43.56936 , "IT Radar fixe IT 50"
12.51636 , 42.65025 , "IT Radar fixe IT 50"
11.12114 , 43.68003 , "IT Radar fixe IT 50"
13.4764 , 43.35461 , "IT Radar fixe IT 50"
13.88591 , 41.11067 , "IT Radar fixe IT 50"
10.19988 , 45.54885 , "IT Radar fixe IT 50"
10.73096 , 43.67537 , "IT Radar fixe IT 50"
12.55921 , 43.03923 , "IT Radar fixe IT 50"
11.37875 , 43.78745 , "IT Radar fixe IT 50"
13.5585 , 43.44606 , "IT Radar fixe IT 50"
15.25455 , 37.82074 , "IT Radar fixe IT 50"
11.28493 , 44.11132 , "IT Radar fixe IT 50"
11.25146 , 43.65873 , "IT Radar fixe IT 50"
13.14164 , 41.38299 , "IT Radar fixe IT 50"
9.75696 , 45.59736 , "IT Radar fixe IT 50"
13.64948 , 43.28283 , "IT Radar fixe IT 50"
18.31022 , 40.20172 , "IT Radar fixe IT 50"
11.5994 , 44.06507 , "IT Radar fixe IT 50"
11.48947 , 43.60266 , "IT Radar fixe IT 50"
13.31572 , 41.63983 , "IT Radar fixe IT 50"
8.755 , 45.67118 , "IT Radar fixe IT 50"
13.60103 , 43.43334 , "IT Radar fixe IT 50"
13.49657 , 43.07913 , "IT Radar fixe IT 50"
10.85824 , 44.51886 , "IT Radar fixe IT 50"
10.93449 , 43.74209 , "IT Radar fixe IT 50"
13.05597 , 43.64324 , "IT Radar fixe IT 50"
10.26263 , 44.61326 , "IT Radar fixe IT 50"
13.70931 , 43.30827 , "IT Radar fixe IT 50"
13.46197 , 43.21944 , "IT Radar fixe IT 50"
10.44127 , 45.50691 , "IT Radar fixe IT 50"
11.19981 , 43.7726 , "IT Radar fixe IT 50"
12.14655 , 45.68156 , "IT Radar fixe IT 50"
10.41885 , 45.60387 , "IT Radar fixe IT 50"
13.7394 , 43.23074 , "IT Radar fixe IT 50"
13.76722 , 42.78551 , "IT Radar fixe IT 50"
10.44266 , 45.58862 , "IT Radar fixe IT 50"
11.19042 , 43.83171 , "IT Radar fixe IT 50"
13.46434 , 43.40767 , "IT Radar fixe IT 50"
10.46646 , 45.37556 , "IT Radar fixe IT 50"
14.17642 , 42.44506 , "IT Radar fixe IT 50"
11.49708 , 45.47133 , "IT Radar fixe IT 50"
11.25705 , 43.75694 , "IT Radar fixe IT 50"
11.10948 , 43.50219 , "IT Radar fixe IT 50"
10.72733 , 45.43794 , "IT Radar fixe IT 50"
12.05879 , 43.5427 , "IT Radar fixe IT 50"
11.18438 , 46.66083 , "IT Radar fixe IT 50"
11.29088 , 43.84621 , "IT Radar fixe IT 50"
11.35974 , 43.98489 , "IT Radar fixe IT 50"
10.9482 , 45.32604 , "IT Radar fixe IT 50"
12.19944 , 43.76577 , "IT Radar fixe IT 50"
13.03275 , 41.97941 , "IT Radar fixe IT 50"
11.42387 , 43.77252 , "IT Radar fixe IT 50"
10.35218 , 45.08168 , "IT Radar fixe IT 50"
10.51533 , 45.57734 , "IT Radar fixe IT 50"
12.89621 , 43.89753 , "IT Radar fixe IT 50"
12.26184 , 42.5966 , "IT Radar fixe IT 50"
8.28329 , 44.15561 , "IT Radar fixe IT 50"
12.88255 , 42.40599 , "IT Radar fixe IT 50"
11.41237 , 45.58499 , "IT Radar fixe IT 50"
11.7729 , 44.88022 , "IT Radar fixe IT 50"
12.85623 , 42.42658 , "IT Radar fixe IT 50"
9.85954 , 44.19366 , "IT Radar fixe IT 50"
13.35736 , 43.28823 , "IT Radar fixe IT 50"
12.53236 , 41.96897 , "IT Radar fixe IT 50"
12.45056 , 43.97667 , "IT Radar fixe IT 50"
12.18777 , 43.01016 , "IT Radar fixe IT 50"
9.14179 , 45.51942 , "IT Radar fixe IT 50"
8.4946 , 39.29425 , "IT Radar fixe IT 50"
12.68222 , 42.55309 , "IT Radar fixe IT 50"
12.17438 , 45.47504 , "IT Radar fixe IT 50"
12.98584 , 43.17495 , "IT Radar fixe IT 50"
10.01288 , 44.06338 , "IT Radar fixe IT 50"
11.13743 , 43.42699 , "IT Radar fixe IT 50"
12.95057 , 42.35553 , "IT Radar fixe IT 50"
12.35391 , 45.70401 , "IT Radar fixe IT 50"
13.25052 , 43.17286 , "IT Radar fixe IT 50"
10.17057 , 44.24797 , "IT Radar fixe IT 50"
11.48292 , 43.56901 , "IT Radar fixe IT 50"
12.41814 , 43.08024 , "IT Radar fixe IT 50"
10.42969 , 43.57156 , "IT Radar fixe IT 50"
13.49768 , 43.25038 , "IT Radar fixe IT 50"
13.37811 , 43.14479 , "IT Radar fixe IT 50"
10.37284 , 45.0817 , "IT Radar fixe IT 50"
10.40485 , 43.61836 , "IT Radar fixe IT 50"
12.49011 , 42.65064 , "IT Radar fixe IT 50"
11.16755 , 43.64541 , "IT Radar fixe IT 50"
13.4833 , 43.3565 , "IT Radar fixe IT 50"
13.8715 , 41.1215 , "IT Radar fixe IT 50"
10.15583 , 45.59417 , "IT Radar fixe IT 50"
10.86935 , 43.62038 , "IT Radar fixe IT 50"
12.58181 , 43.02918 , "IT Radar fixe IT 50"
11.38971 , 43.79803 , "IT Radar fixe IT 50"
13.55831 , 43.45861 , "IT Radar fixe IT 50"
15.24999 , 37.83076 , "IT Radar fixe IT 50"
11.33417 , 44.16479 , "IT Radar fixe IT 50"
11.25876 , 43.65295 , "IT Radar fixe IT 50"
13.32329 , 41.63629 , "IT Radar fixe IT 50"
9.75706 , 45.6144 , "IT Radar fixe IT 50"
13.65195 , 43.28338 , "IT Radar fixe IT 50"
18.30647 , 40.20192 , "IT Radar fixe IT 50"
11.61968 , 44.08092 , "IT Radar fixe IT 50"
11.50412 , 43.58668 , "IT Radar fixe IT 50"
13.33346 , 41.648 , "IT Radar fixe IT 50"
9.32176 , 45.61557 , "IT Radar fixe IT 50"
13.61179 , 43.43633 , "IT Radar fixe IT 50"
13.47111 , 43.12778 , "IT Radar fixe IT 50"
10.85917 , 45.43209 , "IT Radar fixe IT 50"
10.94296 , 43.7535 , "IT Radar fixe IT 50"
13.09347 , 43.6537 , "IT Radar fixe IT 50"
10.26717 , 44.61838 , "IT Radar fixe IT 50"
13.70955 , 43.33636 , "IT Radar fixe IT 50"
13.46293 , 43.2197 , "IT Radar fixe IT 50"
10.43674 , 45.50777 , "IT Radar fixe IT 50"
11.2102 , 43.77288 , "IT Radar fixe IT 50"
12.15377 , 45.91004 , "IT Radar fixe IT 50"
10.38438 , 45.60798 , "IT Radar fixe IT 50"
12.08544 , 46.06226 , "IT Radar fixe IT 50"
13.7953 , 42.88267 , "IT Radar fixe IT 50"
10.443 , 45.58987 , "IT Radar fixe IT 50"
11.20837 , 43.83367 , "IT Radar fixe IT 50"
13.46126 , 43.40905 , "IT Radar fixe IT 50"
10.52864 , 45.37582 , "IT Radar fixe IT 50"
14.19317 , 41.4333 , "IT Radar fixe IT 50"
10.55466 , 45.54731 , "IT Radar fixe IT 50"
11.27811 , 43.76256 , "IT Radar fixe IT 50"
10.8896 , 43.57451 , "IT Radar fixe IT 50"
10.75999 , 45.43333 , "IT Radar fixe IT 50"
11.86586 , 43.56547 , "IT Radar fixe IT 50"
11.11707 , 46.67683 , "IT Radar fixe IT 50"
11.291 , 43.87216 , "IT Radar fixe IT 50"
7.78652 , 44.97486 , "IT Radar fixe IT 50"
10.9573 , 45.3514 , "IT Radar fixe IT 50"
12.20407 , 43.77711 , "IT Radar fixe IT 50"
13.06135 , 42.08327 , "IT Radar fixe IT 50"
11.42544 , 43.7763 , "IT Radar fixe IT 50"
10.35424 , 45.08163 , "IT Radar fixe IT 50"
10.51509 , 45.57866 , "IT Radar fixe IT 50"
12.9298 , 43.90379 , "IT Radar fixe IT 50"
12.33708 , 42.91505 , "IT Radar fixe IT 50"
8.30855 , 44.15756 , "IT Radar fixe IT 50"
12.51623 , 42.52431 , "IT Radar fixe IT 50"
11.40867 , 45.58502 , "IT Radar fixe IT 50"
11.77582 , 44.88148 , "IT Radar fixe IT 50"
12.85636 , 42.4218 , "IT Radar fixe IT 50"
9.86285 , 44.16281 , "IT Radar fixe IT 50"
13.35799 , 43.28877 , "IT Radar fixe IT 50"
12.53366 , 41.96934 , "IT Radar fixe IT 50"
12.51764 , 43.98958 , "IT Radar fixe IT 50"
12.18947 , 43.01112 , "IT Radar fixe IT 50"
9.15279 , 45.95673 , "IT Radar fixe IT 50"
8.98643 , 39.68188 , "IT Radar fixe IT 50"
12.77814 , 42.49969 , "IT Radar fixe IT 50"
12.21611 , 45.74455 , "IT Radar fixe IT 50"
13.04382 , 43.08393 , "IT Radar fixe IT 50"
9.9723 , 44.06391 , "IT Radar fixe IT 50"
11.24995 , 43.4877 , "IT Radar fixe IT 50"
13.08142 , 42.41672 , "IT Radar fixe IT 50"
12.39537 , 45.7285 , "IT Radar fixe IT 50"
13.25074 , 43.17346 , "IT Radar fixe IT 50"
9.94929 , 44.2846 , "IT Radar fixe IT 50"
11.49362 , 43.57359 , "IT Radar fixe IT 50"
12.42077 , 43.08173 , "IT Radar fixe IT 50"
10.44102 , 43.57503 , "IT Radar fixe IT 50"
13.50065 , 43.25079 , "IT Radar fixe IT 50"
13.37849 , 43.14332 , "IT Radar fixe IT 50"
10.37228 , 45.15076 , "IT Radar fixe IT 50"
10.40764 , 43.61949 , "IT Radar fixe IT 50"
12.49118 , 42.65252 , "IT Radar fixe IT 50"
11.18794 , 43.65201 , "IT Radar fixe IT 50"
13.55325 , 43.39614 , "IT Radar fixe IT 50"
14.24117 , 41.13592 , "IT Radar fixe IT 50"
10.15556 , 45.595 , "IT Radar fixe IT 50"
10.94527 , 43.63128 , "IT Radar fixe IT 50"
12.58308 , 43.03256 , "IT Radar fixe IT 50"
11.55982 , 43.86543 , "IT Radar fixe IT 50"
13.53699 , 43.4597 , "IT Radar fixe IT 50"
15.24604 , 37.83315 , "IT Radar fixe IT 50"
11.33505 , 44.01631 , "IT Radar fixe IT 50"
11.25969 , 43.68382 , "IT Radar fixe IT 50"
13.32628 , 41.63566 , "IT Radar fixe IT 50"
9.75792 , 45.59893 , "IT Radar fixe IT 50"
13.63691 , 43.28348 , "IT Radar fixe IT 50"
18.31057 , 40.20352 , "IT Radar fixe IT 50"
10.37363 , 45.0772 , "IT Radar fixe IT 50"
11.53338 , 43.62495 , "IT Radar fixe IT 50"
13.33408 , 41.64916 , "IT Radar fixe IT 50"
9.32249 , 45.61711 , "IT Radar fixe IT 50"
13.60389 , 43.43639 , "IT Radar fixe IT 50"
13.47465 , 43.14361 , "IT Radar fixe IT 50"
10.92394 , 44.59515 , "IT Radar fixe IT 50"
11.0281 , 43.80548 , "IT Radar fixe IT 50"
11.99963 , 45.55564 , "IT Radar fixe IT 50"
10.18755 , 45.43246 , "IT Radar fixe IT 50"
13.71261 , 43.30816 , "IT Radar fixe IT 50"
13.46706 , 43.22109 , "IT Radar fixe IT 50"
10.50949 , 45.50781 , "IT Radar fixe IT 50"
11.20172 , 43.78246 , "IT Radar fixe IT 50"
12.16387 , 45.67483 , "IT Radar fixe IT 50"
9.93142 , 45.6307 , "IT Radar fixe IT 50"
13.7993 , 42.88394 , "IT Radar fixe IT 50"
10.44285 , 45.59143 , "IT Radar fixe IT 50"
11.18282 , 43.83625 , "IT Radar fixe IT 50"
13.43296 , 43.40949 , "IT Radar fixe IT 50"
10.50424 , 45.37929 , "IT Radar fixe IT 50"
14.58204 , 42.21424 , "IT Radar fixe IT 50"
11.42446 , 45.56289 , "IT Radar fixe IT 50"
11.29144 , 43.76303 , "IT Radar fixe IT 50"
10.89077 , 43.57364 , "IT Radar fixe IT 50"
10.76884 , 45.46197 , "IT Radar fixe IT 50"
11.87124 , 43.57275 , "IT Radar fixe IT 50"
11.12936 , 46.6793 , "IT Radar fixe IT 50"
11.33403 , 43.76186 , "IT Radar fixe IT 50"
7.79935 , 44.96761 , "IT Radar fixe IT 50"
10.99931 , 45.27629 , "IT Radar fixe IT 50"
12.24422 , 43.81731 , "IT Radar fixe IT 50"
13.06392 , 42.08619 , "IT Radar fixe IT 50"
11.44418 , 43.74408 , "IT Radar fixe IT 50"
10.35694 , 45.08126 , "IT Radar fixe IT 50"
10.44537 , 45.58579 , "IT Radar fixe IT 50"
12.93028 , 43.88778 , "IT Radar fixe IT 50"
12.40683 , 42.80875 , "IT Radar fixe IT 50"
8.33278 , 44.33691 , "IT Radar fixe IT 50"
12.51712 , 42.52314 , "IT Radar fixe IT 50"
11.67984 , 45.8792 , "IT Radar fixe IT 50"
11.77885 , 44.32786 , "IT Radar fixe IT 50"
12.85641 , 42.41943 , "IT Radar fixe IT 50"
9.86439 , 44.18185 , "IT Radar fixe IT 50"
13.36238 , 43.29086 , "IT Radar fixe IT 50"
12.53521 , 41.97019 , "IT Radar fixe IT 50"
12.53684 , 43.99308 , "IT Radar fixe IT 50"
12.19304 , 43.01509 , "IT Radar fixe IT 50"
9.15649 , 45.5221 , "IT Radar fixe IT 50"
8.63549 , 39.71419 , "IT Radar fixe IT 50"
12.78395 , 42.49891 , "IT Radar fixe IT 50"
12.21798 , 45.78113 , "IT Radar fixe IT 50"
13.05116 , 43.20845 , "IT Radar fixe IT 50"
9.96443 , 44.07115 , "IT Radar fixe IT 50"
11.10433 , 43.49363 , "IT Radar fixe IT 50"
12.19741 , 43.01845 , "IT Radar fixe IT 50"
13.2157 , 43.24014 , "IT Radar fixe IT 50"
13.25113 , 43.17426 , "IT Radar fixe IT 50"
9.94878 , 44.28958 , "IT Radar fixe IT 50"
11.50018 , 43.55654 , "IT Radar fixe IT 50"
12.42356 , 43.08366 , "IT Radar fixe IT 50"
10.44705 , 43.57525 , "IT Radar fixe IT 50"
13.50176 , 43.27567 , "IT Radar fixe IT 50"
13.37911 , 43.14164 , "IT Radar fixe IT 50"
10.17184 , 45.458 , "IT Radar fixe IT 50"
10.41329 , 43.59801 , "IT Radar fixe IT 50"
12.49593 , 42.65543 , "IT Radar fixe IT 50"
11.18943 , 43.68622 , "IT Radar fixe IT 50"
13.55484 , 43.39689 , "IT Radar fixe IT 50"
14.27805 , 41.14444 , "IT Radar fixe IT 50"
10.15528 , 45.59639 , "IT Radar fixe IT 50"
11.02564 , 43.63789 , "IT Radar fixe IT 50"
12.58378 , 43.03435 , "IT Radar fixe IT 50"
11.61948 , 44.08088 , "IT Radar fixe IT 50"
13.57944 , 43.46254 , "IT Radar fixe IT 50"
15.23976 , 37.83715 , "IT Radar fixe IT 50"
11.35686 , 43.89646 , "IT Radar fixe IT 50"
11.28178 , 43.62515 , "IT Radar fixe IT 50"
13.35767 , 41.63378 , "IT Radar fixe IT 50"
8.28115 , 45.62326 , "IT Radar fixe IT 50"
13.65101 , 43.28461 , "IT Radar fixe IT 50"
18.29626 , 40.20393 , "IT Radar fixe IT 50"
10.374 , 45.07511 , "IT Radar fixe IT 50"
11.54224 , 43.60851 , "IT Radar fixe IT 50"
13.32085 , 41.65397 , "IT Radar fixe IT 50"
9.75756 , 45.61747 , "IT Radar fixe IT 50"
13.59845 , 43.44439 , "IT Radar fixe IT 50"
13.61919 , 43.14658 , "IT Radar fixe IT 50"
10.98991 , 45.43011 , "IT Radar fixe IT 50"
11.05948 , 43.76099 , "IT Radar fixe IT 50"
12.00476 , 45.5607 , "IT Radar fixe IT 50"
10.18798 , 45.43258 , "IT Radar fixe IT 50"
13.7132 , 43.29737 , "IT Radar fixe IT 50"
13.46892 , 43.22148 , "IT Radar fixe IT 50"
10.39667 , 45.50847 , "IT Radar fixe IT 50"
11.16174 , 43.79338 , "IT Radar fixe IT 50"
12.17719 , 45.6741 , "IT Radar fixe IT 50"
9.93192 , 45.63256 , "IT Radar fixe IT 50"
13.80183 , 42.79852 , "IT Radar fixe IT 50"
10.44311 , 45.59209 , "IT Radar fixe IT 50"
11.13043 , 43.8381 , "IT Radar fixe IT 50"
13.43407 , 43.40954 , "IT Radar fixe IT 50"
10.47751 , 45.38656 , "IT Radar fixe IT 50"
11.85818 , 43.3873 , "IT Radar fixe IT 50"
10.53342 , 45.56606 , "IT Radar fixe IT 50"
11.24116 , 43.76352 , "IT Radar fixe IT 50"
10.61537 , 43.67548 , "IT Radar fixe IT 50"
10.78702 , 45.4628 , "IT Radar fixe IT 50"
11.8154 , 43.61997 , "IT Radar fixe IT 50"
11.13044 , 46.67948 , "IT Radar fixe IT 50"
11.33468 , 43.76237 , "IT Radar fixe IT 50"
7.80299 , 44.97123 , "IT Radar fixe IT 50"
11.00067 , 45.27797 , "IT Radar fixe IT 50"
12.2491 , 43.82476 , "IT Radar fixe IT 50"
13.06577 , 42.08845 , "IT Radar fixe IT 50"
11.44729 , 43.77978 , "IT Radar fixe IT 50"
10.36094 , 45.08088 , "IT Radar fixe IT 50"
10.42669 , 45.60109 , "IT Radar fixe IT 50"
12.93487 , 43.90139 , "IT Radar fixe IT 50"
12.43032 , 42.77299 , "IT Radar fixe IT 50"
8.80158 , 45.09109 , "IT Radar fixe IT 50"
12.51786 , 42.52224 , "IT Radar fixe IT 50"
11.16523 , 46.60752 , "IT Radar fixe IT 50"
12.02194 , 45.34102 , "IT Radar fixe IT 50"
12.8649 , 42.41921 , "IT Radar fixe IT 50"
9.88 , 44.1625 , "IT Radar fixe IT 50"
13.38834 , 43.48555 , "IT Radar fixe IT 50"
12.53587 , 41.97072 , "IT Radar fixe IT 50"
12.79041 , 43.94887 , "IT Radar fixe IT 50"
12.19552 , 43.01702 , "IT Radar fixe IT 50"
9.15675 , 45.52223 , "IT Radar fixe IT 50"
11.42577 , 42.96421 , "IT Radar fixe IT 50"
12.8479 , 42.40328 , "IT Radar fixe IT 50"
12.23519 , 45.89801 , "IT Radar fixe IT 50"
13.05234 , 43.20816 , "IT Radar fixe IT 50"
10.09514 , 44.0744 , "IT Radar fixe IT 50"
11.5636 , 43.50813 , "IT Radar fixe IT 50"
12.31816 , 42.95482 , "IT Radar fixe IT 50"
13.21874 , 43.24124 , "IT Radar fixe IT 50"
13.2516 , 43.175 , "IT Radar fixe IT 50"
9.94877 , 44.29936 , "IT Radar fixe IT 50"
11.51975 , 43.58146 , "IT Radar fixe IT 50"
12.42568 , 43.08536 , "IT Radar fixe IT 50"
10.88081 , 43.57785 , "IT Radar fixe IT 50"
13.50315 , 43.23764 , "IT Radar fixe IT 50"
13.39123 , 43.20882 , "IT Radar fixe IT 50"
10.19142 , 45.45852 , "IT Radar fixe IT 50"
10.524 , 43.69274 , "IT Radar fixe IT 50"
12.51139 , 42.6601 , "IT Radar fixe IT 50"
11.21246 , 43.70354 , "IT Radar fixe IT 50"
11.44983 , 43.70441 , "IT Radar fixe IT 50"
13.55909 , 43.39722 , "IT Radar fixe IT 50"
14.34253 , 41.1676 , "IT Radar fixe IT 50"
10.15556 , 45.5975 , "IT Radar fixe IT 50"
11.06113 , 43.64583 , "IT Radar fixe IT 50"
12.67812 , 42.83597 , "IT Radar fixe IT 50"
11.76099 , 44.335 , "IT Radar fixe IT 50"
13.56132 , 43.46443 , "IT Radar fixe IT 50"
15.30495 , 37.88023 , "IT Radar fixe IT 50"
11.36612 , 43.95893 , "IT Radar fixe IT 50"
11.29255 , 43.66768 , "IT Radar fixe IT 50"
13.35886 , 41.63277 , "IT Radar fixe IT 50"
8.28216 , 45.62208 , "IT Radar fixe IT 50"
13.65056 , 43.28548 , "IT Radar fixe IT 50"
18.29669 , 40.20415 , "IT Radar fixe IT 50"
10.37441 , 45.07305 , "IT Radar fixe IT 50"
8.06637 , 43.89093 , "IT Radar fixe IT 50"
13.22419 , 43.14064 , "IT Radar fixe IT 50"
9.32356 , 45.61823 , "IT Radar fixe IT 50"
13.60583 , 43.44637 , "IT Radar fixe IT 50"
13.63394 , 43.15842 , "IT Radar fixe IT 50"
11.08414 , 44.44222 , "IT Radar fixe IT 50"
11.06684 , 43.83801 , "IT Radar fixe IT 50"
12.05423 , 45.59179 , "IT Radar fixe IT 50"
10.19045 , 45.43269 , "IT Radar fixe IT 50"
13.71443 , 43.30274 , "IT Radar fixe IT 50"
13.47229 , 43.22239 , "IT Radar fixe IT 50"
10.51149 , 45.50931 , "IT Radar fixe IT 50"
11.14378 , 43.79343 , "IT Radar fixe IT 50"
12.17767 , 45.67176 , "IT Radar fixe IT 50"
9.93655 , 45.63339 , "IT Radar fixe IT 50"
13.81635 , 42.85326 , "IT Radar fixe IT 50"
10.4841 , 45.59732 , "IT Radar fixe IT 50"
11.15824 , 43.8642 , "IT Radar fixe IT 50"
13.43815 , 43.41106 , "IT Radar fixe IT 50"
10.47304 , 45.38894 , "IT Radar fixe IT 50"
11.86513 , 43.46616 , "IT Radar fixe IT 50"
10.52559 , 45.56655 , "IT Radar fixe IT 50"
11.24097 , 43.76388 , "IT Radar fixe IT 50"
10.86499 , 43.62277 , "IT Radar fixe IT 50"
11.75473 , 44.33744 , "IT Radar fixe IT 50"
11.83527 , 43.64392 , "IT Radar fixe IT 50"
13.37917 , 41.29983 , "IT Radar fixe IT 50"
11.33816 , 43.74593 , "IT Radar fixe IT 50"
8.6649 , 44.58211 , "IT Radar fixe IT 50"
11.05356 , 45.27464 , "IT Radar fixe IT 50"
12.43341 , 43.84576 , "IT Radar fixe IT 50"
13.08051 , 42.0967 , "IT Radar fixe IT 50"
11.45106 , 43.71534 , "IT Radar fixe IT 50"
10.42612 , 45.07066 , "IT Radar fixe IT 50"
10.53481 , 45.56697 , "IT Radar fixe IT 50"
12.9934 , 43.65968 , "IT Radar fixe IT 50"
12.43199 , 42.77215 , "IT Radar fixe IT 50"
8.8526 , 44.73187 , "IT Radar fixe IT 50"
12.52 , 42.52088 , "IT Radar fixe IT 50"
12.96022 , 41.38166 , "IT Radar fixe IT 50"
12.02685 , 45.43963 , "IT Radar fixe IT 50"
13.07716 , 42.93323 , "IT Radar fixe IT 50"
7.58973 , 45.80187 , "IT Radar fixe IT 50"
13.49785 , 43.52005 , "IT Radar fixe IT 50"
12.53613 , 41.97169 , "IT Radar fixe IT 50"
12.7969 , 43.9477 , "IT Radar fixe IT 50"
12.19758 , 43.01857 , "IT Radar fixe IT 50"
9.18091 , 45.96767 , "IT Radar fixe IT 50"
10.5356 , 42.96593 , "IT Radar fixe IT 50"
12.84834 , 42.41706 , "IT Radar fixe IT 50"
12.23521 , 45.66447 , "IT Radar fixe IT 50"
13.05444 , 43.20321 , "IT Radar fixe IT 50"
9.96175 , 44.07903 , "IT Radar fixe IT 50"
11.59372 , 43.5129 , "IT Radar fixe IT 50"
12.31832 , 42.94811 , "IT Radar fixe IT 50"
13.22192 , 43.243 , "IT Radar fixe IT 50"
13.27233 , 43.05378 , "IT Radar fixe IT 50"
9.90747 , 44.34939 , "IT Radar fixe IT 50"
11.53471 , 43.57988 , "IT Radar fixe IT 50"
12.40771 , 43.1011 , "IT Radar fixe IT 50"
10.94893 , 43.53388 , "IT Radar fixe IT 50"
13.50321 , 43.23962 , "IT Radar fixe IT 50"
15.06686 , 37.02761 , "IT Radar fixe IT 50"
10.19019 , 45.45875 , "IT Radar fixe IT 50"
10.52944 , 43.59139 , "IT Radar fixe IT 50"
12.50694 , 42.66088 , "IT Radar fixe IT 50"
12.50863 , 42.66464 , "IT Radar fixe IT 50"
11.45206 , 43.63926 , "IT Radar fixe IT 50"
13.55784 , 43.39736 , "IT Radar fixe IT 50"
14.05217 , 41.18302 , "IT Radar fixe IT 50"
10.20124 , 45.64873 , "IT Radar fixe IT 50"
11.10444 , 43.67261 , "IT Radar fixe IT 50"
12.67889 , 42.83512 , "IT Radar fixe IT 50"
7.80239 , 44.97043 , "IT Radar fixe IT 50"
13.52941 , 43.4682 , "IT Radar fixe IT 50"
15.30824 , 37.88275 , "IT Radar fixe IT 50"
11.38262 , 44.11812 , "IT Radar fixe IT 50"
11.30549 , 43.60568 , "IT Radar fixe IT 50"
13.3647 , 41.62865 , "IT Radar fixe IT 50"
8.28301 , 45.6206 , "IT Radar fixe IT 50"
13.64492 , 43.29064 , "IT Radar fixe IT 50"
18.30182 , 40.20513 , "IT Radar fixe IT 50"
10.41701 , 45.30659 , "IT Radar fixe IT 50"
10.50605 , 43.70558 , "IT Radar fixe IT 50"
13.41051 , 43.00698 , "IT Radar fixe IT 50"
9.33436 , 45.62437 , "IT Radar fixe IT 50"
13.68045 , 43.2571 , "IT Radar fixe IT 50"
13.47505 , 43.18336 , "IT Radar fixe IT 50"
11.10283 , 44.46688 , "IT Radar fixe IT 50"
11.07282 , 43.81237 , "IT Radar fixe IT 50"
12.05632 , 45.59175 , "IT Radar fixe IT 50"
10.19257 , 45.42117 , "IT Radar fixe IT 50"
13.71463 , 43.32367 , "IT Radar fixe IT 50"
13.46381 , 43.22315 , "IT Radar fixe IT 50"
10.50666 , 45.51191 , "IT Radar fixe IT 50"
11.21496 , 43.79799 , "IT Radar fixe IT 50"
12.34402 , 45.79901 , "IT Radar fixe IT 50"
10.09193 , 45.63355 , "IT Radar fixe IT 50"
13.81732 , 42.85414 , "IT Radar fixe IT 50"
10.48461 , 45.5976 , "IT Radar fixe IT 50"
11.18626 , 43.89645 , "IT Radar fixe IT 50"
13.44508 , 43.41388 , "IT Radar fixe IT 50"
10.49568 , 45.38948 , "IT Radar fixe IT 50"
11.83612 , 43.47574 , "IT Radar fixe IT 50"
10.53754 , 45.56899 , "IT Radar fixe IT 50"
11.31194 , 43.76495 , "IT Radar fixe IT 50"
11.00036 , 43.66586 , "IT Radar fixe IT 50"
11.61282 , 44.89156 , "IT Radar fixe IT 50"
11.8313 , 43.64879 , "IT Radar fixe IT 50"
13.2741 , 41.68224 , "IT Radar fixe IT 50"
11.34707 , 43.72917 , "IT Radar fixe IT 50"
9.7117 , 45.6876 , "IT Radar fixe IT 50"
11.05882 , 45.26628 , "IT Radar fixe IT 50"
12.47583 , 43.86133 , "IT Radar fixe IT 50"
13.08223 , 42.09807 , "IT Radar fixe IT 50"
11.51084 , 43.78702 , "IT Radar fixe IT 50"
10.80957 , 45.44937 , "IT Radar fixe IT 50"
11.10722 , 46.14417 , "IT Radar fixe IT 50"
12.99781 , 43.66117 , "IT Radar fixe IT 50"
12.43953 , 42.76353 , "IT Radar fixe IT 50"
8.85657 , 44.72475 , "IT Radar fixe IT 50"
13.04562 , 43.08093 , "IT Radar fixe IT 50"
12.93261 , 41.39939 , "IT Radar fixe IT 50"
12.02875 , 45.453 , "IT Radar fixe IT 50"
13.08001 , 42.93264 , "IT Radar fixe IT 50"
7.63912 , 45.1255 , "IT Radar fixe IT 50"
13.6112 , 43.4248 , "IT Radar fixe IT 50"
12.82023 , 42.21512 , "IT Radar fixe IT 50"
11.77623 , 45.6731 , "IT Radar fixe IT 50"
12.36514 , 43.0346 , "IT Radar fixe IT 50"
9.19583 , 45.97356 , "IT Radar fixe IT 50"
10.63661 , 43.0418 , "IT Radar fixe IT 50"
12.84935 , 42.41653 , "IT Radar fixe IT 50"
12.23699 , 45.91706 , "IT Radar fixe IT 50"
13.0565 , 43.20554 , "IT Radar fixe IT 50"
10.09891 , 44.08161 , "IT Radar fixe IT 50"
11.56492 , 43.51773 , "IT Radar fixe IT 50"
12.31835 , 42.95202 , "IT Radar fixe IT 50"
13.34852 , 43.26855 , "IT Radar fixe IT 50"
13.27275 , 43.05264 , "IT Radar fixe IT 50"
9.8999 , 44.35995 , "IT Radar fixe IT 50"
11.55667 , 43.53519 , "IT Radar fixe IT 50"
12.40414 , 43.10272 , "IT Radar fixe IT 50"
11.4887 , 43.60402 , "IT Radar fixe IT 50"
13.50328 , 43.23672 , "IT Radar fixe IT 50"
15.20094 , 37.77759 , "IT Radar fixe IT 50"
10.18594 , 45.45948 , "IT Radar fixe IT 50"
10.57452 , 43.66592 , "IT Radar fixe IT 50"
10.57888 , 43.6864 , "IT Radar fixe IT 50"
12.82909 , 42.71584 , "IT Radar fixe IT 50"
9.40521 , 44.27115 , "IT Radar fixe IT 50"
13.53689 , 43.40323 , "IT Radar fixe IT 50"
13.74102 , 41.24873 , "IT Radar fixe IT 50"
9.96206 , 45.65677 , "IT Radar fixe IT 50"
11.12716 , 43.65143 , "IT Radar fixe IT 50"
12.67998 , 42.83342 , "IT Radar fixe IT 50"
7.8896 , 45.3018 , "IT Radar fixe IT 50"
13.57286 , 43.47263 , "IT Radar fixe IT 50"
15.51799 , 38.12469 , "IT Radar fixe IT 50"
11.39721 , 43.95027 , "IT Radar fixe IT 50"
11.31412 , 43.63708 , "IT Radar fixe IT 50"
14.08402 , 41.41967 , "IT Radar fixe IT 50"
8.2841 , 45.61998 , "IT Radar fixe IT 50"
13.64767 , 43.29086 , "IT Radar fixe IT 50"
18.30273 , 40.20635 , "IT Radar fixe IT 50"
10.60515 , 45.08565 , "IT Radar fixe IT 50"
10.61478 , 43.71079 , "IT Radar fixe IT 50"
13.46903 , 43.13323 , "IT Radar fixe IT 50"
9.33221 , 45.62501 , "IT Radar fixe IT 50"
13.68183 , 43.25623 , "IT Radar fixe IT 50"
13.57245 , 43.18403 , "IT Radar fixe IT 50"
11.1996 , 44.62272 , "IT Radar fixe IT 50"
11.08599 , 43.77821 , "IT Radar fixe IT 50"
12.07708 , 45.60526 , "IT Radar fixe IT 50"
10.19328 , 45.45797 , "IT Radar fixe IT 50"
13.71513 , 43.3112 , "IT Radar fixe IT 50"
13.46343 , 43.22338 , "IT Radar fixe IT 50"
10.51299 , 45.51199 , "IT Radar fixe IT 50"
11.12304 , 43.79811 , "IT Radar fixe IT 50"
12.3941 , 45.72889 , "IT Radar fixe IT 50"
9.93187 , 45.63356 , "IT Radar fixe IT 50"
13.8182 , 42.85502 , "IT Radar fixe IT 50"
10.52316 , 45.81885 , "IT Radar fixe IT 50"
11.22131 , 43.71466 , "IT Radar fixe IT 50"
13.44701 , 43.44989 , "IT Radar fixe IT 50"
10.49689 , 45.39248 , "IT Radar fixe IT 50"
11.8781 , 43.477 , "IT Radar fixe IT 50"
10.78345 , 45.59069 , "IT Radar fixe IT 50"
11.29351 , 43.76708 , "IT Radar fixe IT 50"
11.00972 , 43.72711 , "IT Radar fixe IT 50"
11.23499 , 45.11304 , "IT Radar fixe IT 50"
11.83665 , 43.65335 , "IT Radar fixe IT 50"
13.26261 , 41.68624 , "IT Radar fixe IT 50"
11.35092 , 43.88541 , "IT Radar fixe IT 50"
10.2554 , 44.60406 , "IT Radar fixe IT 50"
10.49853 , 45.52547 , "IT Radar fixe IT 50"
12.68218 , 43.82927 , "IT Radar fixe IT 50"
13.08413 , 42.10175 , "IT Radar fixe IT 50"
11.53047 , 43.86551 , "IT Radar fixe IT 50"
10.39833 , 45.61 , "IT Radar fixe IT 50"
11.72161 , 45.48509 , "IT Radar fixe IT 50"
13.16048 , 43.23013 , "IT Radar fixe IT 50"
12.48673 , 42.74714 , "IT Radar fixe IT 50"
8.86148 , 44.70943 , "IT Radar fixe IT 50"
13.50472 , 42.99197 , "IT Radar fixe IT 50"
13.05798 , 41.43309 , "IT Radar fixe IT 50"
12.03514 , 45.45182 , "IT Radar fixe IT 50"
13.08206 , 42.9357 , "IT Radar fixe IT 50"
8.7065 , 45.9765 , "IT Radar fixe IT 50"
13.6105 , 43.4309 , "IT Radar fixe IT 50"
12.8155 , 42.22007 , "IT Radar fixe IT 50"
11.7763 , 45.67339 , "IT Radar fixe IT 50"
12.3693 , 43.03729 , "IT Radar fixe IT 50"
9.20806 , 45.98138 , "IT Radar fixe IT 50"
10.64046 , 43.04389 , "IT Radar fixe IT 50"
12.84963 , 42.40474 , "IT Radar fixe IT 50"
12.2405 , 45.66014 , "IT Radar fixe IT 50"
13.057 , 43.20645 , "IT Radar fixe IT 50"
9.88595 , 44.12519 , "IT Radar fixe IT 50"
10.47807 , 43.55873 , "IT Radar fixe IT 50"
12.33448 , 42.91954 , "IT Radar fixe IT 50"
13.34978 , 43.26682 , "IT Radar fixe IT 50"
13.27318 , 43.0545 , "IT Radar fixe IT 50"
9.8821 , 44.36719 , "IT Radar fixe IT 50"
11.55892 , 43.52676 , "IT Radar fixe IT 50"
12.40082 , 43.10315 , "IT Radar fixe IT 50"
11.49093 , 43.60037 , "IT Radar fixe IT 50"
13.50331 , 43.23861 , "IT Radar fixe IT 50"
15.20242 , 37.7841 , "IT Radar fixe IT 50"
10.18281 , 45.46078 , "IT Radar fixe IT 50"
10.18019 , 45.46089 , "IT Radar fixe IT 50"
10.58345 , 43.68528 , "IT Radar fixe IT 50"
12.53183 , 42.77437 , "IT Radar fixe IT 50"
9.40797 , 44.27426 , "IT Radar fixe IT 50"
13.53654 , 43.40442 , "IT Radar fixe IT 50"
13.58574 , 41.24923 , "IT Radar fixe IT 50"
9.96245 , 45.65721 , "IT Radar fixe IT 50"
11.15073 , 43.6769 , "IT Radar fixe IT 50"
12.68619 , 42.82152 , "IT Radar fixe IT 50"
7.89022 , 45.29971 , "IT Radar fixe IT 50"
13.34049 , 43.64621 , "IT Radar fixe IT 50"
15.55645 , 38.19015 , "IT Radar fixe IT 50"
11.39933 , 43.95 , "IT Radar fixe IT 50"
11.38339 , 43.59938 , "IT Radar fixe IT 50"
15.22941 , 37.80882 , "IT Radar fixe IT 50"
8.28461 , 45.61729 , "IT Radar fixe IT 50"
13.64488 , 43.29147 , "IT Radar fixe IT 50"
18.30585 , 40.20719 , "IT Radar fixe IT 50"
10.64411 , 45.06183 , "IT Radar fixe IT 50"
10.62744 , 43.7092 , "IT Radar fixe IT 50"
13.47007 , 43.13071 , "IT Radar fixe IT 50"
9.46444 , 45.71153 , "IT Radar fixe IT 50"
13.68233 , 43.24789 , "IT Radar fixe IT 50"
13.47894 , 43.18492 , "IT Radar fixe IT 50"
11.2472 , 44.5747 , "IT Radar fixe IT 50"
11.09074 , 43.8092 , "IT Radar fixe IT 50"
11.9971 , 46.43447 , "IT Radar fixe IT 50"
10.2084 , 45.36747 , "IT Radar fixe IT 50"
13.71635 , 43.32488 , "IT Radar fixe IT 50"
13.68182 , 43.22287 , "IT Radar fixe IT 50"
10.50694 , 45.51654 , "IT Radar fixe IT 50"
11.2136 , 43.7983 , "IT Radar fixe IT 50"
12.67012 , 46.56513 , "IT Radar fixe IT 50"
9.935 , 45.63377 , "IT Radar fixe IT 50"
13.85563 , 43.03603 , "IT Radar fixe IT 50"
10.86512 , 45.43236 , "IT Radar fixe IT 50"
11.24556 , 43.72335 , "IT Radar fixe IT 50"
13.49684 , 43.46186 , "IT Radar fixe IT 50"
10.63997 , 45.39865 , "IT Radar fixe IT 50"
11.80364 , 43.47708 , "IT Radar fixe IT 50"
10.79479 , 45.59974 , "IT Radar fixe IT 50"
11.30025 , 43.77397 , "IT Radar fixe IT 50"
11.02503 , 43.83716 , "IT Radar fixe IT 50"
11.25002 , 45.16475 , "IT Radar fixe IT 50"
11.81435 , 43.69124 , "IT Radar fixe IT 50"
12.57288 , 41.81223 , "IT Radar fixe IT 50"
11.35834 , 43.77158 , "IT Radar fixe IT 50"
10.25599 , 44.60577 , "IT Radar fixe IT 50"
10.5173 , 45.52785 , "IT Radar fixe IT 50"
12.69221 , 43.83617 , "IT Radar fixe IT 50"
11.89283 , 42.26743 , "IT Radar fixe IT 50"
11.54073 , 43.79526 , "IT Radar fixe IT 50"
10.38972 , 45.61012 , "IT Radar fixe IT 50"
11.72588 , 45.48603 , "IT Radar fixe IT 50"
13.18507 , 43.27506 , "IT Radar fixe IT 50"
12.49025 , 42.75108 , "IT Radar fixe IT 50"
9.56464 , 44.29991 , "IT Radar fixe IT 50"
13.64064 , 42.86301 , "IT Radar fixe IT 50"
12.85933 , 41.49755 , "IT Radar fixe IT 50"
12.0382 , 45.1887 , "IT Radar fixe IT 50"
13.08252 , 42.9395 , "IT Radar fixe IT 50"
8.842 , 45.72468 , "IT Radar fixe IT 50"
13.71023 , 43.33543 , "IT Radar fixe IT 50"
12.81527 , 42.22131 , "IT Radar fixe IT 50"
11.78829 , 45.77953 , "IT Radar fixe IT 50"
12.372 , 43.03857 , "IT Radar fixe IT 50"
9.22442 , 45.98284 , "IT Radar fixe IT 50"
10.5796 , 43.04676 , "IT Radar fixe IT 50"
12.85112 , 42.41534 , "IT Radar fixe IT 50"
12.2437 , 45.66992 , "IT Radar fixe IT 50"
13.05736 , 43.20719 , "IT Radar fixe IT 50"
9.93534 , 44.13592 , "IT Radar fixe IT 50"
11.02421 , 43.54568 , "IT Radar fixe IT 50"
12.33707 , 42.91497 , "IT Radar fixe IT 50"
13.35843 , 43.25794 , "IT Radar fixe IT 50"
13.27478 , 43.05113 , "IT Radar fixe IT 50"
9.88344 , 44.39101 , "IT Radar fixe IT 50"
11.55917 , 43.52741 , "IT Radar fixe IT 50"
12.39683 , 43.10404 , "IT Radar fixe IT 50"
10.6155 , 43.67352 , "IT Radar fixe IT 50"
13.50338 , 43.25596 , "IT Radar fixe IT 50"
15.20331 , 37.80135 , "IT Radar fixe IT 50"
15.22935 , 37.80887 , "IT Radar fixe IT 50"
10.17402 , 45.46267 , "IT Radar fixe IT 50"
10.60616 , 43.60821 , "IT Radar fixe IT 50"
12.52938 , 42.77474 , "IT Radar fixe IT 50"
9.42438 , 44.28475 , "IT Radar fixe IT 50"
13.56628 , 43.40799 , "IT Radar fixe IT 50"
13.57917 , 41.25178 , "IT Radar fixe IT 50"
9.98014 , 45.6761 , "IT Radar fixe IT 50"
11.15417 , 43.67361 , "IT Radar fixe IT 50"
13.00211 , 43.07531 , "IT Radar fixe IT 50"
7.89045 , 45.29697 , "IT Radar fixe IT 50"
13.30966 , 43.66371 , "IT Radar fixe IT 50"
15.5723 , 38.23446 , "IT Radar fixe IT 50"
11.41631 , 43.93304 , "IT Radar fixe IT 50"
11.43382 , 43.63868 , "IT Radar fixe IT 50"
15.57393 , 38.23597 , "IT Radar fixe IT 50"
8.28554 , 45.61627 , "IT Radar fixe IT 50"
13.64344 , 43.29271 , "IT Radar fixe IT 50"
18.30651 , 40.20777 , "IT Radar fixe IT 50"
10.73592 , 45.38419 , "IT Radar fixe IT 50"
10.64605 , 43.78859 , "IT Radar fixe IT 50"
13.47449 , 43.14099 , "IT Radar fixe IT 50"
9.45631 , 45.71454 , "IT Radar fixe IT 50"
13.6824 , 43.24748 , "IT Radar fixe IT 50"
13.5743 , 43.18608 , "IT Radar fixe IT 50"
11.32395 , 45.22043 , "IT Radar fixe IT 50"
11.10044 , 43.79433 , "IT Radar fixe IT 50"
12.01747 , 46.40224 , "IT Radar fixe IT 50"
10.21601 , 45.37144 , "IT Radar fixe IT 50"
13.71647 , 43.30362 , "IT Radar fixe IT 50"
13.69613 , 41.51265 , "IT Radar fixe IT 50"
10.52055 , 45.56692 , "IT Radar fixe IT 50"
11.21578 , 43.80494 , "IT Radar fixe IT 50"
12.71499 , 46.57098 , "IT Radar fixe IT 50"
9.93525 , 45.64296 , "IT Radar fixe IT 50"
13.8592 , 43.02353 , "IT Radar fixe IT 50"
10.8983 , 45.43444 , "IT Radar fixe IT 50"
11.32578 , 43.72857 , "IT Radar fixe IT 50"
13.43435 , 43.50293 , "IT Radar fixe IT 50"
10.48403 , 45.40149 , "IT Radar fixe IT 50"
11.82109 , 43.4785 , "IT Radar fixe IT 50"
10.75908 , 45.59997 , "IT Radar fixe IT 50"
11.28642 , 43.774 , "IT Radar fixe IT 50"
11.28013 , 43.80625 , "IT Radar fixe IT 50"
11.25229 , 45.16546 , "IT Radar fixe IT 50"
12.13396 , 43.69191 , "IT Radar fixe IT 50"
12.52805 , 41.91269 , "IT Radar fixe IT 50"
11.36247 , 43.77381 , "IT Radar fixe IT 50"
10.14833 , 45.53944 , "IT Radar fixe IT 50"
10.5037 , 45.52798 , "IT Radar fixe IT 50"
12.79663 , 43.68643 , "IT Radar fixe IT 50"
12.30764 , 42.32897 , "IT Radar fixe IT 50"
7.57811 , 45.07281 , "IT Radar fixe IT 50"
10.80782 , 45.44965 , "IT Radar fixe IT 50"
11.72895 , 45.48749 , "IT Radar fixe IT 50"
13.1859 , 43.27404 , "IT Radar fixe IT 50"
12.50975 , 42.54969 , "IT Radar fixe IT 50"
9.56658 , 44.3053 , "IT Radar fixe IT 50"
13.64173 , 42.85892 , "IT Radar fixe IT 50"
12.54658 , 41.55288 , "IT Radar fixe IT 50"
12.06754 , 44.23968 , "IT Radar fixe IT 50"
13.08354 , 42.94271 , "IT Radar fixe IT 50"
8.93919 , 45.58839 , "IT Radar fixe IT 50"
13.71338 , 43.31158 , "IT Radar fixe IT 50"
12.81563 , 42.22423 , "IT Radar fixe IT 50"
11.79013 , 45.66784 , "IT Radar fixe IT 50"
12.42671 , 43.18013 , "IT Radar fixe IT 50"
9.23115 , 45.23755 , "IT Radar fixe IT 50"
11.54836 , 43.08321 , "IT Radar fixe IT 50"
12.85397 , 42.4147 , "IT Radar fixe IT 50"
12.24379 , 45.60207 , "IT Radar fixe IT 50"
13.08325 , 42.94668 , "IT Radar fixe IT 50"
9.93545 , 44.13599 , "IT Radar fixe IT 50"
11.03025 , 43.54457 , "IT Radar fixe IT 50"
12.3546 , 42.9288 , "IT Radar fixe IT 50"
13.3617 , 43.2774 , "IT Radar fixe IT 50"
13.3589 , 43.16495 , "IT Radar fixe IT 50"
10.2785 , 44.65459 , "IT Radar fixe IT 50"
11.56476 , 43.54864 , "IT Radar fixe IT 50"
12.38102 , 43.11366 , "IT Radar fixe IT 50"
10.67647 , 43.65921 , "IT Radar fixe IT 50"
13.50413 , 43.24269 , "IT Radar fixe IT 50"
13.50539 , 43.25313 , "IT Radar fixe IT 50"
15.21827 , 38.19254 , "IT Radar fixe IT 50"
10.10102 , 45.5052 , "IT Radar fixe IT 50"
10.61514 , 43.67572 , "IT Radar fixe IT 50"
12.69072 , 42.81851 , "IT Radar fixe IT 50"
9.42526 , 44.26421 , "IT Radar fixe IT 50"
13.55047 , 43.40862 , "IT Radar fixe IT 50"
13.58055 , 41.25195 , "IT Radar fixe IT 50"
10.68865 , 43.90391 , "IT Radar fixe IT 50"
11.16366 , 43.61 , "IT Radar fixe IT 50"
13.04176 , 43.08072 , "IT Radar fixe IT 50"
7.89049 , 45.29822 , "IT Radar fixe IT 50"
13.67919 , 43.25824 , "IT Radar fixe IT 50"
15.24011 , 38.23577 , "IT Radar fixe IT 50"
11.43277 , 44.006 , "IT Radar fixe IT 50"
11.44575 , 43.6787 , "IT Radar fixe IT 50"
16.24771 , 39.59499 , "IT Radar fixe IT 50"
8.57798 , 45.95414 , "IT Radar fixe IT 50"
13.68031 , 43.3194 , "IT Radar fixe IT 50"
16.17954 , 41.35339 , "IT Radar fixe IT 50"
10.75805 , 44.60302 , "IT Radar fixe IT 50"
10.66129 , 43.70938 , "IT Radar fixe IT 50"
13.64513 , 43.15142 , "IT Radar fixe IT 50"
9.46251 , 45.71508 , "IT Radar fixe IT 50"
13.68374 , 43.25548 , "IT Radar fixe IT 50"
13.48411 , 43.18694 , "IT Radar fixe IT 50"
11.36972 , 44.59917 , "IT Radar fixe IT 50"
11.10064 , 43.7817 , "IT Radar fixe IT 50"
12.03861 , 46.48583 , "IT Radar fixe IT 50"
10.1673 , 45.4615 , "IT Radar fixe IT 50"
13.71742 , 43.26686 , "IT Radar fixe IT 50"
13.71117 , 41.50559 , "IT Radar fixe IT 50"
10.51724 , 45.56707 , "IT Radar fixe IT 50"
11.14283 , 43.81412 , "IT Radar fixe IT 50"
13.48007 , 43.18488 , "IT Radar fixe IT 50"
9.93531 , 45.64368 , "IT Radar fixe IT 50"
13.86133 , 43.01971 , "IT Radar fixe IT 50"
10.89952 , 45.4347 , "IT Radar fixe IT 50"
11.30543 , 43.73236 , "IT Radar fixe IT 50"
13.49798 , 43.51773 , "IT Radar fixe IT 50"
10.6263 , 45.40924 , "IT Radar fixe IT 50"
11.75643 , 43.48314 , "IT Radar fixe IT 50"
10.76325 , 45.60053 , "IT Radar fixe IT 50"
11.2697 , 43.77576 , "IT Radar fixe IT 50"
11.30998 , 43.80808 , "IT Radar fixe IT 50"
10.85818 , 45.47324 , "IT Radar fixe IT 50"
11.81661 , 43.69874 , "IT Radar fixe IT 50"
12.20128 , 41.91535 , "IT Radar fixe IT 50"
11.38576 , 43.79253 , "IT Radar fixe IT 50"
10.13861 , 45.545 , "IT Radar fixe IT 50"
10.51278 , 45.52858 , "IT Radar fixe IT 50"
12.79804 , 43.68716 , "IT Radar fixe IT 50"
12.44186 , 42.377 , "IT Radar fixe IT 50"
7.59324 , 44.95667 , "IT Radar fixe IT 50"
10.55308 , 45.54231 , "IT Radar fixe IT 50"
11.73175 , 45.48751 , "IT Radar fixe IT 50"
13.19025 , 43.2285 , "IT Radar fixe IT 50"
12.51073 , 42.5493 , "IT Radar fixe IT 50"
9.59554 , 44.37786 , "IT Radar fixe IT 50"
12.49257 , 43.87172 , "IT Radar fixe IT 50"
12.52916 , 41.57425 , "IT Radar fixe IT 50"
12.1656 , 44.79509 , "IT Radar fixe IT 50"
13.36516 , 42.76194 , "IT Radar fixe IT 50"
8.94847 , 45.58224 , "IT Radar fixe IT 50"
13.73674 , 43.29592 , "IT Radar fixe IT 50"
12.54056 , 42.27583 , "IT Radar fixe IT 50"
11.80618 , 45.65239 , "IT Radar fixe IT 50"
12.42698 , 43.18337 , "IT Radar fixe IT 50"
9.23755 , 45.99103 , "IT Radar fixe IT 50"
11.46535 , 43.16809 , "IT Radar fixe IT 50"
12.86392 , 42.40604 , "IT Radar fixe IT 50"
12.24934 , 45.91635 , "IT Radar fixe IT 50"
13.23843 , 43.16009 , "IT Radar fixe IT 50"
9.93031 , 44.1394 , "IT Radar fixe IT 50"
11.14118 , 43.5773 , "IT Radar fixe IT 50"
12.35673 , 42.93108 , "IT Radar fixe IT 50"
13.36344 , 43.26773 , "IT Radar fixe IT 50"
13.36122 , 43.16697 , "IT Radar fixe IT 50"
10.28044 , 44.65893 , "IT Radar fixe IT 50"
11.56946 , 43.54675 , "IT Radar fixe IT 50"
12.38094 , 43.11441 , "IT Radar fixe IT 50"
10.68142 , 43.66044 , "IT Radar fixe IT 50"
13.50591 , 43.276 , "IT Radar fixe IT 50"
15.22476 , 38.20135 , "IT Radar fixe IT 50"
10.10671 , 45.50776 , "IT Radar fixe IT 50"
10.61514 , 43.6769 , "IT Radar fixe IT 50"
12.53514 , 43.12513 , "IT Radar fixe IT 50"
9.96727 , 44.22618 , "IT Radar fixe IT 50"
13.56983 , 43.40949 , "IT Radar fixe IT 50"
13.70321 , 41.2577 , "IT Radar fixe IT 50"
11.12119 , 43.91176 , "IT Radar fixe IT 50"
11.16616 , 43.69201 , "IT Radar fixe IT 50"
13.04471 , 43.08561 , "IT Radar fixe IT 50"
8.63444 , 45.49877 , "IT Radar fixe IT 50"
13.66096 , 43.26933 , "IT Radar fixe IT 50"
17.10815 , 39.31347 , "IT Radar fixe IT 50"
11.43585 , 44.12252 , "IT Radar fixe IT 50"
11.45129 , 43.64521 , "IT Radar fixe IT 50"
18.19501 , 40.31679 , "IT Radar fixe IT 50"
8.57914 , 45.9499 , "IT Radar fixe IT 50"
13.63154 , 43.32107 , "IT Radar fixe IT 50"
16.12783 , 41.3858 , "IT Radar fixe IT 50"
10.7921 , 45.19859 , "IT Radar fixe IT 50"
10.75709 , 43.75716 , "IT Radar fixe IT 50"
13.76333 , 42.80001 , "IT Radar fixe IT 50"
9.45651 , 45.7156 , "IT Radar fixe IT 50"
13.68644 , 43.25622 , "IT Radar fixe IT 50"
13.57545 , 43.18713 , "IT Radar fixe IT 50"
11.55234 , 44.25476 , "IT Radar fixe IT 50"
11.2197 , 43.69573 , "IT Radar fixe IT 50"
12.04463 , 46.48564 , "IT Radar fixe IT 50"
9.9769 , 45.47583 , "IT Radar fixe IT 50"
13.71772 , 43.31915 , "IT Radar fixe IT 50"
13.7188 , 43.21044 , "IT Radar fixe IT 50"
10.51358 , 45.56719 , "IT Radar fixe IT 50"
11.19216 , 43.82246 , "IT Radar fixe IT 50"
13.4905 , 43.39703 , "IT Radar fixe IT 50"
9.95871 , 45.67065 , "IT Radar fixe IT 50"
13.86638 , 42.67119 , "IT Radar fixe IT 50"
10.97766 , 45.43661 , "IT Radar fixe IT 50"
11.2306 , 43.74727 , "IT Radar fixe IT 50"
13.4979 , 43.51985 , "IT Radar fixe IT 50"
10.62702 , 45.40009 , "IT Radar fixe IT 50"
11.83058 , 43.49674 , "IT Radar fixe IT 50"
10.82284 , 45.61858 , "IT Radar fixe IT 50"
11.26644 , 43.77916 , "IT Radar fixe IT 50"
11.28658 , 43.81259 , "IT Radar fixe IT 50"
10.86231 , 45.42928 , "IT Radar fixe IT 50"
12.18165 , 43.7096 , "IT Radar fixe IT 50"
12.20079 , 41.91542 , "IT Radar fixe IT 50"
11.38631 , 43.79264 , "IT Radar fixe IT 50"
9.9313 , 45.63069 , "IT Radar fixe IT 50"
10.50272 , 45.56201 , "IT Radar fixe IT 50"
12.79909 , 43.87606 , "IT Radar fixe IT 50"
12.90616 , 42.38338 , "IT Radar fixe IT 50"
7.59718 , 45.0736 , "IT Radar fixe IT 50"
10.55865 , 45.55428 , "IT Radar fixe IT 50"
11.73396 , 45.48789 , "IT Radar fixe IT 50"
13.19479 , 43.22944 , "IT Radar fixe IT 50"
12.51174 , 42.54876 , "IT Radar fixe IT 50"
9.71801 , 44.22735 , "IT Radar fixe IT 50"
12.98551 , 43.32047 , "IT Radar fixe IT 50"
12.5009 , 41.60935 , "IT Radar fixe IT 50"
12.16566 , 44.79461 , "IT Radar fixe IT 50"
13.38787 , 42.76316 , "IT Radar fixe IT 50"
9.1188 , 45.43685 , "IT Radar fixe IT 50"
9.15215 , 39.19577 , "IT Radar fixe IT 50"
12.95619 , 42.35495 , "IT Radar fixe IT 50"
12.01074 , 45.46296 , "IT Radar fixe IT 50"
12.42738 , 43.19025 , "IT Radar fixe IT 50"
9.4262 , 46.1648 , "IT Radar fixe IT 50"
11.24986 , 43.27348 , "IT Radar fixe IT 50"
12.86508 , 42.41867 , "IT Radar fixe IT 50"
12.2543 , 45.6637 , "IT Radar fixe IT 50"
13.24019 , 43.16163 , "IT Radar fixe IT 50"
9.92944 , 44.13972 , "IT Radar fixe IT 50"
11.17518 , 43.54594 , "IT Radar fixe IT 50"
12.35862 , 42.93317 , "IT Radar fixe IT 50"
13.37103 , 43.24085 , "IT Radar fixe IT 50"
13.37205 , 43.1161 , "IT Radar fixe IT 50"
10.28658 , 44.67505 , "IT Radar fixe IT 50"
11.57618 , 43.51969 , "IT Radar fixe IT 50"
12.67472 , 42.55324 , "IT Radar fixe IT 50"
10.74694 , 43.68831 , "IT Radar fixe IT 50"
