"user","email","join","country"
"Duncan L. Richmond","pede.Cras@Fuscealiquamenim.net","02/07/2016","India"
"Xantha H. Montoya","velit.in.aliquet@Nuncut.com","09/21/2015","Bolivia"
"Shad J. Pennington","id@velitjusto.ca","10/17/2015","Puerto Rico"
"Melanie K. Miller","risus.Morbi.metus@nunc.co.uk","04/22/2017","Belgium"
"Desirae E. George","pede.Cras.vulputate@Duis.ca","11/17/2016","Mauritania"
"Kitra H. Lara","eu@Curabitur.edu","11/25/2016","Martinique"
"Rhoda V. Robinson","risus@velit.co.uk","03/21/2017","Dominican Republic"
"Otto L. Carson","Duis.a@etmagnisdis.co.uk","07/27/2015","Jordan"
"Aurora A. Little","rhoncus.Proin.nisl@sodalesMauris.co.uk","04/20/2017","Comoros"
"Uriel O. Mclaughlin","Vivamus.sit@ultricesposuere.net","06/08/2015","Syria"
"Driscoll F. Banks","lacinia.vitae@hymenaeosMauris.net","10/15/2015","Brazil"
"Rae T. Dawson","Curae.Phasellus@portaelita.edu","04/12/2016","Ireland"
"Yuli C. Lara","lacinia.vitae@amalesuada.com","07/18/2015","Korea, North"
"Jacqueline H. Clemons","augue@musAenean.net","08/25/2015","Argentina"
"Anjolie C. Young","mollis.Phasellus@Vivamus.edu","12/21/2016","Antarctica"
"Lev S. Merrill","natoque.penatibus@enim.edu","12/05/2015","Dominica"
"Penelope M. Bray","elit.pretium@adipiscing.ca","09/20/2015","China"
"Peter U. Carpenter","sit.amet@turpisegestas.net","10/25/2015","French Polynesia"
"Montana M. Alvarez","eu@tempusloremfringilla.edu","07/26/2015","Grenada"
"Blaze I. Tillman","at.velit.Pellentesque@vitae.net","10/27/2015","Guadeloupe"
"Sloane R. Puckett","ac@nonsollicitudin.org","06/25/2016","Swaziland"
"Haviva P. Stout","nisi.magna.sed@Integer.org","05/28/2015","Samoa"
"Nichole Z. Williams","mattis.velit.justo@luctus.co.uk","08/10/2015","Singapore"
"Leslie A. Briggs","felis.eget@Nullamutnisi.org","04/17/2017","Svalbard and Jan Mayen Islands"
"Sarah G. Ochoa","imperdiet.erat@in.ca","01/23/2017","Cocos (Keeling) Islands"
"Hasad O. Yates","et.magna.Praesent@in.edu","04/30/2017","Bahamas"
"Rose M. Mathews","vulputate.posuere@dolortempusnon.org","05/14/2015","Wallis and Futuna"
"Meghan C. Banks","lectus@Maecenasmi.edu","08/07/2016","Ethiopia"
"Dorian C. Blevins","augue.id.ante@ornare.co.uk","08/14/2015","Turkmenistan"
"Maisie H. Osborne","pellentesque@sitamet.net","11/09/2015","Nigeria"
"Delilah E. Anderson","egestas.nunc.sed@aliquetPhasellusfermentum.net","08/24/2015","Portugal"
"Drew N. Stafford","in@dignissim.net","08/28/2015","Tonga"
"Cooper L. Curry","malesuada.id@gravida.edu","03/20/2016","Tonga"
"Christopher J. Owen","vitae.semper@Donecconsectetuermauris.co.uk","05/10/2015","Latvia"
"Colorado M. Obrien","vitae.nibh@lectuspede.edu","12/05/2016","Malaysia"
"Wing Q. Long","pellentesque.massa.lobortis@vitaeposuereat.com","08/14/2015","Cuba"
"Beatrice B. Vaughan","mauris@nonummyFuscefermentum.net","02/13/2017","Mali"
"Boris W. Cohen","nulla@blandit.com","01/27/2016","Svalbard and Jan Mayen Islands"
"Ivana M. Clark","semper.egestas.urna@dolorQuisque.ca","12/30/2015","Mozambique"
"Celeste M. Blackwell","velit.Aliquam@sociis.ca","09/16/2015","Lithuania"
"Sylvester S. Ray","at@nonummyac.com","11/24/2016","Mauritania"
"Cassady A. Wong","nunc.sed@non.co.uk","05/10/2015","South Georgia and The South Sandwich Islands"
"Grant Z. Shaffer","orci@duinec.co.uk","06/15/2015","Saint Vincent and The Grenadines"
"Ainsley I. Delacruz","placerat.Cras.dictum@nullaat.net","06/17/2015","Comoros"
"Indigo W. Key","non@nibhPhasellusnulla.co.uk","03/05/2017","Curaçao"
"Quon Y. Pennington","consequat@dictumPhasellusin.edu","01/12/2016","Malaysia"
"Rana B. Ellis","Mauris@posuerevulputate.edu","11/17/2015","Grenada"
"Thaddeus V. Gray","eu@fringilla.org","09/07/2016","Chad"
"Zeus S. Hughes","tempus@Sedid.co.uk","01/30/2017","Macedonia"
"Price F. Emerson","dolor@massa.edu","02/12/2017","Ecuador"
"Adele P. Rodgers","nunc@nonleoVivamus.edu","10/18/2016","Turks and Caicos Islands"
"Sebastian W. Ewing","velit.eu.sem@augueporttitor.net","08/23/2016","Georgia"
"Signe C. Mayer","ultricies@pellentesqueeget.co.uk","05/14/2015","Mauritius"
"Alvin H. Briggs","nec@at.ca","11/15/2015","Saint Lucia"
"Amery X. Kirkland","mauris@Sednunc.com","12/08/2016","Guatemala"
"Yoshio R. Coffey","vitae@sitamet.ca","12/22/2016","Pitcairn Islands"
"Allegra X. Vasquez","porttitor@rutrumFusce.com","09/18/2016","Aruba"
"Carl T. Hall","diam@anteNuncmauris.edu","12/01/2016","San Marino"
"Myles Y. Foster","massa@maurisblanditmattis.ca","01/01/2017","Marshall Islands"
"Sybil T. Cohen","lorem.ut.aliquam@afeugiattellus.org","06/21/2016","Burkina Faso"
"Maile J. Moss","ante@nislsemconsequat.co.uk","04/07/2016","Nigeria"
"Hilel U. Dunlap","morbi.tristique@ultrices.ca","03/03/2016","Saint Vincent and The Grenadines"
"Halla T. Klein","elit@adlitoratorquent.org","10/23/2016","Cayman Islands"
"Tucker E. Cohen","pede.Praesent@variusNam.org","02/10/2016","Svalbard and Jan Mayen Islands"
"Daquan G. Taylor","tortor@Donec.ca","02/01/2016","Malta"
"Desiree V. Webb","arcu.ac@In.edu","11/01/2016","Georgia"
"Patricia Z. Fitzgerald","mauris@accumsansed.com","09/01/2016","Brunei"
"Ayanna H. Hurley","nunc@Suspendisse.com","02/01/2016","Korea, North"
"Jakeem L. Yates","ridiculus.mus@Loremipsum.net","05/14/2016","Zimbabwe"
"Karen C. Dyer","Phasellus.libero@Nuncmauris.net","03/15/2017","Oman"
"Denton Z. Stephens","Suspendisse.aliquet@a.co.uk","01/18/2017","Australia"
"Noelani Q. Atkins","ipsum.cursus.vestibulum@antedictumcursus.ca","06/07/2015","Greece"
"Janna G. Branch","facilisis@Nunc.com","10/09/2016","Zambia"
"Sopoline Y. Scott","neque.Morbi@dolorDonec.org","06/15/2015","United States Minor Outlying Islands"
"Ulric V. Frederick","Nam@eueros.net","07/17/2016","Bosnia and Herzegovina"
"Sophia Y. Reilly","sagittis.lobortis.mauris@loremsitamet.edu","06/02/2015","Slovakia"
"Emi Q. Mercer","at@variusNam.ca","01/24/2016","Nauru"
"Xyla S. Stuart","penatibus@Proinvelit.ca","09/21/2016","Svalbard and Jan Mayen Islands"
"Graiden Z. Hardy","et.magnis@porttitoreros.com","01/29/2017","Lebanon"
"Amena A. Sampson","sed.facilisis.vitae@pellentesquemassalobortis.org","10/17/2015","Uzbekistan"
"Sharon X. Meadows","libero.at@euenim.edu","02/14/2016","Uganda"
"Paloma M. Crawford","vitae.velit.egestas@Cumsociis.com","01/25/2017","Canada"
"Briar O. Martinez","odio@arcu.net","05/29/2016","French Guiana"
"Malik Y. Weiss","velit.Sed.malesuada@pede.ca","11/25/2015","Faroe Islands"
"Shellie L. Morrow","fringilla.euismod.enim@sit.org","05/17/2016","Tonga"
"Cailin Q. Griffin","eros.Nam@ante.org","08/09/2015","Ireland"
"Murphy J. Nichols","semper.et@amet.edu","06/05/2016","Vanuatu"
"Dora B. Edwards","Quisque.imperdiet@posuere.com","02/13/2017","Kazakhstan"
"Lysandra P. Reeves","molestie.in@adipiscing.edu","06/15/2015","Faroe Islands"
"Nathan K. Porter","erat@Integerid.ca","06/02/2015","Chile"
"Gavin M. Vance","mus.Proin@sedpedenec.ca","09/26/2016","Finland"
"Oprah P. Whitney","euismod@risusDonecnibh.com","08/08/2015","Burkina Faso"
"Ishmael T. Mcfarland","Donec.luctus@musAeneaneget.edu","02/15/2016","Finland"
"Doris B. Wong","diam.Proin@vitaeorci.org","12/15/2016","Cambodia"
"Charity S. Mercado","egestas@mattisInteger.edu","07/20/2016","Curaçao"
"Kenyon O. Moses","Mauris.eu@odioPhasellus.ca","11/10/2015","Guadeloupe"
